target_url,source_list_dap_2
tools.usps.com,TRUE
pubmed.ncbi.nlm.nih.gov,TRUE
informeddelivery.usps.com,TRUE
pmc.ncbi.nlm.nih.gov,TRUE
studentaid.gov,TRUE
secure.login.gov,TRUE
va.gov,TRUE
usps.com,TRUE
forecast.weather.gov,TRUE
pubchem.ncbi.nlm.nih.gov,TRUE
ncbi.nlm.nih.gov,TRUE
irs.gov,TRUE
nhc.noaa.gov,TRUE
radar.weather.gov,TRUE
va.gov,TRUE
usajobs.gov,TRUE
sam.gov,TRUE
ssa.gov,TRUE
secure.ssa.gov,TRUE
myaccount.uscis.gov,TRUE
egov.uscis.gov,TRUE
clinicaltrials.gov,TRUE
weather.gov,TRUE
earthquake.usgs.gov,TRUE
cdc.gov,TRUE
travel.state.gov,TRUE
nps.gov,TRUE
medicare.gov,TRUE
esta.cbp.dhs.gov,TRUE
sec.gov,TRUE
catalog.archives.gov,TRUE
uscis.gov,TRUE
cns.usps.com,TRUE
usajobs.gov,TRUE
store.usps.com,TRUE
science.nasa.gov,TRUE
justice.gov,TRUE
fda.gov,TRUE
blast.ncbi.nlm.nih.gov,TRUE
ais.usvisa-info.com,TRUE
ttp.cbp.dhs.gov,TRUE
medlineplus.gov,TRUE
nsopw.gov,TRUE
acis.eoir.justice.gov,TRUE
nasa.gov,TRUE
bls.gov,TRUE
reg.usps.com,TRUE
tsp.gov,TRUE
i94.cbp.dhs.gov,TRUE
war.gov,TRUE
medicare.gov,TRUE
dea.gov,TRUE
spc.noaa.gov,TRUE
ustraveldocs.com,TRUE
portal.cms.gov,TRUE
careeronestop.org,TRUE
tsdr.uspto.gov,TRUE
accessdata.fda.gov,TRUE
urs.earthdata.nasa.gov,TRUE
ofac.treasury.gov,TRUE
apps-sefsc.fisheries.noaa.gov,TRUE
ecfr.gov,TRUE
fbi.gov,TRUE
about.usps.com,TRUE
aviationweather.gov,TRUE
cms.gov,TRUE
login.gov,TRUE
tsa.gov,TRUE
opm.gov,TRUE
consumerfinance.gov,TRUE
epa.gov,TRUE
osha.gov,TRUE
treasurydirect.gov,TRUE
my.uscis.gov,TRUE
ssa.gov,TRUE
faq.usps.com,TRUE
federalregister.gov,TRUE
usa.gov,TRUE
worldview.earthdata.nasa.gov,TRUE
waterdata.usgs.gov,TRUE
usgs.gov,TRUE
star.nesdis.noaa.gov,TRUE
lending.sba.gov,TRUE
archives.gov,TRUE
home.treasury.gov,TRUE
apod.nasa.gov,TRUE
cbp.gov,TRUE
preview-forecast.weather.gov,TRUE
ncei.noaa.gov,TRUE
exclusions.oig.hhs.gov,TRUE
fdc.nal.usda.gov,TRUE
energy.gov,TRUE
openi.nlm.nih.gov,TRUE
nhtsa.gov,TRUE
gsa.gov,TRUE
dailymed.nlm.nih.gov,TRUE
gsaadvantage.gov,TRUE
dol.gov,TRUE
faa.gov,TRUE
healthcare.gov,TRUE
fs.usda.gov,TRUE
pay.gov,TRUE
uspto.gov,TRUE
postcalc.usps.com,TRUE
noaa.gov,TRUE
tsaenrollmentbyidemia.tsa.dhs.gov,TRUE
webbook.nist.gov,TRUE
ftc.gov,TRUE
army.mil,TRUE
census.gov,TRUE
data.census.gov,TRUE
preview.ncbi.nlm.nih.gov,TRUE
eric.ed.gov,TRUE
cancer.gov,TRUE
marine.weather.gov,TRUE
state.gov,TRUE
training.fema.gov,TRUE
fdic.gov,TRUE
heasarc.gsfc.nasa.gov,TRUE
usaspending.gov,TRUE
donotcall.gov,TRUE
tidesandcurrents.noaa.gov,TRUE
holdmail.usps.com,TRUE
gsaauctions.gov,TRUE
dhs.gov,TRUE
ipps-a.army.mil,TRUE
eyes.nasa.gov,TRUE
search.usa.gov,TRUE
nist.gov,TRUE
hhs.gov,TRUE
tsaprecheckbyclear.tsa.dhs.gov,TRUE
spaceplace.nasa.gov,TRUE
vsearch.nlm.nih.gov,TRUE
code.usgs.gov,TRUE
m.usps.com,TRUE
nhlbi.nih.gov,TRUE
airnow.gov,TRUE
cisa.gov,TRUE
ndbc.noaa.gov,TRUE
seasonaljobs.dol.gov,TRUE
hud.gov,TRUE
fws.gov,TRUE
ice.gov,TRUE
cpsc.gov,TRUE
armypubs.army.mil,TRUE
mynavyhr.navy.mil,TRUE
reporter.nih.gov,TRUE
fema.gov,TRUE
tricare.mil,TRUE
regulations.gov,TRUE
nsf.gov,TRUE
search.earthdata.nasa.gov,TRUE
data.cms.gov,TRUE
usda.gov,TRUE
seer.cancer.gov,TRUE
regulations.gov,TRUE
fmcsa.dot.gov,TRUE
ntrs.nasa.gov,TRUE
water.noaa.gov,TRUE
data.bls.gov,TRUE
cmr.earthdata.nasa.gov,TRUE
nesdis.noaa.gov,TRUE
niddk.nih.gov,TRUE
acquisition.gov,TRUE
ttp.dhs.gov,TRUE
fna.usda.gov,TRUE
careers.cbp.gov,TRUE
trademarkcenter.uspto.gov,TRUE
flag.dol.gov,TRUE
ecfr.gov,TRUE
sba.gov,TRUE
benefeds.gov,TRUE
gsaadvantage.gov,TRUE
plus.nasa.gov,TRUE
gateway.usps.com,TRUE
spaceweather.gov,TRUE
identitytheft.gov,TRUE
aphis.usda.gov,TRUE
eeoc.gov,TRUE
uscourts.gov,TRUE
simpler.grants.gov,TRUE
history.state.gov,TRUE
my.navy.mil,TRUE
fec.gov,TRUE
dfas.mil,TRUE
ed.gov,TRUE
grants.nih.gov,TRUE
census.gov,TRUE
statecancerprofiles.cancer.gov,TRUE
thinkculturalhealth.hhs.gov,TRUE
trade.gov,TRUE
data.uspto.gov,TRUE
home.army.mil,TRUE
tsaprecheckbytelos.tsa.dhs.gov,TRUE
nhtsa.gov,TRUE
elibrary.ferc.gov,TRUE
iprs.cbp.gov,TRUE
metoc.navy.mil,TRUE
register.clinicaltrials.gov,TRUE
access.fda.gov,TRUE
msc.fema.gov,TRUE
signin.usastaffing.gov,TRUE
securityawareness.dcsa.mil,TRUE
blm.gov,TRUE
account.ncbi.nlm.nih.gov,TRUE
gml.noaa.gov,TRUE
osti.gov,TRUE
fsis.usda.gov,TRUE
itis.gov,TRUE
fas.usda.gov,TRUE
fueleconomy.gov,TRUE
nih.gov,TRUE
grants.gov,TRUE
trace.ncbi.nlm.nih.gov,TRUE
sandia.gov,TRUE
marines.mil,TRUE
direct.fda.gov,TRUE
search.nal.usda.gov,TRUE
huduser.gov,TRUE
globaldossier.uspto.gov,TRUE
hts.usitc.gov,TRUE
stemgateway.nasa.gov,TRUE
ebuy.gsa.gov,TRUE
af.mil,TRUE
my.americorps.gov,TRUE
travel.dod.mil,TRUE
samhsa.gov,TRUE
airnow.gov,TRUE
tsa.gov,TRUE
gsaauctions.gov,TRUE
pmc-ncbi-nlm-nih-gov.translate.goog,TRUE
cfo.usps.com,TRUE
publicportal.eeoc.gov,TRUE
gispub.epa.gov,TRUE
e-verify.gov,TRUE
csrc.nist.gov,TRUE
consumer.ftc.gov,TRUE
poboxes.usps.com,TRUE
fisheries.noaa.gov,TRUE
genome.gov,TRUE
odphp.health.gov,TRUE
rd.usda.gov,TRUE
nrc.gov,TRUE
peacecorps.gov,TRUE
pubs.usgs.gov,TRUE
nimh.nih.gov,TRUE
founders.archives.gov,TRUE
news.va.gov,TRUE
health.mil,TRUE
echo.epa.gov,TRUE
ers.cr.usgs.gov,TRUE
evsexplore.semantics.cancer.gov,TRUE
search.cdc.gov,TRUE
portfoliomanager.energystar.gov,TRUE
dtops.cbp.dhs.gov,TRUE
nlrb.gov,TRUE
pe.usps.com,TRUE
oceanservice.noaa.gov,TRUE
reportfraud.ftc.gov,TRUE
disasterassistance.gov,TRUE
transportation.gov,TRUE
eqrs.cms.gov,TRUE
usvisaappt.com,TRUE
safetyact.gov,TRUE
submit.ncbi.nlm.nih.gov,TRUE
hero.epa.gov,TRUE
weather.ndc.nasa.gov,TRUE
dla.mil,TRUE
hudexchange.info,TRUE
ttbonline.gov,TRUE
wwwnc.cdc.gov,TRUE
militaryonesource.mil,TRUE
usitc.gov,TRUE
hudhomestore.gov,TRUE
bea.gov,TRUE
marketplace.gsafleet.gov,TRUE
nhc.noaa.gov,TRUE
research.gov,TRUE
portal.cms.cmsnet,TRUE
images.nasa.gov,TRUE
banks.data.fdic.gov,TRUE
ods.od.nih.gov,TRUE
ngmdb.usgs.gov,TRUE
cftc.gov,TRUE
ecomp.dol.gov,TRUE
firms.modaps.eosdis.nasa.gov,TRUE
nia.nih.gov,TRUE
occ.gov,TRUE
ojp.gov,TRUE
choose.va.gov,TRUE
portal.usaccess.gsa.gov,TRUE
bwt.cbp.gov,TRUE
idcfars.bls.gov,TRUE
usmarshals.gov,TRUE
evus.gov,TRUE
usembassy.gov,TRUE
onlineclaims.usps.com,TRUE
identitytheft.gov,TRUE
sss.gov,TRUE
nces.ed.gov,TRUE
cfpub.epa.gov,TRUE
healthcare.gov,TRUE
amc.af.mil,TRUE
mytravel.state.gov,TRUE
fec.gov,TRUE
nlm.nih.gov,TRUE
atf.gov,TRUE
usvisaappt.com,TRUE
employeeexpress.gov,TRUE
qpp.cms.gov,TRUE
dcsa.mil,TRUE
fdanj.nlm.nih.gov,TRUE
id.nlm.nih.gov,TRUE
nida.nih.gov,TRUE
wwwn.cdc.gov,TRUE
earthdata.nasa.gov,TRUE
history.navy.mil,TRUE
collegescorecard.ed.gov,TRUE
owcpconnect.dol.gov,TRUE
g-cnmi-eta.cbp.dhs.gov,TRUE
legacy.sba.gov,TRUE
support.nlm.nih.gov,TRUE
headstart.gov,TRUE
medicaid.gov,TRUE
myhealth.va.gov,TRUE
fdrlibrary.org,TRUE
doi.gov,TRUE
ebuy.gsa.gov,TRUE
acf.gov,TRUE
reginfo.gov,TRUE
nco.ncep.noaa.gov,TRUE
benefeds.gov,TRUE
ncei.noaa.gov,TRUE
myeverify.uscis.gov,TRUE
ninds.nih.gov,TRUE
cacb.uscourts.gov,TRUE
uspsoperationsanta.com,TRUE
osti.gov,TRUE
ornl.gov,TRUE
ahrq.gov,TRUE
ladsweb.modaps.eosdis.nasa.gov,TRUE
store.usgs.gov,TRUE
therealcost.betobaccofree.hhs.gov,TRUE
mx.usembassy.gov,TRUE
e-publishing.af.mil,TRUE
servicesonline.opm.gov,TRUE
passportappointment.travel.state.gov,TRUE
obamawhitehouse.archives.gov,TRUE
collections.nlm.nih.gov,TRUE
fsafeds.gov,TRUE
auth.nih.gov,TRUE
founders3.upress.virginia.edu,TRUE
vacareers.va.gov,TRUE
cdx.epa.gov,TRUE
meshb.nlm.nih.gov,TRUE
fire.airnow.gov,TRUE
wpc.ncep.noaa.gov,TRUE
apprenticeship.gov,TRUE
jpl.nasa.gov,TRUE
ready.gov,TRUE
allowances.state.gov,TRUE
benefits.va.gov,TRUE
report.nih.gov,TRUE
yosemite.epa.gov,TRUE
fsa.usda.gov,TRUE
energystar.gov,TRUE
apply.fbijobs.gov,TRUE
navy.mil,TRUE
goes.noaa.gov,TRUE
fincen.gov,TRUE
wonder.cdc.gov,TRUE
jfk.artifacts.archives.gov,TRUE
mobile.va.gov,TRUE
womenshealth.gov,TRUE
netdmr.epa.gov,TRUE
cdse.edu,TRUE
nrcs.usda.gov,TRUE
help.cbp.gov,TRUE
mycg.uscg.mil,TRUE
earthexplorer.usgs.gov,TRUE
comptox.epa.gov,TRUE
cms.gov,TRUE
ers.usda.gov,TRUE
secretservice.gov,TRUE
usaspending.gov,TRUE
tsunami.gov,TRUE
pbgc.gov,TRUE
gsafleet.gov,TRUE
eric.ed.gov.qipservices.com,TRUE
plants.sc.egov.usda.gov,TRUE
wildhorsesonline.blm.gov,TRUE
search.justice.gov,TRUE
ams.usda.gov,TRUE
idp.int.identitysandbox.gov,TRUE
dataprivacyframework.gov,TRUE
reagan.artifacts.archives.gov,TRUE
health-benefits.opm.gov,TRUE
research.fs.usda.gov,TRUE
fiscal.treasury.gov,TRUE
hysplitbbs.arl.noaa.gov,TRUE
es-tools.usps.com,TRUE
effectivehealthcare.ahrq.gov,TRUE
fbijobs.gov,TRUE
hrsa.gov,TRUE
public.era.nih.gov,TRUE
globe.gov,TRUE
weather.gov,TRUE
sanctionslist.ofac.treas.gov,TRUE
ars.usda.gov,TRUE
missingmail.usps.com,TRUE
nspires.nasaprs.com,TRUE
dcma.mil,TRUE
nccih.nih.gov,TRUE
spouseworks.militaryonesource.mil,TRUE
ppms.gov,TRUE
gsaelibrary.gsa.gov,TRUE
ready.noaa.gov,TRUE
mymarketnews.ams.usda.gov,TRUE
patentsgazette.uspto.gov,TRUE
fhwa.dot.gov,TRUE
uspreventiveservicestaskforce.org,TRUE
nal.usda.gov,TRUE
ordspub.epa.gov,TRUE
docline.gov,TRUE
sewp.nasa.gov,TRUE
intranet.hhs.gov,TRUE
ncua.gov,TRUE
lbj.artifacts.archives.gov,TRUE
ncbi.nlm.nih.gov,TRUE
nas.er.usgs.gov,TRUE
testpubchem.ncbi.nlm.nih.gov,TRUE
bie.edu,TRUE
evus.gov,TRUE
ferc.gov,TRUE
grantee.fema.gov,TRUE
department.va.gov,TRUE
harp.cms.gov,TRUE
esd.whs.mil,TRUE
ada.gov,TRUE
eprr.lanl.gov,TRUE
svs.gsfc.nasa.gov,TRUE
mlrs.blm.gov,TRUE
installations.militaryonesource.mil,TRUE
2009-2017.state.gov,TRUE
phmsa.dot.gov,TRUE
graphical.weather.gov,TRUE
home.nps.gov,TRUE
usps.com,TRUE
bush41library.gov,TRUE
fiscaldata.treasury.gov,TRUE
127.0.0.1,TRUE
openpaymentsdata.cms.gov,TRUE
par.nsf.gov,TRUE
ford.artifacts.archives.gov,TRUE
afdc.energy.gov,TRUE
kinetics.nist.gov,TRUE
usaperformance.opm.gov,TRUE
data.nasa.gov,TRUE
psl.noaa.gov,TRUE
obama.artifacts.archives.gov,TRUE
oge.gov,TRUE
nps.gov,TRUE
eol.jsc.nasa.gov,TRUE
asc.gov,TRUE
uscis.gov,TRUE
ocrcas.ed.gov,TRUE
nepis.epa.gov,TRUE
search.ssa.gov,TRUE
famauth.wildfire.gov,TRUE
nsa.gov,TRUE
ies.ed.gov,TRUE
rpki-monitor.antd.nist.gov,TRUE
gis.cdc.gov,TRUE
niams.nih.gov,TRUE
afpc.af.mil,TRUE
iprr.cbp.gov,TRUE
nij.ojp.gov,TRUE
fbi.gov,TRUE
jfklibrary.org,TRUE
search.archives.gov,TRUE
dco.uscg.mil,TRUE
med.navy.mil,TRUE
cool.osd.mil,TRUE
cesdata.bls.gov,TRUE
bsaefiling.fincen.gov,TRUE
era.nih.gov,TRUE
ppubs.uspto.gov,TRUE
jp.usembassy.gov,TRUE
apprenticeship.gov,TRUE
enviro.epa.gov,TRUE
test-ndacc.larc.nasa.gov,TRUE
esrs.jsc.nasa.gov,TRUE
llnl.gov,TRUE
cem.va.gov,TRUE
datadashboard.fda.gov,TRUE
niaaa.nih.gov,TRUE
anl.gov,TRUE
eddm.usps.com,TRUE
passportfacilitylocator.travel.state.gov,TRUE
postalpro.usps.com,TRUE
centcom.mil,TRUE
products.coastalscience.noaa.gov,TRUE
mrdata.usgs.gov,TRUE
portal.census.gov,TRUE
login.gov,TRUE
espo.nasa.gov,TRUE
ptsd.va.gov,TRUE
msha.gov,TRUE
mars.nasa.gov,TRUE
coast.noaa.gov,TRUE
mywaterway.epa.gov,TRUE
icd10cmtool.cdc.gov,TRUE
everykidoutdoors.gov,TRUE
hazards.fema.gov,TRUE
spaceforce.mil,TRUE
airuniversity.af.edu,TRUE
gmd-int.cmdl.noaa.gov,TRUE
nationalguard.mil,TRUE
hfpappexternal.fda.gov,TRUE
gpm.nasa.gov,TRUE
icis.epa.gov,TRUE
newsroom.tricare.mil,TRUE
usbr.gov,TRUE
idcf.bls.gov,TRUE
in.usembassy.gov,TRUE
nichd.nih.gov,TRUE
nationalmuseum.af.mil,TRUE
reach.cdc.gov,TRUE
china.usembassy-china.org.cn,TRUE
exchanges.state.gov,TRUE
eftps.gov,TRUE
nro.gov,TRUE
webapps.dol.gov,TRUE
war.gov,TRUE
news.uscg.mil,TRUE
glorecords.blm.gov,TRUE
usar.army.mil,TRUE
grc.nasa.gov,TRUE
navsea.navy.mil,TRUE
solarsystem.nasa.gov,TRUE
es.medicare.gov,TRUE
studyinthestates.dhs.gov,TRUE
neh.gov,TRUE
sites.ed.gov,TRUE
data.transportation.gov,TRUE
apps.bea.gov,TRUE
rrb.gov,TRUE
dnfsb.gov,TRUE
dashboard.waterdata.usgs.gov,TRUE
careers.state.gov,TRUE
nsidc.org,TRUE
sdwis.epa.gov,TRUE
ciencia.nasa.gov,TRUE
odin.t2com.army.mil,TRUE
answers.hud.gov,TRUE
1950census.archives.gov,TRUE
militarypay.defense.gov,TRUE
podaac.jpl.nasa.gov,TRUE
arlingtoncemetery.mil,TRUE
ospo.noaa.gov,TRUE
ic3.gov,TRUE
climate.gov,TRUE
training.seer.cancer.gov,TRUE
bia.gov,TRUE
emailus.usps.com,TRUE
cool.osd.mil,TRUE
reaganlibrary.gov,TRUE
forum.earthdata.nasa.gov,TRUE
cde.ucr.cjis.gov,TRUE
niehs.nih.gov,TRUE
linkeddiscoveries.ncbi.nlm.nih.gov,TRUE
nihms.nih.gov,TRUE
darpa.mil,TRUE
oceandata.sci.gsfc.nasa.gov,TRUE
ask.fmcsa.dot.gov,TRUE
lanl.gov,TRUE
prodpx-promotool.usps.com,TRUE
highways.dot.gov,TRUE
airquality.gsfc.nasa.gov,TRUE
daniocell.nichd.nih.gov,TRUE
oalj.dol.gov,TRUE
apps.usfa.fema.gov,TRUE
oceanexplorer.noaa.gov,TRUE
www1.grc.nasa.gov,TRUE
nidcd.nih.gov,TRUE
uspsoperationsanta.com,TRUE
astrobiology.nasa.gov,TRUE
cameochemicals.noaa.gov,TRUE
recruiting.army.mil,TRUE
npdb.hrsa.gov,TRUE
portal.gdc.cancer.gov,TRUE
nccdb.fmcsa.dot.gov,TRUE
vlm.cem.va.gov,TRUE
j1visa.state.gov,TRUE
hpms.cms.gov,TRUE
disc.gsfc.nasa.gov,TRUE
stopbullying.gov,TRUE
es.usps.com,TRUE
findtreatment.gov,TRUE
aspe.hhs.gov,TRUE
ocrtraining.cit.nih.gov,TRUE
pagrants.fema.gov,TRUE
mycaa.militaryonesource.mil,TRUE
buy.gsa.gov,TRUE
online-auction.state.gov,TRUE
bhw.hrsa.gov,TRUE
foodsafety.gov,TRUE
arts.gov,TRUE
access-board.gov,TRUE
openi-vip.nlm.nih.gov,TRUE
bjs.ojp.gov,TRUE
datasetcatalog.nlm.nih.gov,TRUE
physics.nist.gov,TRUE
collections.awsprod.nlm.nih.gov,TRUE
ndacc.larc.nasa.gov,TRUE
gravelocator.cem.va.gov,TRUE
halekoa.com,TRUE
bja.ojp.gov,TRUE
owcpmed.dol.gov,TRUE
netc.navy.mil,TRUE
uscg.mil,TRUE
etd.gsfc.nasa.gov,TRUE
jobcorps.gov,TRUE
origin-east-www-wpc.woc.noaa.gov,TRUE
science.data.nasa.gov,TRUE
jcs.mil,TRUE
widget.airnow.gov,TRUE
humanresearchroadmap.nasa.gov,TRUE
ivs-sign.usps.com,TRUE
energystar.gov,TRUE
ntia.gov,TRUE
bioenergykdf.ornl.gov,TRUE
npgallery.nps.gov,TRUE
collections-us-east-1.awsprod.nlm.nih.gov,TRUE
foia.state.gov,TRUE
clinicalinfo.hiv.gov,TRUE
cccm.thinkculturalhealth.hhs.gov,TRUE
ned.nih.gov,TRUE
ohrp.cit.nih.gov,TRUE
help.usajobs.gov,TRUE
www-ncbi-nlm-nih-gov.translate.goog,TRUE
invasivespeciesinfo.gov,TRUE
egrants.cns.gov,TRUE
digital.weather.gov,TRUE
pubmed-ncbi-nlm-nih-gov.pbidi.unam.mx,TRUE
georgewbush-whitehouse.archives.gov,TRUE
irsauctions.gov,TRUE
sealevel.jpl.nasa.gov,TRUE
nga.mil,TRUE
nass.usda.gov,TRUE
niaid.nih.gov,TRUE
staging.seer.cancer.gov,TRUE
usa.gov,TRUE
portal.ice.gov,TRUE
healthit.gov,TRUE
zh.usps.com,TRUE
trumpwhitehouse.archives.gov,TRUE
fhfa.gov,TRUE
roc.noaa.gov,TRUE
armedforcessports.defense.gov,TRUE
19january2021snapshot.epa.gov,TRUE
beta.dol.gov,TRUE
nei.nih.gov,TRUE
transit.dot.gov,TRUE
aoml.noaa.gov,TRUE
www2.census.gov,TRUE
cumulis.epa.gov,TRUE
br.usembassy.gov,TRUE
childwelfare.gov,TRUE
uscis.usajobs.gov,TRUE
archive.cdc.gov,TRUE
cafc.uscourts.gov,TRUE
mcst.gsfc.nasa.gov,TRUE
publichealth.va.gov,TRUE
fsafeds.gov,TRUE
nidcr.nih.gov,TRUE
foia.gov,TRUE
alzheimers.gov,TRUE
irma.nps.gov,TRUE
stereo-ssc.nascom.nasa.gov,TRUE
eplanning.blm.gov,TRUE
ssd.jpl.nasa.gov,TRUE
nlr.gov,TRUE
apps.occ.gov,TRUE
nifc.gov,TRUE
uk.usembassy.gov,TRUE
ph.usembassy.gov,TRUE
americorps.gov,TRUE
hiv.gov,TRUE
farmers.gov,TRUE
ttb.gov,TRUE
public.csr.nih.gov,TRUE
iafdb.travel.state.gov,TRUE
dcms.uscg.mil,TRUE
smokefree.gov,TRUE
fema.gov,TRUE
teen.smokefree.gov,TRUE
vehiclehistory.bja.ojp.gov,TRUE
acl.gov,TRUE
rma.usda.gov,TRUE
occ.treas.gov,TRUE
secsearch.sec.gov,TRUE
nodis3.gsfc.nasa.gov,TRUE
carson.armymwr.com,TRUE
privacyshield.gov,TRUE
uspsdelivers.com,TRUE
accesstocare.va.gov,TRUE
aphis.usda.gov,TRUE
bts.gov,TRUE
lhncbc.nlm.nih.gov,TRUE
training.smartpay.gsa.gov,TRUE
ntp.niehs.nih.gov,TRUE
myplate.gov,TRUE
eservices.archives.gov,TRUE
cc.nih.gov,TRUE
co.usembassy.gov,TRUE
rarediseases.info.nih.gov,TRUE
ldas.gsfc.nasa.gov,TRUE
geneva.usmission.gov,TRUE
milgears.osd.mil,TRUE
swot.jpl.nasa.gov,TRUE
fedramp.gov,TRUE
trek.nasa.gov,TRUE
dha.mil,TRUE
dcp.psc.gov,TRUE
stb.gov,TRUE
transtats.bts.gov,TRUE
studentprivacy.ed.gov,TRUE
vacanteen.va.gov,TRUE
bep.gov,TRUE
data.cdc.gov,TRUE
hawaii.armymwr.com,TRUE
myhealthevet.va.gov,TRUE
snow.nasa.gov,TRUE
northcom.mil,TRUE
secure.rrb.gov,TRUE
jbsa.mil,TRUE
arpa-h.gov,TRUE
ca.usembassy.gov,TRUE
trumanlibrary.gov,TRUE
hivinfo.nih.gov,TRUE
armytenmiler.com,TRUE
council.epa.gov,TRUE
usfa.fema.gov,TRUE
vcf.gov,TRUE
sewpprod.servicenowservices.com,TRUE
acquisitiongateway.gov,TRUE
hood.armymwr.com,TRUE
pubmed-ncbi-nlm-nih-gov-s-249.libdb.csu.edu.cn,TRUE
oncprojectracking.healthit.gov,TRUE
usace.army.mil,TRUE
campbell.armymwr.com,TRUE
magazine.medlineplus.gov,TRUE
careers.bop.gov,TRUE
staging.va.gov,TRUE
pacom.mil,TRUE
tmsearch.uspto.gov,TRUE
fletc.gov,TRUE
marforres.marines.mil,TRUE
cdfifund.gov,TRUE
choosework.ssa.gov,TRUE
dlmf.nist.gov,TRUE
drum.armymwr.com,TRUE
benning.armymwr.com,TRUE
mobile.arc.nasa.gov,TRUE
surflant.usff.navy.mil,TRUE
search.usembassy.gov,TRUE
helpwithmybank.gov,TRUE
itl.nist.gov,TRUE
app.fac.gov,TRUE
wamssoprd.epa.gov,TRUE
grafenwoehr.armymwr.com,TRUE
ovc.ojp.gov,TRUE
wiesbaden.armymwr.com,TRUE
kscweather.ksc.nasa.gov,TRUE
bootcamp.navy.mil,TRUE
phytochem.nal.usda.gov,TRUE
nigms.nih.gov,TRUE
mapping.ncua.gov,TRUE
discover.va.gov,TRUE
stuttgart.armymwr.com,TRUE
nhsc.hrsa.gov,TRUE
redstone.armymwr.com,TRUE
oig.justice.gov,TRUE
do.usembassy.gov,TRUE
italy.armymwr.com,TRUE
mutcd.fhwa.dot.gov,TRUE
pmel.noaa.gov,TRUE
iqrs.npdb.hrsa.gov,TRUE
geocoding.geo.census.gov,TRUE
planthardiness.ars.usda.gov,TRUE
cuidadodesalud.gov,TRUE
digital.gov,TRUE
bd.usembassy.gov,TRUE
vsac.nlm.nih.gov,TRUE
hiv.lanl.gov,TRUE
npgsweb.ars-grin.gov,TRUE
pubmed-ncbi-nlm-nih-gov.proxy.kib.ki.se,TRUE
bsee.gov,TRUE
netl.doe.gov,TRUE
daegu.armymwr.com,TRUE
namus.nij.ojp.gov,TRUE
homeandcity.nasa.gov,TRUE
wainwright.armymwr.com,TRUE
aetc.af.mil,TRUE
civilrights.justice.gov,TRUE
nfc.usda.gov,TRUE
pk.usembassy.gov,TRUE
inl.gov,TRUE
atsdr.cdc.gov,TRUE
dsca.mil,TRUE
data.nssl.noaa.gov,TRUE
dodig.mil,TRUE
vetoviolence.cdc.gov,TRUE
pepc.nps.gov,TRUE
airbornescience.nasa.gov,TRUE
ar.usembassy.gov,TRUE
psnet.ahrq.gov,TRUE
gsaglobalsupply.gsa.gov,TRUE
tr.usembassy.gov,TRUE
science.gsfc.nasa.gov,TRUE
cdp.dhs.gov,TRUE
ojjdp.ojp.gov,TRUE
pmc-d.ncbi.nlm.nih.gov,TRUE
smap.jpl.nasa.gov,TRUE
4innovation.cms.gov,TRUE
learning.cisa.gov,TRUE
data.nas.nasa.gov,TRUE
dataprivacyframework.gov,TRUE
2017-2021.commerce.gov,TRUE
eforms.state.gov,TRUE
usmcu.edu,TRUE
ppms.gov,TRUE
digital.va.gov,TRUE
jackson.armymwr.com,TRUE
git.earthdata.nasa.gov,TRUE
airpac.navy.mil,TRUE
ahed.nasa.gov,TRUE
data.healthcare.gov,TRUE
oit.va.gov,TRUE
comments.cftc.gov,TRUE
salud.nih.gov,TRUE
pages.nist.gov,TRUE
seedfund.nsf.gov,TRUE
aschq.army.mil,TRUE
fam.state.gov,TRUE
aeronet.gsfc.nasa.gov,TRUE
library.samhsa.gov,TRUE
reports.blm.gov,TRUE
2001-2009.state.gov,TRUE
science-data.larc.nasa.gov,TRUE
zama.armymwr.com,TRUE
rrs.usace.army.mil,TRUE
bragg.armymwr.com,TRUE
skillbridge.mil,TRUE
garmisch.armymwr.com,TRUE
ice.gov,TRUE
vn.usembassy.gov,TRUE
npin.cdc.gov,TRUE
niccs.cisa.gov,TRUE
armyupress.army.mil,TRUE
19january2017snapshot.epa.gov,TRUE
dia.mil,TRUE
uts.nlm.nih.gov,TRUE
nric.inl.gov,TRUE
uat.urs.earthdata.nasa.gov,TRUE
earlycareer.usajobs.gov,TRUE
taxpayeradvocate.irs.gov,TRUE
newsreleases.sandia.gov,TRUE
vinelink.dhs.gov,TRUE
navcen.uscg.gov,TRUE
insurekidsnow.gov,TRUE
ffiec.cfpb.gov,TRUE
bookings.halekoa.com,TRUE
power.larc.nasa.gov,TRUE
cac.mil,TRUE
msiexchange.nasa.gov,TRUE
section508.gov,TRUE
floodsmart.gov,TRUE
taggs.hhs.gov,TRUE
apps.usgs.gov,TRUE
mplnet.gsfc.nasa.gov,TRUE
tracker.nci.nih.gov,TRUE
bphc.hrsa.gov,TRUE
preview.weather.gov,TRUE
science-nasa-gov.translate.goog,TRUE
sdo.gsfc.nasa.gov,TRUE
spr.doe.gov,TRUE
volunteer.gov,TRUE
connector.hrsa.gov,TRUE
cpars.gov,TRUE
edwards.af.mil,TRUE
visit.archives.gov,TRUE
pubmed-d.ncbi.nlm.nih.gov,TRUE
smartpay.gsa.gov,TRUE
usfk.mil,TRUE
usmap.osd.mil,TRUE
stage.fws.gov,TRUE
th.usembassy.gov,TRUE
cdc.gov,TRUE
edgarfiling.sec.gov,TRUE
aff.gov,TRUE
arc.eeoc.gov,TRUE
idcfoews.bls.gov,TRUE
g20.org,TRUE
int.ttbonline.gov,TRUE
search.osha.gov,TRUE
fws.gov,TRUE
spacecom.mil,TRUE
armymwr.com,TRUE
lehd.ces.census.gov,TRUE
nutrition.gov,TRUE
jbmhh.armymwr.com,TRUE
data.medicaid.gov,TRUE
home.grantsolutions.gov,TRUE
grants.gov,TRUE
vendorportal.ecms.va.gov,TRUE
sanctuaries.noaa.gov,TRUE
sill.armymwr.com,TRUE
orise.orau.gov,TRUE
kr.usembassy.gov,TRUE
comptroller.war.gov,TRUE
edelweisslodgeandresort.com,TRUE
owcp.industrypartners.dol.gov,TRUE
slosh.nws.noaa.gov,TRUE
dodcui.mil,TRUE
knox.armymwr.com,TRUE
americanenglish.state.gov,TRUE
videocast.nih.gov,TRUE
fr.usembassy.gov,TRUE
kadena.af.mil,TRUE
nasa.usajobs.gov,TRUE
fedramp.gov,TRUE
pe.usembassy.gov,TRUE
opd-ui.uspto.gov,TRUE
mspb.gov,TRUE
facadatabase.gov,TRUE
ae.usembassy.gov,TRUE
art.gsa.gov,TRUE
ait.org.tw,TRUE
afcent.af.mil,TRUE
chievres.armymwr.com,TRUE
unicor.gov,TRUE
consumidor.gov,TRUE
afrc.af.mil,TRUE
banknet.gov,TRUE
imagine.gsfc.nasa.gov,TRUE
ru.usembassy.gov,TRUE
cdxapps.epa.gov,TRUE
id.usembassy.gov,TRUE
ccac.gov,TRUE
it.usembassy.gov,TRUE
stewarthunter.armymwr.com,TRUE
cnrfc.noaa.gov,TRUE
railroads.dot.gov,TRUE
nfc.usda.gov,TRUE
oig.ssa.gov,TRUE
parkplanning.nps.gov,TRUE
search.asf.alaska.edu,TRUE
bcrisktool.cancer.gov,TRUE
arc.fiscal.treasury.gov,TRUE
apfs-cloud.dhs.gov,TRUE
lod.nal.usda.gov,TRUE
ctsu.cancer.gov,TRUE
manpower.marines.mil,TRUE
ipp.gov,TRUE
sa.usembassy.gov,TRUE
leb.fbi.gov,TRUE
3d.nih.gov,TRUE
acoms.cms.gov,TRUE
intern.usajobs.gov,TRUE
eg.usembassy.gov,TRUE
dbgap.ncbi.nlm.nih.gov,TRUE
caregiver.va.gov,TRUE
odni.gov,TRUE
ncses.nsf.gov,TRUE
il.usembassy.gov,TRUE
education.arlingtoncemetery.mil,TRUE
esto.nasa.gov,TRUE
childcare.gov,TRUE
prod-west-nhc.woc.noaa.gov,TRUE
prod-east-nhc.woc.noaa.gov,TRUE
portal.hgeo.doe.gov,TRUE
surfpac.navy.mil,TRUE
au.usembassy.gov,TRUE
coastwatch.noaa.gov,TRUE
ai.mil,TRUE
nixonlibrary.gov,TRUE
hr.nih.gov,TRUE
es.usembassy.gov,TRUE
coastalscience.noaa.gov,TRUE
aflcmc.af.mil,TRUE
za.usembassy.gov,TRUE
p9izlkexjiwextzexwveuy4-s-a2360.r1.duohuijixie.com,TRUE
gracefo.jpl.nasa.gov,TRUE
southcom.mil,TRUE
ccr.cancer.gov,TRUE
boem.gov,TRUE
news.fnal.gov,TRUE
co-ops.nos.noaa.gov,TRUE
cl.gsfc.nasa.gov,TRUE
observer.globe.gov,TRUE
acc.af.mil,TRUE
llis.nasa.gov,TRUE
acq.osd.mil,TRUE
snaped.fna.usda.gov,TRUE
bliss.armymwr.com,TRUE
meps.ahrq.gov,TRUE
georgewbushlibrary.gov,TRUE
pids.cdc.gov,TRUE
afsoc.af.mil,TRUE
nohrsc.noaa.gov,TRUE
search.epa.gov,TRUE
dml.msfc.nasa.gov,TRUE
fdms.gov,TRUE
armyresilience.army.mil,TRUE
westpoint.armymwr.com,TRUE
nifa.usda.gov,TRUE
consumerfinance.gov,TRUE
cnrj.cnic.navy.mil,TRUE
cusnc.navy.mil,TRUE
ramstein.af.mil,TRUE
jpl.nasa.gov,TRUE
walterreed.tricare.mil,TRUE
eus.cms.gov,TRUE
tfx.treasury.gov,TRUE
opa.hhs.gov,TRUE
edgarcompany.sec.gov,TRUE
rucker.armymwr.com,TRUE
deadiversion.usdoj.gov,TRUE
dataprivacyframework.azurewebsites.net,TRUE
ebrap.org,TRUE
i-nspires.nasaprs.com,TRUE
army.edu,TRUE
www3.epa.gov,TRUE
hdpulse.nimhd.nih.gov,TRUE
wsearch.nlm.nih.gov,TRUE
fpacbc.usda.gov,TRUE
ncfi.usss.gov,TRUE
pvwatts.nlr.gov,TRUE
irs.usajobs.gov,TRUE
eglin.af.mil,TRUE
ladmf.ntis.gov,TRUE
abmc.gov,TRUE
bugs.earthdata.nasa.gov,TRUE
swehb.nasa.gov,TRUE
jblm.armymwr.com,TRUE
servicerefunds.usps.com,TRUE
forums.nlr.gov,TRUE
kaiserslautern.armymwr.com,TRUE
uspsdelivers.com,TRUE
dfc.gov,TRUE
fai.gov,TRUE
www2.helpwithmybank.gov,TRUE
response.epa.gov,TRUE
ncbiinsights.ncbi.nlm.nih.gov,TRUE
toolkit.climate.gov,TRUE
espanol.nichd.nih.gov,TRUE
espanol.womenshealth.gov,TRUE
childwelfare.gov,TRUE
pubmed-ncbi-nlm-nih-gov-443.webvpn.ccmu.edu.cn,TRUE
hudoig.gov,TRUE
etariff.ferc.gov,TRUE
dataview.ncbi.nlm.nih.gov,TRUE
leonardwood.armymwr.com,TRUE
basictraining.af.mil,TRUE
oh.larc.nasa.gov,TRUE
americanspaces.state.gov,TRUE
consumidor.ftc.gov,TRUE
mentalhealth.va.gov,TRUE
wiki.earthdata.nasa.gov,TRUE
www2.occ.gov,TRUE
my.ginniemae.gov,TRUE
nssl.noaa.gov,TRUE
search.ftc.gov,TRUE
gsaglobalsupply.gsa.gov,TRUE
cpars.gov,TRUE
mirecc.va.gov,TRUE
cnrsw.cnic.navy.mil,TRUE
shop.nist.gov,TRUE
bwt.cbp.dhs.gov,TRUE
de.usembassy.gov,TRUE
911.gov,TRUE
jber.jb.mil,TRUE
www2a.cdc.gov,TRUE
bpa.gov,TRUE
presidio.armymwr.com,TRUE
help.nfc.usda.gov,TRUE
jobs.cdc.gov,TRUE
cnic.navy.mil,TRUE
hk.usconsulate.gov,TRUE
primis.phmsa.dot.gov,TRUE
dctd.cancer.gov,TRUE
mcrc.marines.mil,TRUE
nsf.gov,TRUE
marineband.marines.mil,TRUE
dhs.usajobs.gov,TRUE
j1visawaiverrecommendation.state.gov,TRUE
nowcoast.noaa.gov,TRUE
history.army.mil,TRUE
cdmrp.health.mil,TRUE
espanol.epa.gov,TRUE
c7f.navy.mil,TRUE
afmc.af.mil,TRUE
resources.hud.gov,TRUE
cddis.nasa.gov,TRUE
cnreurafcent.cnic.navy.mil,TRUE
isp.healthit.gov,TRUE
volcanoes.usgs.gov,TRUE
usap.gov,TRUE
research.va.gov,TRUE
ntrl.ntis.gov,TRUE
usmma.edu,TRUE
maritime.dot.gov,TRUE
starchild.gsfc.nasa.gov,TRUE
ops.fhwa.dot.gov,TRUE
srdata.nist.gov,TRUE
doc.defense.gov,TRUE
osc.gov,TRUE
obamalibrary.gov,TRUE
usda.usajobs.gov,TRUE
pacaf.af.mil,TRUE
e-safe.cbp.dhs.gov,TRUE
skillbridge.mil,TRUE
bidenwhitehouse.archives.gov,TRUE
gacc.nifc.gov,TRUE
grants.hrsa.gov,TRUE
airforcemedicine.af.mil,TRUE
qcn.mytva.com,TRUE
geodesy.noaa.gov,TRUE
phgkb.cdc.gov,TRUE
ussf-cfc.spaceforce.mil,TRUE
ffr.cnic.navy.mil,TRUE
alpha.sam.gov,TRUE
fissweb.fda.gov,TRUE
wpafb.af.mil,TRUE
portsmouth.tricare.mil,TRUE
ke.usembassy.gov,TRUE
tmog.uspto.gov,TRUE
webpricer.cms.gov,TRUE
19january2025snapshot.epa.gov,TRUE
atlanticarea.uscg.mil,TRUE
phinvads.cdc.gov,TRUE
www3.nasa.gov,TRUE
seaportal.dol.gov,TRUE
quickstats.nass.usda.gov,TRUE
fdr.artifacts.archives.gov,TRUE
betterbuildingssolutioncenter.energy.gov,TRUE
asa24.nci.nih.gov,TRUE
asd.gsfc.nasa.gov,TRUE
tandfonline.com,TRUE
fmc.gov,TRUE
darktarget.gsfc.nasa.gov,TRUE
swift.gsfc.nasa.gov,TRUE
stage.energy.gov,TRUE
mor.nlm.nih.gov,TRUE
cnrse.cnic.navy.mil,TRUE
aaro.mil,TRUE
telehealth.hhs.gov,TRUE
gsaadvantage-test3.fas.gsa.gov,TRUE
mcm.fas.gsa.gov,TRUE
cnrma.cnic.navy.mil,TRUE
nwrfc.noaa.gov,TRUE
humphreys.armymwr.com,TRUE
data.usgs.gov,TRUE
ceres.larc.nasa.gov,TRUE
gettested.cdc.gov,TRUE
yali.state.gov,TRUE
volunteer.gov,TRUE
usun.usmission.gov,TRUE
wageandsalary.dcpas.osd.mil,TRUE
str.gsa.gov,TRUE
1997-2001.state.gov,TRUE
pwrc.usgs.gov,TRUE
streamstats.usgs.gov,TRUE
etap.nsf.gov,TRUE
lineofdeparture.army.mil,TRUE
oig.dhs.gov,TRUE
designsystem.digital.gov,TRUE
mchb.hrsa.gov,TRUE
allhands.navy.mil,TRUE
lrd.usace.army.mil,TRUE
whitesands.armymwr.com,TRUE
nicic.gov,TRUE
dodcio.defense.gov,TRUE
tricare.mil,TRUE
arpa-e.energy.gov,TRUE
ready.arl.noaa.gov,TRUE
purplebooksearch.fda.gov,TRUE
afaccessionscenter.af.mil,TRUE
ve.usembassy.gov,TRUE
dowcio.war.gov,TRUE
music.af.mil,TRUE
jble.af.mil,TRUE
ndc.services.cdc.gov,TRUE
eisenhowerlibrary.gov,TRUE
forestservicecareers.usajobs.gov,TRUE
usphs.gov,TRUE
bmtflightphotos.af.mil,TRUE
afrl.af.mil,TRUE
spinoff.nasa.gov,TRUE
cr.usembassy.gov,TRUE
bf.usembassy.gov,TRUE
giss.nasa.gov,TRUE
savingsbonds.gov,TRUE
prologue.blogs.archives.gov,TRUE
appeears.earthdatacloud.nasa.gov,TRUE
ferconline.ferc.gov,TRUE
hill.af.mil,TRUE
ohss.dhs.gov,TRUE
share.america.gov,TRUE
jbcharleston.jb.mil,TRUE
waterqualitydata.us,TRUE
wiki.nci.nih.gov,TRUE
fac.gov,TRUE
ipac.ecosphere.fws.gov,TRUE
bayne-jones.tricare.mil,TRUE
response.restoration.noaa.gov,TRUE
open.fda.gov,TRUE
certify.sba.gov,TRUE
atammc.tricare.mil,TRUE
www-curator.jsc.nasa.gov,TRUE
minorityhealth.hhs.gov,TRUE
commonfund.nih.gov,TRUE
ice.usajobs.gov,TRUE
cmgds.marine.usgs.gov,TRUE
viewer.weather.noaa.gov,TRUE
mynasadata.larc.nasa.gov,TRUE
gudid.fda.gov,TRUE
satcorps.larc.nasa.gov,TRUE
belvoir.armymwr.com,TRUE
gt.usembassy.gov,TRUE
et.usembassy.gov,TRUE
foodbuyingguide.fns.usda.gov,TRUE
mcrdpi.marines.mil,TRUE
finance.ocfo.gsa.gov,TRUE
yuma.armymwr.com,TRUE
iq.usembassy.gov,TRUE
realestatesales.gov,TRUE
wapa.gov,TRUE
cancer.gov,TRUE
coralreefwatch.noaa.gov,TRUE
omao.noaa.gov,TRUE
pki.treasury.gov,TRUE
pubmed-ncbi-nlm-nih-gov.insb.bib.cnrs.fr,TRUE
youth.gov,TRUE
data.dol.gov,TRUE
getsmartaboutdrugs.gov,TRUE
pl.usembassy.gov,TRUE
ec.usembassy.gov,TRUE
istcolloq.gsfc.nasa.gov,TRUE
rpki-monitor.nist.gov,TRUE
eoffer.gsa.gov,TRUE
www6.slac.stanford.edu,TRUE
fts.tsa.dhs.gov,TRUE
neutrons.ornl.gov,TRUE
usagm.gov,TRUE
clinicalstudies.info.nih.gov,TRUE
europeafrica.army.mil,TRUE
ncats.nih.gov,TRUE
womack.tricare.mil,TRUE
ndu.edu,TRUE
mycreditunion.gov,TRUE
j1visawaiverstatus.state.gov,TRUE
csrc.nist.rip,TRUE
search.gsa.gov,TRUE
jbmdl.jb.mil,TRUE
household-survey.fdic.gov,TRUE
hawc.epa.gov,TRUE
artreporting.cdc.gov,TRUE
wisqars.cdc.gov,TRUE
hcup-us.ahrq.gov,TRUE
healthquality.va.gov,TRUE
sv.usembassy.gov,TRUE
energyright.com,TRUE
889.smartpay.gsa.gov,TRUE
edie.fdic.gov,TRUE
eclaimant.dol.gov,TRUE
technology.nasa.gov,TRUE
ug.usembassy.gov,TRUE
search.uscourts.gov,TRUE
usafe.af.mil,TRUE
mcrdsd.marines.mil,TRUE
sideshow.jpl.nasa.gov,TRUE
gmao.gsfc.nasa.gov,TRUE
tmss.gsa.gov,TRUE
ttabcenter.uspto.gov,TRUE
lejeune.marines.mil,TRUE
bamc.tricare.mil,TRUE
tinker.af.mil,TRUE
move.va.gov,TRUE
eauth.va.gov,TRUE
alumni.state.gov,TRUE
doingbusiness.msfc.nasa.gov,TRUE
zh-tools.usps.com,TRUE
ngs.noaa.gov,TRUE
misawa.af.mil,TRUE
fpr.ncua.gov,TRUE
research.noaa.gov,TRUE
drafting.ecfr.gov,TRUE
prevention.mil,TRUE
dietaryguidelines.gov,TRUE
marketplace.va.gov,TRUE
my.ttb.gov,TRUE
nellis.af.mil,TRUE
organdonor.gov,TRUE
ssc.spaceforce.mil,TRUE
madigan.tricare.mil,TRUE
mobilefire.airnow.gov,TRUE
lb.usembassy.gov,TRUE
catalog.nlm.nih.gov,TRUE
biocollections.ars.usda.gov,TRUE
oig.nasa.gov,TRUE
macdill.af.mil,TRUE
manati.star.nesdis.noaa.gov,TRUE
ssai.usajobs.gov,TRUE
cto.mil,TRUE
cops.usdoj.gov,TRUE
wcms-wp.cdc.gov,TRUE
pubmed.66557.net,TRUE
goodfellow.af.mil,TRUE
diplomacy.state.gov,TRUE
financialresearch.gov,TRUE
oig.ed.gov,TRUE
sfs.opm.gov,TRUE
sandiego.tricare.mil,TRUE
kz.usembassy.gov,TRUE
bo.usembassy.gov,TRUE
ng.usembassy.gov,TRUE
cde.nlm.nih.gov,TRUE
tools.cdc.gov,TRUE
earthdata.nasa.gov,TRUE
earth.gsfc.nasa.gov,TRUE
exchange.energy.gov,TRUE
arctic.noaa.gov,TRUE
heronetnext.epa.gov,TRUE
hn.usembassy.gov,TRUE
forcecom.uscg.mil,TRUE
cyberworkforce.mil,TRUE
frs-public.epa.gov,TRUE
apps.gsl.noaa.gov,TRUE
cmfclearinghouse.fhwa.dot.gov,TRUE
webapps.nwfsc.noaa.gov,TRUE
preview-radar.weather.gov,TRUE
access.ginniemae.gov,TRUE
esdpubs.nasa.gov,TRUE
ampb.larc.nasa.gov,TRUE
history.uscg.mil,TRUE
apps.glerl.noaa.gov,TRUE
rapidrefresh.noaa.gov,TRUE
cms.nps.gov,TRUE
portalval.cms.gov,TRUE
status.earthdata.nasa.gov,TRUE
hr.sandia.gov,TRUE
tripler.tricare.mil,TRUE
hudoig.gov,TRUE
ctip.defense.gov,TRUE
wicworks.fna.usda.gov,TRUE
smart.ojp.gov,TRUE
www2.ustraveldocs.com,TRUE
arpc.afrc.af.mil,TRUE
bookings.edelweisslodgeandresort.com,TRUE
rethinkingdrinking.niaaa.nih.gov,TRUE
fedcenter.gov,TRUE
bi.usembassy.gov,TRUE
careers-pnnl.icims.com,TRUE
rockyweb.usgs.gov,TRUE
acf-main-pre-prod.acf.gov,TRUE
meshb-prev.nlm.nih.gov,TRUE
navalnuclearlab.energy.gov,TRUE
buchanan.armymwr.com,TRUE
nauticalcharts.noaa.gov,TRUE
afgsc.af.mil,TRUE
onlineforms.edgarfiling.sec.gov,TRUE
trade.cbp.dhs.gov,TRUE
naif.jpl.nasa.gov,TRUE
gs6101-gmao.gsfc.nasa.gov,TRUE
justicegrants.usdoj.gov,TRUE
beaconregistration.noaa.gov,TRUE
fisheries.noaa.gov,TRUE
olmsapps.dol.gov,TRUE
agents.floodsmart.gov,TRUE
np.usembassy.gov,TRUE
dragonhilllodge.com,TRUE
warren.af.mil,TRUE
glerl.noaa.gov,TRUE
mfix.netl.doe.gov,TRUE
7atc.army.mil,TRUE
nps.usajobs.gov,TRUE
scott.af.mil,TRUE
oceanacidification.noaa.gov,TRUE
ang.af.mil,TRUE
firstrespondertraining.gov,TRUE
emc.ncep.noaa.gov,TRUE
pubmed-ncbi-nlm-nih-gov.offcampus.lib.washington.edu,TRUE
ssa.usajobs.gov,TRUE
ssaiheadquarters.usajobs.gov,TRUE
sos.noaa.gov,TRUE
history.navy.mil,TRUE
nasa.gov,TRUE
planetarynames.wr.usgs.gov,TRUE
pendleton.marines.mil,TRUE
oboculturalheritage.state.gov,TRUE
justthinktwice.gov,TRUE
www-nasa-gov.translate.goog,TRUE
ozonewatch.gsfc.nasa.gov,TRUE
go.gov,TRUE
nellis.tricare.mil,TRUE
fordlibrarymuseum.gov,TRUE
broadbandusa.ntia.gov,TRUE
daflearning.af.mil,TRUE
pa.usembassy.gov,TRUE
digital.ahrq.gov,TRUE
ndupress.ndu.edu,TRUE
marsoweb.nas.nasa.gov,TRUE
es-store.usps.com,TRUE
beta.weather.gov,TRUE
cbrfc.noaa.gov,TRUE
events.cancer.gov,TRUE
agcounts.usda.gov,TRUE
educationusa.state.gov,TRUE
cwoutcomes.acf.hhs.gov,TRUE
justice.gov,TRUE
business.ustranscom.mil,TRUE
status.ssa.gov,TRUE
etariffuat.ferc.gov,TRUE
jo.usembassy.gov,TRUE
portugues.cdc.gov,TRUE
connect.aviationweather.gov,TRUE
quantico.marines.mil,TRUE
ems.gov,TRUE
map1.msc.fema.gov,TRUE
ivscc.gsfc.nasa.gov,TRUE
nrl.navy.mil,TRUE
data.ers.usda.gov,TRUE
asdc.larc.nasa.gov,TRUE
clintonlibrary.gov,TRUE
mrms.nssl.noaa.gov,TRUE
usafa.af.mil,TRUE
ma.usembassy.gov,TRUE
kirtland.af.mil,TRUE
consumer.gov,TRUE
grandforks.af.mil,TRUE
jiatfs.southcom.mil,TRUE
data.tbportals.niaid.nih.gov,TRUE
cactus.nci.nih.gov,TRUE
cpf.navy.mil,TRUE
ncis.navy.mil,TRUE
mooseframework.inl.gov,TRUE
mcc.gov,TRUE
cisalearning.prod.cisa.dhs.gov,TRUE
spangdahlem.af.mil,TRUE
imp.medicaid.gov,TRUE
navsup.navy.mil,TRUE
internationalclaims.usps.com,TRUE
darnall.tricare.mil,TRUE
rsa.ed.gov,TRUE
dover.af.mil,TRUE
foia.gov,TRUE
airlant.usff.navy.mil,TRUE
jm.usembassy.gov,TRUE
publications.usace.army.mil,TRUE
intelligence.gov,TRUE
ge.usembassy.gov,TRUE
airquality.weather.gov,TRUE
robins.af.mil,TRUE
scifli.larc.nasa.gov,TRUE
niwc.noaa.inl.gov,TRUE
retail-pi.usps.com,TRUE
manufacturing.gov,TRUE
vandenberg.spaceforce.mil,TRUE
data.giss.nasa.gov,TRUE
gh.usembassy.gov,TRUE
cl.usembassy.gov,TRUE
onlinelibrary.wiley.com,TRUE
8tharmy.korea.army.mil,TRUE
benthamopenarchives.com,TRUE
disposal.gsa.gov,TRUE
moody.af.mil,TRUE
ua.usembassy.gov,TRUE
randr19.nist.gov,TRUE
nrd.gov,TRUE
marinedebris.noaa.gov,TRUE
mnd.uscourts.gov,TRUE
daac.gsfc.nasa.gov,TRUE
orip.nih.gov,TRUE
gomo.army.mil,TRUE
facadatabase.gov,TRUE
remm.hhs.gov,TRUE
www-nesdis-noaa-gov.translate.goog,TRUE
ocreco.od.nih.gov,TRUE
tmep.uspto.gov,TRUE
pubmed-ncbi-nlm-nih-gov.bvsp.idm.oclc.org,TRUE
hanscom.af.mil,TRUE
mcbbutler.marines.mil,TRUE
pubmed-ncbi-nlm-nih-gov.cuml1.md.chula.ac.th,TRUE
joinastudy.niehs.nih.gov,TRUE
fnal.gov,TRUE
ccmc.gsfc.nasa.gov,TRUE
fns-prod.azureedge.us,TRUE
mymoney.gov,TRUE
hurlburt.af.mil,TRUE
bls.gov,TRUE
pubmed-ncbi-nlm-nih-gov.libproxy1.nus.edu.sg,TRUE
luke.af.mil,TRUE
software.nasa.gov,TRUE
nibib.nih.gov,TRUE
aftc.af.mil,TRUE
fic.nih.gov,TRUE
monitor.sns.gov,TRUE
standards.nasa.gov,TRUE
climate.us,TRUE
erdc.usace.army.mil,TRUE
ereg.eoir.justice.gov,TRUE
adp.noaa.gov,TRUE
eros.usgs.gov,TRUE
qa.usembassy.gov,TRUE
pacificarea.uscg.mil,TRUE
bhwnextgen.hrsa.gov,TRUE
tetruss.larc.nasa.gov,TRUE
kw.usembassy.gov,TRUE
yokota.af.mil,TRUE
spo.nmfs.noaa.gov,TRUE
help.cbp.gov,TRUE
keesler.af.mil,TRUE
crimesolutions.ojp.gov,TRUE
roman.gsfc.nasa.gov,TRUE
aqua.nasa.gov,TRUE
cdaweb.gsfc.nasa.gov,TRUE
ppa.mil,TRUE
intelligencecareers.usajobs.gov,TRUE
trek.msfc.nasa.gov,TRUE
jba.af.mil,TRUE
sealevel.nasa.gov,TRUE
get.gov,TRUE
water.usgs.gov,TRUE
ro.usembassy.gov,TRUE
ca7.uscourts.gov,TRUE
preptoolkit.fema.gov,TRUE
hsrd.research.va.gov,TRUE
millifelearning.militaryonesource.mil,TRUE
travis.af.mil,TRUE
navfac.navy.mil,TRUE
geoplatform.gov,TRUE
text-message.blogs.archives.gov,TRUE
easey.epa.gov,TRUE
nas.nasa.gov,TRUE
sam.usace.army.mil,TRUE
1stmardiv.marines.mil,TRUE
hqrio.afrc.af.mil,TRUE
shaw.af.mil,TRUE
vaccines.gov,TRUE
lightning.nsstc.nasa.gov,TRUE
worldwind.arc.nasa.gov,TRUE
swpc-drupal.woc.noaa.gov,TRUE
oceantoday.noaa.gov,TRUE
archive.ada.gov,TRUE
deeoic.dol.gov,TRUE
nccih.nih.gov,TRUE
giovanni.gsfc.nasa.gov,TRUE
researchdirectorate.larc.nasa.gov,TRUE
data.noaa.gov,TRUE
centers.hpc.mil,TRUE
search.clinicalgenome.org,TRUE
childcare-pre-prod.acf.gov,TRUE
prevention.cancer.gov,TRUE
solutions.arpa-h.gov,TRUE
nrs.ed.gov,TRUE
vetcenter.va.gov,TRUE
oedwebdbapps.iso.noaa.gov,TRUE
fitness.marines.mil,TRUE
staging.simpler.grants.gov,TRUE
ipidentifier.uspto.gov,TRUE
mepcom.army.mil,TRUE
apps.nlrb.gov,TRUE
btcomp.dol.gov,TRUE
gr.usembassy.gov,TRUE
archive.dni.gov,TRUE
cbp.gov,TRUE
asprtracie.hhs.gov,TRUE
epi.grants.cancer.gov,TRUE
huachuca.armymwr.com,TRUE
cpo.noaa.gov,TRUE
boiefiling.fincen.gov,TRUE
test-forum.earthdata.nasa.gov,TRUE
petersonschriever.spaceforce.mil,TRUE
sma.nasa.gov,TRUE
trafficsafetymarketing.gov,TRUE
charts.noaa.gov,TRUE
cdxocsppapps.epa.gov,TRUE
dadds-dcs.data.nesdis.noaa.gov,TRUE
www-cdc-gov.translate.goog,TRUE
findit.state.gov,TRUE
navifor.usff.navy.mil,TRUE
rsreporting.opm.gov,TRUE
2009-2017-fpc.state.gov,TRUE
gordon.armymwr.com,TRUE
whs.mil,TRUE
stratcom.mil,TRUE
bulkorder.ftc.gov,TRUE
sba.gov,TRUE
littlerock.af.mil,TRUE
dpaa.mil,TRUE
iadrp.nia.nih.gov,TRUE
jats.nlm.nih.gov,TRUE
permits.performance.gov,TRUE
innovation.army.mil,TRUE
andersen.af.mil,TRUE
ofaclicensing.ofac.treas.gov,TRUE
stb.gov,TRUE
pec.ng.mil,TRUE
safetosleep.nichd.nih.gov,TRUE
schoolsafety.gov,TRUE
nccoe.nist.gov,TRUE
inside.nssl.noaa.gov,TRUE
maxwell.af.mil,TRUE
foreignassistance.gov,TRUE
tyndall.af.mil,TRUE
uz.usembassy.gov,TRUE
thecommunityguide.org,TRUE
pubmed-ncbi-nlm-nih-gov.ezproxy.u-paris.fr,TRUE
d2d.gsa.gov,TRUE
speclib.jpl.nasa.gov,TRUE
ace-accounts.cbp.gov,TRUE
usmcservmart.gsa.gov,TRUE
ryanwhite.hrsa.gov,TRUE
childcareta.acf.hhs.gov,TRUE
peerta.acf.hhs.gov,TRUE
guardian.jpl.nasa.gov,TRUE
pfpa.mil,TRUE
usdebitcard.gov,TRUE
nwo.usace.army.mil,TRUE
tt.usembassy.gov,TRUE
vaadvantage.gsa.gov,TRUE
aab.larc.nasa.gov,TRUE
usaccess.usalearning.gov,TRUE
mgs-mager.gsfc.nasa.gov,TRUE
usarj.army.mil,TRUE
i2e.nci.nih.gov,TRUE
safety.af.mil,TRUE
mildenhall.af.mil,TRUE
prosthetics.va.gov,TRUE
cmr.uat.earthdata.nasa.gov,TRUE
dceg.cancer.gov,TRUE
prc.gov,TRUE
go.dhs.gov,TRUE
ellsworth.af.mil,TRUE
osi.af.mil,TRUE
discover.dtic.mil,TRUE
idh.uspto.gov,TRUE
wioaplans.dol.gov,TRUE
dz.usembassy.gov,TRUE
wwiiregistry.abmc.gov,TRUE
csdap.earthdata.nasa.gov,TRUE
qtso.cms.gov,TRUE
training.weather.gov,TRUE
uspto.usajobs.gov,TRUE
ncpc.gov,TRUE
doscareers.usajobs.gov,TRUE
www-fda-gov.translate.goog,TRUE
lbpw.larc.nasa.gov,TRUE
profiles.nlm.nih.gov,TRUE
data.niaid.nih.gov,TRUE
cancercontrol.cancer.gov,TRUE
william-beaumont.tricare.mil,TRUE
ch.usembassy.gov,TRUE
mcconnell.af.mil,TRUE
federalregister.gov,TRUE
offutt.af.mil,TRUE
octae.ed.gov,TRUE
trip.dhs.gov,TRUE
aberdeen.armymwr.com,TRUE
oralhealth.thinkculturalhealth.hhs.gov,TRUE
sg.usembassy.gov,TRUE
eielson.af.mil,TRUE
edrn-labcas.jpl.nasa.gov,TRUE
cwlibrary.childwelfare.gov,TRUE
imagic.nlm.nih.gov,TRUE
hpxml.nlr.gov,TRUE
awt.cbp.gov,TRUE
eog-tmng.uspto.gov,TRUE
mpg4.dmz.ornl.gov,TRUE
holloman.af.mil,TRUE
pokagon.nsopw.gov,TRUE
opm.gov,TRUE
history.defense.gov,TRUE
cu.usembassy.gov,TRUE
appliedsciences.nasa.gov,TRUE
trngcmd.marines.mil,TRUE
hgeo.energy.gov,TRUE
doctrine.af.mil,TRUE
recentgrad.usajobs.gov,TRUE
housing.af.mil,TRUE
ldlink.nih.gov,TRUE
srp.fas.gsa.gov,TRUE
sibr.nist.gov,TRUE
prhome.war.gov,TRUE
enoad.nvmc.uscg.gov,TRUE
search.uat.earthdata.nasa.gov,TRUE
fdms.gov,TRUE
co.ng.mil,TRUE
econsumer.gov,TRUE
cmgds.er.usgs.gov,TRUE
miramar.marines.mil,TRUE
raportal.vpn.va.gov,TRUE
armycivilianservice.usajobs.gov,TRUE
arm.gov,TRUE
nab.usace.army.mil,TRUE
spot.weather.gov,TRUE
scientificdiscoveries.ars.usda.gov,TRUE
riley.armymwr.com,TRUE
health.gov,TRUE
navalsafetycommand.navy.mil,TRUE
tmdesigncodes.uspto.gov,TRUE
iacc.hhs.gov,TRUE
medicaid.gov,TRUE
kilaueamilitarycamp.com,TRUE
aviano.af.mil,TRUE
usdaadvantage.gsa.gov,TRUE
data.ferc.gov,TRUE
csl.noaa.gov,TRUE
camp-pendleton.tricare.mil,TRUE
nl.usembassy.gov,TRUE
barksdale.af.mil,TRUE
starcom.spaceforce.mil,TRUE
arnold.af.mil,TRUE
asean.usmission.gov,TRUE
firms2.modaps.eosdis.nasa.gov,TRUE
classification.nlm.nih.gov,TRUE
pdsimage2.wr.usgs.gov,TRUE
sheppard.af.mil,TRUE
spdf.gsfc.nasa.gov,TRUE
leojira.ndc.nasa.gov,TRUE
edit.doi.gov,TRUE
onrr.gov,TRUE
espoarchive.nasa.gov,TRUE
portalval.cms.cmsval,TRUE
cybercom.mil,TRUE
newbornscreening.hrsa.gov,TRUE
2021-2025.state.gov,TRUE
qualityindicators.ahrq.gov,TRUE
sam.nlr.gov,TRUE
camp-lejeune.tricare.mil,TRUE
dm.af.mil,TRUE
gdc.cancer.gov,TRUE
dyess.af.mil,TRUE
e.cbp.dhs.gov,TRUE
moncrief.tricare.mil,TRUE
lk.usembassy.gov,TRUE
evans.tricare.mil,TRUE
cd.usembassy.gov,TRUE
ecostress.jpl.nasa.gov,TRUE
norad.mil,TRUE
nutrition.va.gov,TRUE
petitions.obamawhitehouse.archives.gov,TRUE
pubmed-ncbi-nlm-nih-gov.proxy3.library.mcgill.ca,TRUE
mcipac.marines.mil,TRUE
topobuilder.nationalmap.gov,TRUE
dcaa.mil,TRUE
winn.tricare.mil,TRUE
octrials.nci.nih.gov,TRUE
lincs.ed.gov,TRUE
ncsesdata.nsf.gov,TRUE
videos.fisheries.noaa.gov,TRUE
kunsan.af.mil,TRUE
fpr.tsa.dhs.gov,TRUE
lakenheath.af.mil,TRUE
al.usembassy.gov,TRUE
rockisland.armymwr.com,TRUE
occ.gov,TRUE
osmre.gov,TRUE
altus.af.mil,TRUE
mcasiwakuni.marines.mil,TRUE
atthecore.usgs.gov,TRUE
pubmed-ncbi-nlm-nih-gov.laneproxy.stanford.edu,TRUE
cid.army.mil,TRUE
programregistration.usps.com,TRUE
my.usembassy.gov,TRUE
hpmsimpl.cms.gov,TRUE
whistleblowers.gov,TRUE
ngbpmc.ng.mil,TRUE
coastwatch.glerl.noaa.gov,TRUE
mvr.usace.army.mil,TRUE
catalog.gsa.gov,TRUE
csp.navy.mil,TRUE
rtlt.preptoolkit.fema.gov,TRUE
eere-exchange.energy.gov,TRUE
imagwiki.nibib.nih.gov,TRUE
soho.nascom.nasa.gov,TRUE
sas.usace.army.mil,TRUE
epic.gsfc.nasa.gov,TRUE
fincen105.cbp.dhs.gov,TRUE
soldiersolutions.swf.army.mil,TRUE
contact.fda.gov,TRUE
web.fleet-stg.fcs.gsa.gov,TRUE
wvs.earthdata.nasa.gov,TRUE
onthemap.ces.census.gov,TRUE
uy.usembassy.gov,TRUE
pubmed-ncbi-nlm-nih-gov.bibliopass.unito.it,TRUE
seed.nih.gov,TRUE
pubmed-ncbi-nlm-nih-gov.kyoto-u.idm.oclc.org,TRUE
fisheriespermits.noaa.gov,TRUE
meade.armymwr.com,TRUE
va.ng.mil,TRUE
ie.usembassy.gov,TRUE
authinternal.nih.gov,TRUE
navycollege.navy.mil,TRUE
3rdmaw.marines.mil,TRUE
ph.health.mil,TRUE
mountainhome.af.mil,TRUE
cbpcomplaints.cbp.gov,TRUE
my.usgs.gov,TRUE
www-nhc-noaa-gov.translate.goog,TRUE
energyright.mytva.com,TRUE
frederick.cancer.gov,TRUE
vlm.cem.va.gov,TRUE
fairchild.af.mil,TRUE
dafhistory.af.mil,TRUE
takeitdown.ftc.gov,TRUE
cloudsgate2.larc.nasa.gov,TRUE
bb.usembassy.gov,TRUE
wilfordhall.tricare.mil,TRUE
developer.uscis.gov,TRUE
heat.gov,TRUE
fastweb.inl.gov,TRUE
origin-east-www-spc.woc.noaa.gov,TRUE
ctcms.nist.gov,TRUE
roundupreads.staging.ird.appdat.jsc.nasa.gov,TRUE
trimewebmod.epa.gov,TRUE
api.waterdata.usgs.gov,TRUE
pubmed-ncbi-nlm-nih-gov.uc.idm.oclc.org,TRUE
findingaids.nlm.nih.gov,TRUE
hoover.archives.gov,TRUE
hclsig.thinkculturalhealth.hhs.gov,TRUE
nano.gov,TRUE
oig.usda.gov,TRUE
pubmed-ncbi-nlm-nih-gov.proxy.lib.uiowa.edu,TRUE
usarmyband.com,TRUE
ratereview.healthcare.gov,TRUE
csms-int.nci.nih.gov,TRUE
pubmed-ncbi-nlm-nih-gov.e.bibl.liu.se,TRUE
cuidadodesalud.gov,TRUE
regulations.atf.gov,TRUE
il.ngb.army.mil,TRUE
blanchfield.tricare.mil,TRUE
kcnsc.doe.gov,TRUE
cnrfc.noaa.gov,TRUE
datatools.samhsa.gov,TRUE
ares.jsc.nasa.gov,TRUE
jts.health.mil,TRUE
gs66-vdclambda.ndc.nasa.gov,TRUE
earthquake-usgs-gov.translate.goog,TRUE
energystar.my.site.com,TRUE
rdms-mpep-vip.uspto.gov,TRUE
se.usembassy.gov,TRUE
kauai.ccmc.gsfc.nasa.gov,TRUE
hcsc.va.gov,TRUE
minot.af.mil,TRUE
afimsc.af.mil,TRUE
hpc.nih.gov,TRUE
usff.navy.mil,TRUE
artcrimes.fbi.gov,TRUE
data.va.gov,TRUE
hpc.llnl.gov,TRUE
29palms.marines.mil,TRUE
inss.ndu.edu,TRUE
oig.dol.gov,TRUE
pubmed-ncbi-nlm-nih-gov.login.ezproxy.library.ualberta.ca,TRUE
library.doc.gov,TRUE
sapr.mil,TRUE
calendar.nih.gov,TRUE
oakharbor.tricare.mil,TRUE
ofmpub.epa.gov,TRUE
oig.treasury.gov,TRUE
dtra.mil,TRUE
e-file.eeoc.gov,TRUE
veterans.smokefree.gov,TRUE
bs.usembassy.gov,TRUE
2ndmaw.marines.mil,TRUE
reportefraude.ftc.gov,TRUE
design.cms.gov,TRUE
open.gsa.gov,TRUE
oshrc.gov,TRUE
mcchord.af.mil,TRUE
access.earthdata.nasa.gov,TRUE
emilms.fema.gov,TRUE
mpep.uspto.gov,TRUE
fermi.gsfc.nasa.gov,TRUE
pt.usembassy.gov,TRUE
policymanual.nih.gov,TRUE
inside.fnal.gov,TRUE
energy.sandia.gov,TRUE
adminhub.nih.gov,TRUE
umbra.nascom.nasa.gov,TRUE
seagrant.noaa.gov,TRUE
hqmc.marines.mil,TRUE
ni.usembassy.gov,TRUE
malmstrom.af.mil,TRUE
careeronestop.org,TRUE
clintonwhitehouse4.archives.gov,TRUE
search.copyright.gov,TRUE
math.nist.gov,TRUE
landstuhl.tricare.mil,TRUE
16af.af.mil,TRUE
st.llnl.gov,TRUE
shemesh.larc.nasa.gov,TRUE
usccr.gov,TRUE
osan.af.mil,TRUE
tn.usembassy.gov,TRUE
healthcaredelivery.cancer.gov,TRUE
sem.dol.gov,TRUE
marforpac.marines.mil,TRUE
orwh.od.nih.gov,TRUE
ip.sandia.gov,TRUE
saj.usace.army.mil,TRUE
dpcpsi.nih.gov,TRUE
unwritten-record.blogs.archives.gov,TRUE
fca.gov,TRUE
lasers.llnl.gov,TRUE
xk.usembassy.gov,TRUE
ldrd-annual.llnl.gov,TRUE
afcec.af.mil,TRUE
goarmysof.army.mil,TRUE
selectagents.gov,TRUE
archive.epa.gov,TRUE
access.uat.earthdata.nasa.gov,TRUE
business.defense.gov,TRUE
login.identitytheft.gov,TRUE
lr.usembassy.gov,TRUE
content-drupal.climate.gov,TRUE
pubmed-ncbi-nlm-nih-gov.ez.srv.meduniwien.ac.at,TRUE
curator.jsc.nasa.gov,TRUE
developers.login.gov,TRUE
21af.amc.af.mil,TRUE
whiteman.af.mil,TRUE
ssfl.msfc.nasa.gov,TRUE
ncrms.niaid.nih.gov,TRUE
ftp.nohrsc.noaa.gov,TRUE
pubmed-ncbi-nlm-nih-gov.ucsf.idm.oclc.org,TRUE
mhs-europe.tricare.mil,TRUE
navyreserve.navy.mil,TRUE
ndw.cnic.navy.mil,TRUE
oe.t2com.army.mil,TRUE
eddataexpress.ed.gov,TRUE
ivscc-vcc.org,TRUE
inside.niaid.nih.gov,TRUE
offutt.tricare.mil,TRUE
dla.usajobs.gov,TRUE
pubmed.cesproxy.elogim.com,TRUE
iris.epa.gov,TRUE
public.srs.gov,TRUE
nae.usace.army.mil,TRUE
accounts.waterdata.usgs.gov,TRUE
test-cwo.cwigng.com,TRUE
help.hrsa.gov,TRUE
sec.gov,TRUE
cm.usembassy.gov,TRUE
jcu.mil,TRUE
hanford.gov,TRUE
apps-garfo.fisheries.noaa.gov,TRUE
cloud1.hanhongju.com,TRUE
seymourjohnson.af.mil,TRUE
msc.usff.navy.mil,TRUE
am.usembassy.gov,TRUE
mvn.usace.army.mil,TRUE
amberalert.ojp.gov,TRUE
quality-install-tool.pnnl.gov,TRUE
tech.hhs.gov,TRUE
clintonwhitehouse6.archives.gov,TRUE
pubmed-ncbi-nlm-nih-gov.kumc.idm.oclc.org,TRUE
marcorsyscom.marines.mil,TRUE
s3vi.ndc.nasa.gov,TRUE
public.ksc.nasa.gov,TRUE
floridakeys.noaa.gov,TRUE
data.nist.gov,TRUE
laughlin.af.mil,TRUE
datatools.ahrq.gov,TRUE
robodeidentidad.gov,TRUE
ecc.uat.earthdata.nasa.gov,TRUE
cnrnw.cnic.navy.mil,TRUE
faa.usajobs.gov,TRUE
beale.af.mil,TRUE
circulatingnow.nlm.nih.gov,TRUE
spcwebsite.spc.noaa.gov,TRUE
omisips1.omisips.eosdis.nasa.gov,TRUE
kh.usembassy.gov,TRUE
exascaleproject.org,TRUE
climatesciences.jpl.nasa.gov,TRUE
pwg.gsfc.nasa.gov,TRUE
rw.usembassy.gov,TRUE
manufacturingusa.com,TRUE
imef.marines.mil,TRUE
pres.ccr.cancer.gov,TRUE
eisenhower.tricare.mil,TRUE
order.nia.nih.gov,TRUE
nationalgangcenter.ojp.gov,TRUE
nccd.cdc.gov,TRUE
ssaiatlanta.usajobs.gov,TRUE
fhfa.gov,TRUE
natsec.usajobs.gov,TRUE
imagej.nih.gov,TRUE
adc.arm.gov,TRUE
nz.usembassy.gov,TRUE
patrick.spaceforce.mil,TRUE
surveillance.cancer.gov,TRUE
closedbanks.fdic.gov,TRUE
cebs.niehs.nih.gov,TRUE
firstnet.gov,TRUE
datadiscovery.nlm.nih.gov,TRUE
efile.fara.gov,TRUE
pubmed-ncbi-nlm-nih-gov.autorpa.cmu.edu.tw,TRUE
courses.lincs.ed.gov,TRUE
eserviceregistration.ice.gov,TRUE
mmlweb.nist.gov,TRUE
api.nasa.gov,TRUE
asafm.army.mil,TRUE
nef.nasa.gov,TRUE
maps.nlr.gov,TRUE
buckley.spaceforce.mil,TRUE
legacy.export.gov,TRUE
search.nih.gov,TRUE
swl.usace.army.mil,TRUE
lanl.gov,TRUE
energy.gov,TRUE
tz.usembassy.gov,TRUE
ustranscom.mil,TRUE
rs.usembassy.gov,TRUE
pubmed-ncbi-nlm-nih-gov.proxy.library.vanderbilt.edu,TRUE
asrs.arc.nasa.gov,TRUE
planning.nps.gov,TRUE
icesat.gsfc.nasa.gov,TRUE
wwao.jpl.nasa.gov,TRUE
nationallakesassessment.epa.gov,TRUE
pubmed-ncbi-nlm-nih-gov.treadwell.idm.oclc.org,TRUE
msepjobs.militaryonesource.mil,TRUE
pepcstage.nps.gov,TRUE
globe.gov,TRUE
clintonwhitehouse5.archives.gov,TRUE
gsa.usajobs.gov,TRUE
bh.usembassy.gov,TRUE
pubmed-ncbi-nlm-nih-gov.uml.idm.oclc.org,TRUE
imp.data.cms.gov,TRUE
moguard.ngb.mil,TRUE
earth.gov,TRUE
openpayments.system.cms.gov,TRUE
sda.mil,TRUE
dsubmit.ncbi.nlm.nih.gov,TRUE
nemi.gov,TRUE
missionsystems.navy.mil,TRUE
usmcservmart.gsa.gov,TRUE
nwk.usace.army.mil,TRUE
cnrh.cnic.navy.mil,TRUE
pubmed-ncbi-nlm-nih-gov.jmul.idm.oclc.org,TRUE
pptform.state.gov,TRUE
udall.gov,TRUE
usainscom.army.mil,TRUE
wma.mil,TRUE
afnwc.af.mil,TRUE
b54bb3ce8dfd0d5c89dfe1822de4d04aef240808.vetisonline.com,TRUE
cnrc.navy.mil,TRUE
alcoholpolicy.niaaa.nih.gov,TRUE
pubmed-ncbi-nlm-nih-gov.ezaccess.libraries.psu.edu,TRUE
ncd.gov,TRUE
hrmanagement.usajobs.gov,TRUE
dodsoco.ogc.osd.mil,TRUE
login.research4life.org,TRUE
cybercoe.army.mil,TRUE
cebs-ext.niehs.nih.gov,TRUE
dk.usembassy.gov,TRUE
test-nccih.rocbis.com,TRUE
501csw.usafe.af.mil,TRUE
comptrollerofthecurrency.gov,TRUE
library.noaa.gov,TRUE
pubmed-ncbi-nlm-nih-gov.humanitas.idm.oclc.org,TRUE
picatinny.armymwr.com,TRUE
asdc.sit.larc.nasa.gov,TRUE
irbo.nih.gov,TRUE
nagb.gov,TRUE
tm.usembassy.gov,TRUE
hescore.labworks.org,TRUE
erma.noaa.gov,TRUE
training.bls.gov,TRUE
rehab.va.gov,TRUE
nationaldppcsc.cdc.gov,TRUE
askearn.org,TRUE
financialaidtoolkit.ed.gov,TRUE
pubmed-ncbi-nlm-nih-gov.pucdechile.idm.oclc.org,TRUE
afdw.af.mil,TRUE
c6f.navy.mil,TRUE
doe-humangenomeproject.ornl.gov,TRUE
joltsdata.bls.gov,TRUE
coralreef.noaa.gov,TRUE
swg.usace.army.mil,TRUE
militaryonesource.mil,TRUE
at.usembassy.gov,TRUE
pubmed-ncbi-nlm-nih-gov.ejournal.mahidol.ac.th,TRUE
usarpac.army.mil,TRUE
arl.noaa.gov,TRUE
cnmoc.usff.navy.mil,TRUE
bookings.dragonhilllodge.com,TRUE
prod.nais.nasa.gov,TRUE
tsapps-i.nist.gov,TRUE
idmanagement.gov,TRUE
agdatacommons.nal.usda.gov,TRUE
search.nsf.gov,TRUE
37trw.af.mil,TRUE
adoptions.state.gov,TRUE
environment.fhwa.dot.gov,TRUE
sn.usembassy.gov,TRUE
dis.epa.gov,TRUE
qlikviz.epa.gov,TRUE
buoybay.noaa.gov,TRUE
glovis.usgs.gov,TRUE
lambda.gsfc.nasa.gov,TRUE
fmshrc.gov,TRUE
incirlik.af.mil,TRUE
olcf.ornl.gov,TRUE
docs.gdc.cancer.gov,TRUE
exwc.navfac.navy.mil,TRUE
pavilion.dinfos.edu,TRUE
stage-childwelfare.cwigng.com,TRUE
nwd.usace.army.mil,TRUE
its.ntia.gov,TRUE
millionhearts.hhs.gov,TRUE
tips.oig.hhs.gov,TRUE
polk.armymwr.com,TRUE
people.llnl.gov,TRUE
cqr.cms.gov,TRUE
pubmed-ncbi-nlm-nih-gov-443.vpn.ymun.edu.cn,TRUE
seafoodinspection.nmfs.noaa.gov,TRUE
econsumer.gov,TRUE
seqdata.uspto.gov,TRUE
usgs.gov,TRUE
mpris.fda.gov,TRUE
kimbrough.tricare.mil,TRUE
jacksonville.tricare.mil,TRUE
sat.reginfo.gov,TRUE
old.fsa.usda.gov,TRUE
fdr.blogs.archives.gov,TRUE
gain.inl.gov,TRUE
sacandfoxnation.nsopw.gov,TRUE
trc.nist.gov,TRUE
hoover.blogs.archives.gov,TRUE
martin.tricare.mil,TRUE
forestproducts.blm.gov,TRUE
www-war-gov.translate.goog,TRUE
pubmed-ncbi-nlm-nih-gov.myaccess.library.utoronto.ca,TRUE
chis.ice.gov,TRUE
py.usembassy.gov,TRUE
socialwork.va.gov,TRUE
swt.usace.army.mil,TRUE
wrightpatterson.tricare.mil,TRUE
marines.mil,TRUE
jimmycarterlibrary.gov,TRUE
buildingenergyscore.energy.gov,TRUE
respond.census.gov,TRUE
cms.doe.gov,TRUE
ht.usembassy.gov,TRUE
asa24.nih.gov,TRUE
cdas.cancer.gov,TRUE
yourtickettowork.ssa.gov,TRUE
vsc.gsa.gov,TRUE
hiv.va.gov,TRUE
pubmed-ncbi-nlm-nih-gov.translate.goog,TRUE
mpg3.dmz.ornl.gov,TRUE
be.usembassy.gov,TRUE
nasacentral.my.site.com,TRUE
nurse.usajobs.gov,TRUE
shi.cdc.gov,TRUE
hu.usembassy.gov,TRUE
leasing.gsa.gov,TRUE
tp53.cancer.gov,TRUE
mcbhawaii.marines.mil,TRUE
usicecenter.gov,TRUE
dinfos.dma.mil,TRUE
bds.explorer.ces.census.gov,TRUE
flowergarden.noaa.gov,TRUE
afjag.af.mil,TRUE
kg.usembassy.gov,TRUE
ssaiphiladelphia.usajobs.gov,TRUE
arkansas.nationalguard.mil,TRUE
survey.larc.nasa.gov,TRUE
clintonwhitehouse3.archives.gov,TRUE
scool.larc.nasa.gov,TRUE
jfsc.ndu.edu,TRUE
promotores.thinkculturalhealth.hhs.gov,TRUE
test-tolnet.larc.nasa.gov,TRUE
space.commerce.gov,TRUE
oshacareers.usajobs.gov,TRUE
computing.llnl.gov,TRUE
pubmed-ncbi-nlm-nih-gov.ezproxy.lib.ucalgary.ca,TRUE
ghgreporting.epa.gov,TRUE
spk.usace.army.mil,TRUE
treasury.usajobs.gov,TRUE
science.jpl.nasa.gov,TRUE
iiimef.marines.mil,TRUE
www-usgs-gov.translate.goog,TRUE
iimef.marines.mil,TRUE
gulfspillrestoration.noaa.gov,TRUE
dowea.usajobs.gov,TRUE
postdoc-pnnl.icims.com,TRUE
darrp.noaa.gov,TRUE
capris.ncua.gov,TRUE
app-dev-drive-beam-eus2-00.azurewebsites.net,TRUE
locator.hiv.gov,TRUE
frtr.gov,TRUE
landfire.gov,TRUE
md.usembassy.gov,TRUE
mvp.usace.army.mil,TRUE
poisonhelp.hrsa.gov,TRUE
nao.usace.army.mil,TRUE
hea.mytva.com,TRUE
mcmwtc.marines.mil,TRUE
pls.llnl.gov,TRUE
agencyportal.usajobs.gov,TRUE
okinawa.tricare.mil,TRUE
guest.nasa.gov,TRUE
blsmon1.bls.gov,TRUE
lee.armymwr.com,TRUE
pubmed-ncbi-nlm-nih-gov.turing.library.northwestern.edu,TRUE
nfs.fs2c.usda.gov,TRUE
tolnet.larc.nasa.gov,TRUE
ir.usembassy.gov,TRUE
nihms.nih.gov,TRUE
laguna.nsopw.gov,TRUE
acd-ext.gsfc.nasa.gov,TRUE
mn.usembassy.gov,TRUE
womenshealth.va.gov,TRUE
papahanaumokuakea.gov,TRUE
mmt.earthdata.nasa.gov,TRUE
my.nasa.gov,TRUE
nari.arc.nasa.gov,TRUE
catpx-custreg.usps.com,TRUE
integrationacademy.ahrq.gov,TRUE
hints.cancer.gov,TRUE
spsweb.fltops.jpl.nasa.gov,TRUE
pubmed-ncbi-nlm-nih-gov.mhdla.flysheet.com.tw,TRUE
archivesspace.nal.usda.gov,TRUE
dac3.tsa.dhs.gov,TRUE
ok.ng.mil,TRUE
h2f.army.mil,TRUE
columbus.af.mil,TRUE
andrews.tricare.mil,TRUE
api.data.gov,TRUE
afsc.af.mil,TRUE
search.forfeiture.gov,TRUE
j2jexplorer.ces.census.gov,TRUE
mm.usembassy.gov,TRUE
desmond-doss.tricare.mil,TRUE
https-pubmed-ncbi-nlm-nih-gov-443.vpn.cdutcm.edu.cn,TRUE
om.usembassy.gov,TRUE
search.bea.gov,TRUE
cherrypoint.marines.mil,TRUE
polar.ncep.noaa.gov,TRUE
chemm.hhs.gov,TRUE
printerdirectory.usps.com,TRUE
don.usajobs.gov,TRUE
va.usajobs.gov,TRUE
robodeidentidad.gov,TRUE
farmers.gov,TRUE
vaforvets.va.gov,TRUE
veterantraining.va.gov,TRUE
nsw.navy.mil,TRUE
tecom.marines.mil,TRUE
soma.larc.nasa.gov,TRUE
nchsdata.cdc.gov,TRUE
dc3.mil,TRUE
cwcgom.aoml.noaa.gov,TRUE
nsrdb.nlr.gov,TRUE
labels.fda.gov,TRUE
batse.msfc.nasa.gov,TRUE
mvs.usace.army.mil,TRUE
resources.data.gov,TRUE
nwp.usace.army.mil,TRUE
str.llnl.gov,TRUE
pubmed-ncbi-nlm-nih-gov.ezproxy.utu.fi,TRUE
iawg.gov,TRUE
carlisle.armymwr.com,TRUE
fj.usembassy.gov,TRUE
businessdefense.gov,TRUE
qa-api.cbp.dhs.gov,TRUE
naracweb.llnl.gov,TRUE
pubmed-ncbi-nlm-nih-gov.mu.idm.oclc.org,TRUE
saltonsea.jpl.nasa.gov,TRUE
2ndmardiv.marines.mil,TRUE
dj.usembassy.gov,TRUE
pbm.va.gov,TRUE
uicone.epa.gov,TRUE
dot.usajobs.gov,TRUE
afadvantage.gov,TRUE
baumholder.armymwr.com,TRUE
permits.blm.doi.net,TRUE
pubmed.mylibs.cn,TRUE
blog.response.restoration.noaa.gov,TRUE
aglab.ars.usda.gov,TRUE
prevention.nih.gov,TRUE
planmymove.militaryonesource.mil,TRUE
1id.army.mil,TRUE
ipris.cbp.dhs.gov,TRUE
fluid.nccs.nasa.gov,TRUE
medicalcountermeasures.gov,TRUE
m.cameochemicals.noaa.gov,TRUE
cwpm.acf.gov,TRUE
madeinamerica.gov,TRUE
casey.armymwr.com,TRUE
helpspanish.cbp.gov,TRUE
genealogy.uscis.dhs.gov,TRUE
beta.ngs.noaa.gov,TRUE
1stmaw.marines.mil,TRUE
cmls.gsa.gov,TRUE
mz.usembassy.gov,TRUE
ledextract.ces.census.gov,TRUE
pubmed-ncbi-nlm-nih-gov.ezproxy.utas.edu.au,TRUE
cdxoarapps.epa.gov,TRUE
doha.ogc.osd.mil,TRUE
dhsadvantage.gsa.gov,TRUE
app.coastalscience.noaa.gov,TRUE
pubmed-ncbi-nlm-nih-gov.webproxy2.ouhsc.edu,TRUE
spl.usace.army.mil,TRUE
necc.usff.navy.mil,TRUE
ne.usembassy.gov,TRUE
nesr.usda.gov,TRUE
cleancities.energy.gov,TRUE
warrelatedillness.va.gov,TRUE
albany.marines.mil,TRUE
usdss.cdc.gov,TRUE
losangeles.spaceforce.mil,TRUE
umesc.usgs.gov,TRUE
pubmed-ncbi-nlm-nih-gov.proxyonelk.flysheet.com.tw,TRUE
charterschoolcenter.ed.gov,TRUE
yrbs-explorer.services.cdc.gov,TRUE
frtib.gov,TRUE
marsoc.marines.mil,TRUE
hires.gsfc.nasa.gov,TRUE
letsmove.obamawhitehouse.archives.gov,TRUE
animaldrugsatfda.fda.gov,TRUE
civiliancoastguardcareers.usajobs.gov,TRUE
harmony.uat.earthdata.nasa.gov,TRUE
stellwagen.noaa.gov,TRUE
jbab.jb.mil,TRUE
snlweather.sandia.gov,TRUE
bioinformatics.ccr.cancer.gov,TRUE
nan.usace.army.mil,TRUE
omniweb.gsfc.nasa.gov,TRUE
atb.nlr.gov,TRUE
www-epa-gov.translate.goog,TRUE
pubmed-ncbi-nlm-nih-gov.proxy1.lib.uwo.ca,TRUE
irp.nida.nih.gov,TRUE
pa.ng.mil,TRUE
ilrs.gsfc.nasa.gov,TRUE
nap.usace.army.mil,TRUE
ncsacw.acf.gov,TRUE
globaldossier-ui.uspto.gov,TRUE
alzheimers.gov,TRUE
eglin.tricare.mil,TRUE
informahealthcare.com,TRUE
vdatum.noaa.gov,TRUE
osha.gov,TRUE
niwcpacific.navy.mil,TRUE
repository.niddk.nih.gov,TRUE
mccoy.armymwr.com,TRUE
usarcent.army.mil,TRUE
bg.usembassy.gov,TRUE
dcs1.noaa.gov,TRUE
events.ornl.gov,TRUE
cz.usembassy.gov,TRUE
digirepo.nlm.nih.gov,TRUE
pubmed-ncbi-nlm-nih-gov-ssl.libproxy.amc.seoul.kr,TRUE
pubmed-ncbi-nlm-nih-gov.jikei.idm.oclc.org,TRUE
doiu.doi.gov,TRUE
pubmed.ililai.com,TRUE
tvaoig.gov,TRUE
pubmed-ncbi-nlm-nih-gov.scd-rproxy.u-strasbg.fr,TRUE
forfeiture.gov,TRUE
pre.militaryonesource.mil,TRUE
ratereview.imp.healthcare.gov,TRUE
ssi.armywarcollege.edu,TRUE
vance.af.mil,TRUE
e-verify.gov,TRUE
nmb.gov,TRUE
az.usembassy.gov,TRUE
trumplibrary.gov,TRUE
tst-home.grantsolutions.gov,TRUE
pubmed-ncbi-nlm-nih-gov.ezproxy.cul.columbia.edu,TRUE
civet.inl.gov,TRUE
https-pubmed-ncbi-nlm-nih-gov-443.fmmulib.webvpn.net.cn,TRUE
arcyber.army.mil,TRUE
semspub.epa.gov,TRUE
ibwc.gov,TRUE
unity.americorps.gov,TRUE
data-science.llnl.gov,TRUE
sec.usajobs.gov,TRUE
pubmed-ncbi-nlm-nih-gov.libproxy.usouthal.edu,TRUE
developer.nvmc.uscg.gov,TRUE
gs671-suske.ndc.nasa.gov,TRUE
sciencebase.usgs.gov,TRUE
nws.usace.army.mil,TRUE
bj.usembassy.gov,TRUE
ncoworldwide.army.mil,TRUE
ncvs.bjs.ojp.gov,TRUE
briandallgood.tricare.mil,TRUE
usai.gov,TRUE
pubmed-ncbi-nlm-nih-gov.eproxy.lib.hku.hk,TRUE
pmc-ncbi-nlm-nih-gov.pbidi.unam.mx,TRUE
cpeground.army.mil,TRUE
bz.usembassy.gov,TRUE
pubmed-ncbi-nlm-nih-gov.autorpa.ntunhs.edu.tw,TRUE
ci.noaa.gov,TRUE
nww.usace.army.mil,TRUE
usfj.mil,TRUE
ci.usembassy.gov,TRUE
oasis.cdc.gov,TRUE
pubmed-ncbi-nlm-nih-gov.proxy.unibs.it,TRUE
open.ctsu.org,TRUE
armyfieldband.com,TRUE
manticore.niehs.nih.gov,TRUE
4innovation-impl.cms.gov,TRUE
dantes.mil,TRUE
pacific.navfac.navy.mil,TRUE
saw.usace.army.mil,TRUE
dfas.usajobs.gov,TRUE
precision.fda.gov,TRUE
hcv.lanl.gov,TRUE
ipo.llnl.gov,TRUE
spaceplace-nasa-gov.translate.goog,TRUE
edit.blm.gov,TRUE
disasters.nasa.gov,TRUE
niwcatlantic.navy.mil,TRUE
irwin.tricare.mil,TRUE
prod-01-asg-www-climate.woc.noaa.gov,TRUE
mchb.tvisdata.hrsa.gov,TRUE
fam-usdos.msappproxy.net,TRUE
cannon.af.mil,TRUE
ba.usembassy.gov,TRUE
vsafe.gov,TRUE
elmendorfrichardson.tricare.mil,TRUE
cherokee.nsopw.gov,TRUE
ethics.od.nih.gov,TRUE
pensacola.tricare.mil,TRUE
epa-prgs.ornl.gov,TRUE
travis.tricare.mil,TRUE
pcmdi.llnl.gov,TRUE
treasuryhunt.gov,TRUE
iam.cancer.gov,TRUE
bw.usembassy.gov,TRUE
leavenworth.armymwr.com,TRUE
medicalmuseum.health.mil,TRUE
cgap.nci.nih.gov,TRUE
discover.library.noaa.gov,TRUE
wwwplatform.ornl.gov,TRUE
tigerweb.geo.census.gov,TRUE
pw.usembassy.gov,TRUE
no.usembassy.gov,TRUE
nepassisttool.epa.gov,TRUE
ebccp.cancercontrol.cancer.gov,TRUE
montereybay.noaa.gov,TRUE
cms.ferc.gov,TRUE
iswa.ccmc.gsfc.nasa.gov,TRUE
prevention.va.gov,TRUE
pubmed-ncbi-nlm-nih-gov.pc124152.oulu.fi,TRUE
uat.usajobs.gov,TRUE
hmsworkshop.fisheries.noaa.gov,TRUE
developer.cms.gov,TRUE
lookforwatersense.epa.gov,TRUE
cit.nih.gov,TRUE
permits.blm.gov,TRUE
orbitaldebris.jsc.nasa.gov,TRUE
ig.army.mil,TRUE
epa.usajobs.gov,TRUE
researchstudies.nida.nih.gov,TRUE
ky.ng.mil,TRUE
cms.usgs.gov,TRUE
106rqw.ang.af.mil,TRUE
mhvidp-prod.myhealth.va.gov,TRUE
dataprivacyframeworkqa.azurewebsites.net,TRUE
irsauctions.gov,TRUE
dprpdataportal.cdc.gov,TRUE
gasd.uscourts.gov,TRUE
err.sec.usace.army.mil,TRUE
valor.defense.gov,TRUE
dc.ng.mil,TRUE
pubmed-ncbi-nlm-nih-gov.ezproxy.lib.kyushu-u.ac.jp,TRUE
fatherhood.gov,TRUE
har.gsfc.nasa.gov,TRUE
www-robotics.jpl.nasa.gov,TRUE
midcdmz.nlr.gov,TRUE
isccompliance.atlas-ext.cisa.dhs.gov,TRUE
asterweb.jpl.nasa.gov,TRUE
collegedrinkingprevention.gov,TRUE
fl.ng.mil,TRUE
imp.developer.cms.gov,TRUE
transforming-classification.blogs.archives.gov,TRUE
stage-usps.com,TRUE
intranet.ncbi.nlm.nih.gov,TRUE
safecom.gov,TRUE
swf.usace.army.mil,TRUE
amc.army.mil,TRUE
nctr.pmel.noaa.gov,TRUE
sublant.usff.navy.mil,TRUE
sti.nasa.gov,TRUE
1stmlg.marines.mil,TRUE
v26267ncay521.aa.ad.epa.gov,TRUE
learn.nicic.gov,TRUE
na.usembassy.gov,TRUE
three.jsc.nasa.gov,TRUE
jtfncr.mdw.army.mil,TRUE
campusdrugprevention.gov,TRUE
moeb.uscourts.gov,TRUE
pubmed-ncbi-nlm-nih-gov.opbg.idm.oclc.org,TRUE
airforce.usajobs.gov,TRUE
arpa-e-foa.energy.gov,TRUE
nohrsc.l.noaa.gov,TRUE
studyguides.af.mil,TRUE
mrdc.health.mil,TRUE
tbmp.uspto.gov,TRUE
pso.ahrq.gov,TRUE
tj.usembassy.gov,TRUE
pubmed-ncbi-nlm-nih-gov.libproxy.temple.edu,TRUE
al.ng.mil,TRUE
aepubs.eur.army.mil,TRUE
performance.gov,TRUE
mvk.usace.army.mil,TRUE
art.cdc.gov,TRUE
timecard.fnal.gov,TRUE
yokosuka.tricare.mil,TRUE
www7.eere.energy.gov,TRUE
alcoholtreatment.niaaa.nih.gov,TRUE
covid-relief-data.ed.gov,TRUE
sdms.ak.blm.gov,TRUE
cneos.jpl.nasa.gov,TRUE
supportservices.jobcorps.gov,TRUE
tools.niehs.nih.gov,TRUE
metoc.dc3n.navy.mil,TRUE
ao.usembassy.gov,TRUE
permitting.gov,TRUE
admintools2.dol.gov,TRUE
volpe.dot.gov,TRUE
creech.af.mil,TRUE
nasic.af.mil,TRUE
professionalstandards.fns.usda.gov,TRUE
esrl.noaa.gov,TRUE
seabass.gsfc.nasa.gov,TRUE
space.jpl.nasa.gov,TRUE
pubmed-ncbi-nlm-nih-gov.bibliosan.idm.oclc.org,TRUE
pvpmc.sandia.gov,TRUE
computersforlearning.gov,TRUE
ssaisanfrancisco.usajobs.gov,TRUE
publibrary.sec.usace.army.mil,TRUE
epa-dccs.ornl.gov,TRUE
spa.usace.army.mil,TRUE
ssaidallas.usajobs.gov,TRUE
amdsb.larc.nasa.gov,TRUE
osp.va.gov,TRUE
bpajobs.usajobs.gov,TRUE
patientcare.va.gov,TRUE
education.blogs.archives.gov,TRUE
eftps.com,TRUE
falcon.gsa.gov,TRUE
nrt4.modaps.eosdis.nasa.gov,TRUE
foluat.ferc.gov,TRUE
cpec2in.army.mil,TRUE
direct.aphis.usda.gov,TRUE
ppo.marines.mil,TRUE
wdh.energy.gov,TRUE
dhs.gov,TRUE
apps.fws.gov,TRUE
pubmed-ncbi-nlm-nih-gov.emedien.ub.uni-muenchen.de,TRUE
studyabroad.state.gov,TRUE
cdi.cdc.gov,TRUE
hud4.my.site.com,TRUE
www2.cdc.gov,TRUE
datascience.nih.gov,TRUE
acquisitiongateway.gov,TRUE
tao.ndbc.noaa.gov,TRUE
pubmed-ncbi-nlm-nih-gov.ezp2.lib.umn.edu,TRUE
alssa.mil,TRUE
digitalmedia.hhs.gov,TRUE
afn.mil,TRUE
pubmed-ncbi-nlm-nih-gov.ezp3.lib.umn.edu,TRUE
spn.usace.army.mil,TRUE
me.usembassy.gov,TRUE
imp.qpp.cms.gov,TRUE
www-tx.ers.usda.gov,TRUE
dnpao-dtm.cdc.gov,TRUE
edap.epa.gov,TRUE
navajo.nsopw.gov,TRUE
aircrafticing.grc.nasa.gov,TRUE
gcn.gsfc.nasa.gov,TRUE
104fw.ang.af.mil,TRUE
ylai.state.gov,TRUE
rocis.gov,TRUE
netl-exchange.energy.gov,TRUE
dsfa.nmfs.noaa.gov,TRUE
metc.mil,TRUE
defensesbirsttr.mil,TRUE
ga.ng.mil,TRUE
adoption.state.gov,TRUE
developer.usajobs.gov,TRUE
firstrespondertraining.gov,TRUE
publications.armywarcollege.edu,TRUE
enservices.epa.gov,TRUE
wpo.noaa.gov,TRUE
ak.ng.mil,TRUE
pubmed-ncbi-nlm-nih-gov.erm.mmh.org.tw,TRUE
vesl.jpl.nasa.gov,TRUE
kyeb.uscourts.gov,TRUE
iaf.gov,TRUE
aqs.epa.gov,TRUE
blog.marinedebris.noaa.gov,TRUE
storm.aoml.noaa.gov,TRUE
ncifrederick.cancer.gov,TRUE
stage-digitalmedia.hhs.gov,TRUE
arcp.army.mil,TRUE
nc.water.usgs.gov,TRUE
ioos.noaa.gov,TRUE
assessments.epa.gov,TRUE
nhlbi.nih.gov,TRUE
visiblecement.nist.gov,TRUE
resilience.af.mil,TRUE
mainweb.awsprod.nlm.nih.gov,TRUE
access.co-ops.nos.noaa.gov,TRUE
rediscovering-black-history.blogs.archives.gov,TRUE
cic.ndu.edu,TRUE
pubmed-ncbi-nlm-nih-gov.consultaremota.upb.edu.co,TRUE
cg.usembassy.gov,TRUE
pubmed-ncbi-nlm-nih-gov.acces.bibl.ulaval.ca,TRUE
cms.fhwa.dot.gov,TRUE
airknowledge.gov,TRUE
xtk-recon.sandia.gov,TRUE
tmp.fisheries.noaa.gov,TRUE
guideme.epa.gov,TRUE
zh-store.usps.com,TRUE
learn.nlm.nih.gov,TRUE
2ndmlg.marines.mil,TRUE
gy.usembassy.gov,TRUE
pubmed-ncbi-nlm-nih-gov.recursosbiblioteca.unab.cl,TRUE
accesstopwt.va.gov,TRUE
workcenter.gov,TRUE
ga.water.usgs.gov,TRUE
es-reg.usps.com,TRUE
swcweb.epa.gov,TRUE
pubmed-ncbi-nlm-nih-gov-ssl.libproxy.snu.ac.kr,TRUE
dmp.dol.gov,TRUE
artifacts.nasa.gov,TRUE
pml.nist.gov,TRUE
cams.nssl.noaa.gov,TRUE
cgsr.llnl.gov,TRUE
sws.nlr.gov,TRUE
scinet.usda.gov,TRUE
globalocean.noaa.gov,TRUE
farallones.noaa.gov,TRUE
cloud.cms.gov,TRUE
security.cms.gov,TRUE
thunderbay.noaa.gov,TRUE
acoms-impl.cms.gov,TRUE
pubmed-ncbi-nlm-nih-gov.sw.lib.csmu.edu.tw,TRUE
modis.ornl.gov,TRUE
cy.usembassy.gov,TRUE
pubmed-ncbi-nlm-nih-gov.ezp1.lib.umn.edu,TRUE
terra.nasa.gov,TRUE
cmsi.usajobs.gov,TRUE
acquisitions.usajobs.gov,TRUE
dods.ndbc.noaa.gov,TRUE
ct.ng.mil,TRUE
pubmed-ncbi-nlm-nih-gov.unimib.idm.oclc.org,TRUE
mdmap.orr.noaa.gov,TRUE
epa-bdcc.ornl.gov,TRUE
pclob.gov,TRUE
usancoa.army.mil,TRUE
qwiexplorer.ces.census.gov,TRUE
explorers.larc.nasa.gov,TRUE
portal.nhtsa.gov,TRUE
mwrbrandcentral.com,TRUE
ephtracking.cdc.gov,TRUE
aasis.omha.hhs.gov,TRUE
internal.ncbi.nlm.nih.gov,TRUE
nhchawaii.tricare.mil,TRUE
ne.ng.mil,TRUE
lt.usembassy.gov,TRUE
japan.marines.mil,TRUE
cbi.ornl.gov,TRUE
grace.jpl.nasa.gov,TRUE
pivauthinternal.nih.gov,TRUE
www-hhs-gov.translate.goog,TRUE
lidar.jpl.nasa.gov,TRUE
innovation.va.gov,TRUE
icesat-2.gsfc.nasa.gov,TRUE
pubmed-ncbi-nlm-nih-gov.une.idm.oclc.org,TRUE
graysreef.noaa.gov,TRUE
es.ndu.edu,TRUE
search.ers.usda.gov,TRUE
first.army.mil,TRUE
mk.usembassy.gov,TRUE
zm.usembassy.gov,TRUE
sciencecareers.apps.nasa.gov,TRUE
epa-sprg.ornl.gov,TRUE
smclinician.myhealth.va.gov,TRUE
archive.oceanexplorer.noaa.gov,TRUE
langleyeustis.tricare.mil,TRUE
mg.usembassy.gov,TRUE
boulder.noaa.gov,TRUE
cmist.noaa.gov,TRUE
mmt.uat.earthdata.nasa.gov,TRUE
macdill.tricare.mil,TRUE
t4c.nicic.gov,TRUE
hub-qa.datacommons.cancer.gov,TRUE
policy.war.gov,TRUE
ask.gsa.gov,TRUE
complaint.ic3.gov,TRUE
gary.jobcorps.gov,TRUE
hnc.usace.army.mil,TRUE
hirevets.gov,TRUE
portal.imaging.datacommons.cancer.gov,TRUE
pubmed-ncbi-nlm-nih-gov.uab.idm.oclc.org,TRUE
fbigov.emjj.me,TRUE
pubmed-ncbi-nlm-nih-gov.ezproxy.lib.utexas.edu,TRUE
widgets.nlr.gov,TRUE
www-cbp-gov.translate.goog,TRUE
savingsbond.gov,TRUE
helio.data.nasa.gov,TRUE
mcdonald.tricare.mil,TRUE
ssaichicago.usajobs.gov,TRUE
whistleblower.gov,TRUE
act24.cancer.gov,TRUE
oboportfolio.state.gov,TRUE
marketplace.fleet-stg.fcs.gsa.gov,TRUE
reva.tva.gov,TRUE
usao.usajobs.gov,TRUE
integratedecosystemassessment.noaa.gov,TRUE
sl.usembassy.gov,TRUE
api.globe.gov,TRUE
techpartnerships.noaa.gov,TRUE
ros.nia.nih.gov,TRUE
pubmed-ncbi-nlm-nih-gov.us1.proxy.openathens.net,TRUE
epa-sdcc.ornl.gov,TRUE
uspis.gov,TRUE
dolcareers.usajobs.gov,TRUE
espanol.insurekidsnow.gov,TRUE
geo-nsdi.er.usgs.gov,TRUE
www-noaa-gov.translate.goog,TRUE
militaryconsumer.gov,TRUE
fundedresearch.cancer.gov,TRUE
pdc.cancer.gov,TRUE
pubmed-ncbi-nlm-nih-gov-443.webvpn.bjmu.edu.cn,TRUE
leonard-wood.tricare.mil,TRUE
connectedcare.va.gov,TRUE
pubmed-ncbi-nlm-nih-gov.mime.uit.no,TRUE
iwr.usace.army.mil,TRUE
yakama.nsopw.gov,TRUE
donfmworkforce.dc3n.navy.mil,TRUE
ls.usembassy.gov,TRUE
prod.usmarshals.gov,TRUE
essp.larc.nasa.gov,TRUE
landsat.usgs.gov,TRUE
pubmed-ncbi-nlm-nih-gov.ezpum.scdi-montpellier.fr,TRUE
retireefehb.opm.gov,TRUE
cmweb.llnl.gov,TRUE
smdc.army.mil,TRUE
cide.ccr.cancer.gov,TRUE
history.arc.nasa.gov,TRUE
igmc.marines.mil,TRUE
oni.navy.mil,TRUE
data.americorps.gov,TRUE
maps.cancer.gov,TRUE
tbs.marines.mil,TRUE
youthonline.cdc.gov,TRUE
energy.usgs.gov,TRUE
invention.nasa.gov,TRUE
pubmed-ncbi-nlm-nih-gov.shh.idm.oclc.org,TRUE
cpeae.army.mil,TRUE
usasoc.usajobs.gov,TRUE
chemdata.nist.gov,TRUE
floodsmart.gov,TRUE
irwin.armymwr.com,TRUE
ahead.hiv.gov,TRUE
raresource.nih.gov,TRUE
sor.epa.gov,TRUE
pubmed-ncbi-nlm-nih-gov.ezproxy.server.hv.se,TRUE
pubmed-ncbi-nlm-nih-gov.echo.louisville.edu,TRUE
monitor.noaa.gov,TRUE
133aw.ang.af.mil,TRUE
ramstein.tricare.mil,TRUE
soiwest.marines.mil,TRUE
tele.fnal.gov,TRUE
arthurhou.pps.eosdis.nasa.gov,TRUE
data.nass.usda.gov,TRUE
infuse.ornl.gov,TRUE
pe.usps.gov,TRUE
online.fsi.state.gov,TRUE
nflss.blm.gov,TRUE
bremerton.tricare.mil,TRUE
coast.noaa.gov,TRUE
woundedwarrior.af.mil,TRUE
lv.usembassy.gov,TRUE
poa.usace.army.mil,TRUE
usdasearch.usda.gov,TRUE
rader.tricare.mil,TRUE
mcesg.marines.mil,TRUE
nlsp.nasa.gov,TRUE
pubmed-ncbi-nlm-nih-gov.ezproxy.unibo.it,TRUE
alaskafisheries.noaa.gov,TRUE
robotics.nasa.gov,TRUE
mrsi.erdc.dren.mil,TRUE
flowcharts.llnl.gov,TRUE
hr.usembassy.gov,TRUE
tripwire.cisa.dhs.gov,TRUE
masterprojects.jpl.nasa.gov,TRUE
reynolds.tricare.mil,TRUE
www-nps-gov.translate.goog,TRUE
intel.gov,TRUE
reopt.nlr.gov,TRUE
cast.ornl.gov,TRUE
nwc.ndu.edu,TRUE
vt.public.ng.mil,TRUE
asp-archive.arc.nasa.gov,TRUE
devgis.charttools.noaa.gov,TRUE
code.nasa.gov,TRUE
above.nasa.gov,TRUE
drupal-public.bls.gov,TRUE
pubmed-ncbi-nlm-nih-gov.qe2a-proxy.mun.ca,TRUE
doe.usajobs.gov,TRUE
keesler.tricare.mil,TRUE
hepatitis.va.gov,TRUE
peterson.tricare.mil,TRUE
142wg.ang.af.mil,TRUE
airforceacademy.tricare.mil,TRUE
globalmethane.org,TRUE
goes-r.gov,TRUE
web.archive.org,TRUE
neo-bolide.ndc.nasa.gov,TRUE
hydrogen.energy.gov,TRUE
eqrweb.ferc.gov,TRUE
ftig.ng.mil,TRUE
afinspectorgeneral.af.mil,TRUE
srorlgreen-f5.lanl.gov,TRUE
100samfrontendaltcomp.apps.prod-iae.bsp.gsa.gov,TRUE
pope.af.mil,TRUE
dsp.dla.mil,TRUE
cancercenters.cancer.gov,TRUE
polarice.usap.gov,TRUE
tg.usembassy.gov,TRUE
keller.tricare.mil,TRUE
unc.mil,TRUE
wow.jpl.nasa.gov,TRUE
kenner.tricare.mil,TRUE
fam.a.state.sbu,TRUE
fhfaoig.gov,TRUE
ice.ntp.niehs.nih.gov,TRUE
jtfcs.northcom.mil,TRUE
mcasiwakunijp.marines.mil,TRUE
nepp.nasa.gov,TRUE
spotlight.nlm.nih.gov,TRUE
complaint.mycreditunion.gov,TRUE
muscogee.nsopw.gov,TRUE
si.usembassy.gov,TRUE
nrtwq.usgs.gov,TRUE
access.llnl.gov,TRUE
cfm.va.gov,TRUE
guthrie.tricare.mil,TRUE
388fw.acc.af.mil,TRUE
lacoast.gov,TRUE
usgs.usajobs.gov,TRUE
1af.acc.af.mil,TRUE
cpest3.army.mil,TRUE
ecn.sandia.gov,TRUE
inherentresolve.mil,TRUE
2id.korea.army.mil,TRUE
marineprotectedareas.noaa.gov,TRUE
scan-now.gsfc.nasa.gov,TRUE
123aw.ang.af.mil,TRUE
places.cdc.gov,TRUE
data.nlr.gov,TRUE
edit.usmarshals.gov,TRUE
afadvantage.gov,TRUE
asr.science.energy.gov,TRUE
safecom.gov,TRUE
attorney.usajobs.gov,TRUE
progressreport.cancer.gov,TRUE
scguard.ng.mil,TRUE
3rdmardiv.marines.mil,TRUE
pubmed-ncbi-nlm-nih-gov.ezproxy.dbazes.lsmuni.lt,TRUE
fincenid.fincen.gov,TRUE
obssr.od.nih.gov,TRUE
connect.aviationweather.gov,TRUE
ctcodin.t2com.army.mil,TRUE
minationalguard.dodlive.mil,TRUE
lisa.nasa.gov,TRUE
epa-bprg.ornl.gov,TRUE
ssp.navy.mil,TRUE
marinecadastre.gov,TRUE
worker.gov,TRUE
ansbach.armymwr.com,TRUE
cint.lanl.gov,TRUE
maptis.nasa.gov,TRUE
amlc.army.mil,TRUE
ammos.nasa.gov,TRUE
pubmed-ncbi-nlm-nih-gov.buadistant.univ-angers.fr,TRUE
ancadmin.army.mil,TRUE
pg.usembassy.gov,TRUE
gasb.uscourts.gov,TRUE
datashare.nida.nih.gov,TRUE
oxcam.gpp.nih.gov,TRUE
neup.inl.gov,TRUE
chainreaction.anl.gov,TRUE
vendors.eos.gsa.gov,TRUE
doi.gov,TRUE
driveelectric.gov,TRUE
bidenlibrary.gov,TRUE
pubmed-ncbi-nlm-nih-gov.ezproxy.bu.edu,TRUE
swcs.mil,TRUE
cleveland.jobcorps.gov,TRUE
edit.dol.gov,TRUE
eve.larc.nasa.gov,TRUE
cv.usembassy.gov,TRUE
faa.gov,TRUE
is.usembassy.gov,TRUE
homeuplift.mytva.com,TRUE
pubmed-ncbi-nlm-nih-gov-443.vpnm.ccmu.edu.cn,TRUE
trademark.af.mil,TRUE
hawaiihumpbackwhale.noaa.gov,TRUE
fns.usda.gov,TRUE
cms.permits.performance.gov,TRUE
auditing.usajobs.gov,TRUE
pubmed-ncbi-nlm-nih-gov.ezproxylr.med.und.edu,TRUE
www1.usgs.gov,TRUE
21tsc.army.mil,TRUE
toolkit.ncats.nih.gov,TRUE
treasuryauctions.gov,TRUE
volunteer.va.gov,TRUE
search.commerce.gov,TRUE
earth.jpl.nasa.gov,TRUE
ecofoci.noaa.gov,TRUE
uat.dev-ppm.fcs.gsa.gov,TRUE
sac.usace.army.mil,TRUE
harmony.earthdata.nasa.gov,TRUE
coe.gsa.gov,TRUE
ut-battelle.org,TRUE
barracks.marines.mil,TRUE
oeab.noaa.gov,TRUE
drive.hhs.gov,TRUE
pubmed-ncbi-nlm-nih-gov.libproxy.samsunghospital.com,TRUE
oar.nih.gov,TRUE
logcom.marines.mil,TRUE
ireland.tricare.mil,TRUE
cjsl.ndu.edu,TRUE
cdrh-rst.fda.gov,TRUE
gpm-gv.gsfc.nasa.gov,TRUE
bracpmo.navy.mil,TRUE
dhsadvantage.gsa.gov,TRUE
spaceweather.gov,TRUE
raflakenheath.tricare.mil,TRUE
secatchshares.fisheries.noaa.gov,TRUE
fsis.usda.gov,TRUE
misse1.larc.nasa.gov,TRUE
proxy.lirn.net,TRUE
wrobertnelson.com,TRUE
pubmed-ncbi-nlm-nih-gov.libproxy.tuni.fi,TRUE
ws.usembassy.gov,TRUE
akaprod-digitalmedia.hhs.gov,TRUE
ada.gov,TRUE
127wg.ang.af.mil,TRUE
wv.ng.mil,TRUE
dieteticinternship.va.gov,TRUE
ats.doe.gov,TRUE
ecowatch.noaa.gov,TRUE
itmanagement.usajobs.gov,TRUE
pubmed-ncbi-nlm-nih-gov.libproxy.jnu.ac.kr,TRUE
sad.usace.army.mil,TRUE
internships.fnal.gov,TRUE
dcips.defense.gov,TRUE
ferret.pmel.noaa.gov,TRUE
zazzle.es,TRUE
armywcap.com,TRUE
nvmc.uscg.gov,TRUE
cce.nasa.gov,TRUE
northtexas.jobcorps.gov,TRUE
gsaadvantage.gsa.gov,TRUE
hmspermits.noaa.gov,TRUE
wallops-prf.gsfc.nasa.gov,TRUE
weather.lanl.gov,TRUE
sns.gov,TRUE
pubchem-ncbi-nlm-nih-gov.translate.goog,TRUE
pubmed-ncbi-nlm-nih-gov.proxy.library.vcu.edu,TRUE
seec.gsfc.nasa.gov,TRUE
185arw.ang.af.mil,TRUE
cearun.grc.nasa.gov,TRUE
engineering.llnl.gov,TRUE
epa-cpm.ornl.gov,TRUE
fleta.gov,TRUE
protocols.cancer.gov,TRUE
neurobiobank.nih.gov,TRUE
pubmed-ncbi-nlm-nih-gov.ez.urosario.edu.co,TRUE
app-test3-dcc.ed.gov,TRUE
primis-uat.phmsa.dot.gov,TRUE
developer.nlr.gov,TRUE
techtransfer.cancer.gov,TRUE
ncc.nesdis.noaa.gov,TRUE
science.education.nih.gov,TRUE
indexcat.nlm.nih.gov,TRUE
biz.fbi.gov,TRUE
cimc.epa.gov,TRUE
iwaste.epa.gov,TRUE
pubmed-ncbi-nlm-nih-gov.ezproxy2.library.drexel.edu,TRUE
iucrc.nsf.gov,TRUE
fitbir.nih.gov,TRUE
fbi.usajobs.gov,TRUE
nlmdirector.nlm.nih.gov,TRUE
jtfb.southcom.mil,TRUE
casac.epa.gov,TRUE
int-home.grantsolutions.gov,TRUE
sprite.phys.ncku.edu.tw,TRUE
reagan.blogs.archives.gov,TRUE
esta-cbp-dhs-gov.translate.goog,TRUE
childabduction.state.gov,TRUE
mw.usembassy.gov,TRUE
securitiesfilings.fdicconnect.fdic.gov,TRUE
webamoss.cbp.dhs.gov,TRUE
zazzle.pt,TRUE
nepa.navy.mil,TRUE
olympiccoast.noaa.gov,TRUE
pubmed-ncbi-nlm-nih-gov.proxy.lib.wayne.edu,TRUE
ussm.gsa.gov,TRUE
fi.usembassy.gov,TRUE
pubmed-ncbi-nlm-nih-gov.proxy.lib.uwaterloo.ca,TRUE
usace.usajobs.gov,TRUE
occ.treas.gov,TRUE
staging.waterdata.usgs.gov,TRUE
impactaid.ed.gov,TRUE
fsc.va.gov,TRUE
paymentaccuracy.gov,TRUE
eebulk.cr.usgs.gov,TRUE
eis-public-pricer.eos.gsa.gov,TRUE
codes.nws.noaa.gov,TRUE
paemaneuverground.army.mil,TRUE
uscourts.gov,TRUE
snplma.blm.gov,TRUE
bassett-wainwright.tricare.mil,TRUE
search.energystar.gov,TRUE
stage-home.grantsolutions.gov,TRUE
education.fnal.gov,TRUE
open.defense.gov,TRUE
geonames.usgs.gov,TRUE
soieast.marines.mil,TRUE
datacommons.cancer.gov,TRUE
navwar.navy.mil,TRUE
mcbblaz.marines.mil,TRUE
dea.usajobs.gov,TRUE
mobile.health.mil,TRUE
dlhwc.dol.gov,TRUE
lyster.tricare.mil,TRUE
pae.marines.mil,TRUE
burnseverity.cr.usgs.gov,TRUE
pubmed-ncbi-nlm-nih-gov.library.capella.edu,TRUE
xsce.org,TRUE
losangeles.jobcorps.gov,TRUE
historicalcharts.noaa.gov,TRUE
pubmed-ncbi-nlm-nih-gov.ep.bib.mdh.se,TRUE
railroads.fra.dot.gov,TRUE
phcp.health.mil,TRUE
testbeds.noaa.gov,TRUE
samhsa.gov,TRUE
mdctmcr.cms.gov,TRUE
disclosure.ofac.treas.gov,TRUE
daymet.ornl.gov,TRUE
training.section508testing.net,TRUE
learnatf.gov,TRUE
www2.oge.gov,TRUE
arcr.niaaa.nih.gov,TRUE
camp2ex.jpl.nasa.gov,TRUE
spaceforces-space.mil,TRUE
webb.nasa.gov,TRUE
regulations.doe.gov,TRUE
stem.usajobs.gov,TRUE
apod-nasa-gov.translate.goog,TRUE
sciencecouncil.noaa.gov,TRUE
beaufort.marines.mil,TRUE
arpsp.cdc.gov,TRUE
tsunami.noaa.gov,TRUE
channelislands.noaa.gov,TRUE
disc-beta.gsfc.nasa.gov,TRUE
hivrisk.cdc.gov,TRUE
dataportal.dol.gov,TRUE
lmf.llnl.gov,TRUE
statepolicy.militaryonesource.mil,TRUE
ancillary-proxy.atarimworker.io,TRUE
wrair.health.mil,TRUE
intranet.co-ops.nos.noaa.gov,TRUE
patientsafety.va.gov,TRUE
author-publish.cms.asd.census.gov,TRUE
pubmed-ncbi-nlm-nih-gov.qulib.idm.oclc.org,TRUE
polytrauma.va.gov,TRUE
presidentialinnovationfellows.gov,TRUE
searchappeals.dol.gov,TRUE
agc.army.mil,TRUE
neutrons-user-facilities.ornl.gov,TRUE
dhscs.usajobs.gov,TRUE
efmpandme.militaryonesource.mil,TRUE
insidedlab.jpl.nasa.gov,TRUE
pubmed-ncbi-nlm-nih-gov.eres.library.manoa.hawaii.edu,TRUE
cw.usconsulate.gov,TRUE
science.larc.nasa.gov,TRUE
pfsr.usps.com,TRUE
testnvmc.nvmc.uscg.gov,TRUE
ac.cto.mil,TRUE
get-connected.fnal.gov,TRUE
www-ice-gov.translate.goog,TRUE
pubmed.01.bt8.net,TRUE
councils.gov,TRUE
fiscalservice.usajobs.gov,TRUE
sciencebase.gov,TRUE
training-seer-cancer-gov.translate.goog,TRUE
ogc.osd.mil,TRUE
ixp.llnl.gov,TRUE
sja.marines.mil,TRUE
scott.tricare.mil,TRUE
mcasyuma.marines.mil,TRUE
epa-visl.ornl.gov,TRUE
taskbook.nasaprs.com,TRUE
enviroatlas.epa.gov,TRUE
dev-home.grantsolutions.gov,TRUE
ss.usembassy.gov,TRUE
pmc-ncbi-nlm-nih-gov.proxy.bsu.edu,TRUE
emt-initiative.ornl.gov,TRUE
dcs2.noaa.gov,TRUE
stabserv.larc.nasa.gov,TRUE
viirsland.gsfc.nasa.gov,TRUE
pubmed-ncbi-nlm-nih-gov.eur.idm.oclc.org,TRUE
tech.usajobs.gov,TRUE
webpricer.mps.cms.gov,TRUE
livewire.energy.gov,TRUE
lu.usembassy.gov,TRUE
145aw.ang.af.mil,TRUE
ousdi.defense.gov,TRUE
55samfrontendcomp.apps.prod-iae.bsp.gsa.gov,TRUE
tobyhanna.army.mil,TRUE
artar.ws,TRUE
components.uspto.gov,TRUE
qscience.org,TRUE
ndcac.fbi.gov,TRUE
ssainewyork.usajobs.gov,TRUE
pubmed-ncbi-nlm-nih-gov.webvpn.sjlib.cn,TRUE
prod-01-alb-toolkit-climate.woc.noaa.gov,TRUE
169fw.ang.af.mil,TRUE
ifar.arc.nasa.gov,TRUE
daac.ornl.gov,TRUE
smart.blm.gov,TRUE
itvmo.gsa.gov,TRUE
drogariaspacheco.com.br,TRUE
transitionmodeling.larc.nasa.gov,TRUE
records-express.blogs.archives.gov,TRUE
fermilab.jobs,TRUE
atlantic.navfac.navy.mil,TRUE
sarsat.noaa.gov,TRUE
atcsim.nasa.gov,TRUE
discover.nci.nih.gov,TRUE
registration.pps.eosdis.nasa.gov,TRUE
owapps.epa.gov,TRUE
sr.usembassy.gov,TRUE
labs.waterdata.usgs.gov,TRUE
jfk.blogs.archives.gov,TRUE
pubmed-ncbi-nlm-nih-gov.ezproxy.its.uu.se,TRUE
qosap.research.noaa.gov,TRUE
pubmed-ncbi-nlm-nih-gov.gorgone.univ-toulouse.fr,TRUE
seaway.dot.gov,TRUE
arctic.gov,TRUE
medlineplus-gov.translate.goog,TRUE
ems.projectenhancement.com,TRUE
uavsar.jpl.nasa.gov,TRUE
externallinks.samhsa.gov,TRUE
pubmed-ncbi-nlm-nih-gov.lproxy.pusan.ac.kr,TRUE
epact.energy.gov,TRUE
cbp.usajobs.gov,TRUE
pubmed-ncbi-nlm-nih-gov.srv-proxy2.library.tamu.edu,TRUE
bioenergykdf1.ornl.gov,TRUE
hcmi-searchable-catalog.nci.nih.gov,TRUE
proteomic.datacommons.cancer.gov,TRUE
pubmed-ncbi-nlm-nih-gov.proxy2.library.ohio.edu,TRUE
pubmed-ncbi-nlm-nih-gov.jumper.tmu.edu.tw,TRUE
c3rs.arc.nasa.gov,TRUE
nad.usace.army.mil,TRUE
gsaadvantage-test2.fas.gsa.gov,TRUE
pubmed-ncbi-nlm-nih-gov.ezproxy.unilim.fr,TRUE
ml.usembassy.gov,TRUE
annual.llnl.gov,TRUE
securesrtr.transplant.hrsa.gov,TRUE
ess.science.energy.gov,TRUE
efmp.amedd.army.mil,TRUE
qawebapps.dol.gov,TRUE
search.invasivespeciesinfo.gov,TRUE
tsp.gov,TRUE
jrm.cnic.navy.mil,TRUE
pubmed-ncbi-nlm-nih-gov.srv-proxy1.library.tamu.edu,TRUE
sk.usembassy.gov,TRUE
armi.usgs.gov,TRUE
mcicom.marines.mil,TRUE
hohenfels.armymwr.com,TRUE
161arw.ang.af.mil,TRUE
detroit.armymwr.com,TRUE
pubmed-ncbi-nlm-nih-gov-ssl.access.ewha.ac.kr,TRUE
skysoldiers.army.mil,TRUE
cancer.va.gov,TRUE
portal.niehs.nih.gov,TRUE
navalaviationnews.navy.mil,TRUE
pedp-ejscreen.azurewebsites.net,TRUE
zw.usembassy.gov,TRUE
doi.usajobs.gov,TRUE
commonresearchmodel.larc.nasa.gov,TRUE
angtec.ang.af.mil,TRUE
camera.od.nih.gov,TRUE
157arw.ang.af.mil,TRUE
pubmed-ncbi-nlm-nih-gov.autorpa.tcu.edu.tw,TRUE
bioenergykdf2.ornl.gov,TRUE
pubmed-ncbi-nlm-nih-gov.lsuhscno.idm.oclc.org,TRUE
cisa.ndu.edu,TRUE
akaprod-hhs.gov,TRUE
srtr.hrsa.gov,TRUE
annapolis.tricare.mil,TRUE
tpsx.arc.nasa.gov,TRUE
nhc-charleston.tricare.mil,TRUE
seek.niehs.nih.gov,TRUE
csbf.nasa.gov,TRUE
ncirc.bja.ojp.gov,TRUE
sd.llnl.gov,TRUE
history-state-gov.translate.goog,TRUE
tva.com,TRUE
restorethegulf.gov,TRUE
nitrd.gov,TRUE
ucms.dni.gov,TRUE
sirt.cftc.gov,TRUE
extportal.pbs.gsa.gov,TRUE
cisnet.cancer.gov,TRUE
pay.gov,TRUE
pubmed-ncbi-nlm-nih-gov-ssl.ocam.korea.ac.kr,TRUE
parkinsons.va.gov,TRUE
clint13.be-md.ncbi.nlm.nih.gov,TRUE
www-dev-acsf.cancer.gov,TRUE
mu.usembassy.gov,TRUE
ehbos.hrsa.gov,TRUE
mr.usembassy.gov,TRUE
tmf.cio.gov,TRUE
iprcenter.gov,TRUE
dlap.beta.lending.sba.gov,TRUE
lst.jpl.nasa.gov,TRUE
pubmed-ncbi-nlm-nih-gov.libproxy.lib.unc.edu,TRUE
jecc.ustranscom.mil,TRUE
gn.usembassy.gov,TRUE
conservation.gov,TRUE
www1-grc-nasa-gov.translate.goog,TRUE
dodmantech.mil,TRUE
fdic.gov,TRUE
pmc-ncbi-nlm-nih-gov.proxy.kib.ki.se,TRUE
atmosphere-imager.gsfc.nasa.gov,TRUE
ga.usembassy.gov,TRUE
tfsr.uspto.gov,TRUE
bm.usconsulate.gov,TRUE
coastalimagery.blob.core.windows.net,TRUE
dodcertpmo.defense.gov,TRUE
hotline.oig.dhs.gov,TRUE
pubmed-ncbi-nlm-nih-gov.rua.idm.oclc.org,TRUE
cacmap.fda.gov,TRUE
data.er.census.gov,TRUE
warroom.armywarcollege.edu,TRUE
jpss.gsfc.nasa.gov,TRUE
tfaws.nasa.gov,TRUE
ntc.blm.gov,TRUE
vecteezy.com,TRUE
crf.sandia.gov,TRUE
gliht.gsfc.nasa.gov,TRUE
glri.us,TRUE
sjobs.brassring.com,TRUE
cybersecurity.usajobs.gov,TRUE
robotics.jpl.nasa.gov,TRUE
webssm.roc.noaa.gov,TRUE
3rdmlg.marines.mil,TRUE
frontdoor.nasa.gov,TRUE
ruralhealth.va.gov,TRUE
sy.usembassy.gov,TRUE
ncc.energy.gov,TRUE
asr.arm.gov,TRUE
error.vba.va.gov,TRUE
newengland.tricare.mil,TRUE
primis-stage.phmsa.dot.gov,TRUE
pubmed-ncbi-nlm-nih-gov.ezproxy.mnsu.edu,TRUE
www-ccrnp.ncifcrf.gov,TRUE
munson.tricare.mil,TRUE
mortuary.af.mil,TRUE
cordellbank.noaa.gov,TRUE
ddt-vehss.cdc.gov,TRUE
narations.blogs.archives.gov,TRUE
ithanet.eu,TRUE
rcfl.gov,TRUE
3rdmlr.marines.mil,TRUE
earthnow.usgs.gov,TRUE
zazzle.de,TRUE
la.usembassy.gov,TRUE
af.usembassy.gov,TRUE
ilrs.cddis.eosdis.nasa.gov,TRUE
sandiego.jobcorps.gov,TRUE
author.cms.asd.census.gov,TRUE
childstats.gov,TRUE
primis-meetings.phmsa.dot.gov,TRUE
docs.cloud.gov,TRUE
museum.nps.gov,TRUE
www-lecb.ncifcrf.gov,TRUE
imp.edit.medicaid.gov,TRUE
mcguiredixlakehurst.tricare.mil,TRUE
brfss-weat.cdc.gov,TRUE
quantico.tricare.mil,TRUE
sfa.jsc.nasa.gov,TRUE
nfr.cdc.gov,TRUE
sfa.ird.appdat.jsc.nasa.gov,TRUE
glims.org,TRUE
spd15revision.gov,TRUE
ncsp.llnl.gov,TRUE
www-uscis-gov.translate.goog,TRUE
pubmed-ncbi-nlm-nih-gov.beilinson.portium.org,TRUE
bn.usembassy.gov,TRUE
discoverwhr.nih.gov,TRUE
www-cms.cancer.gov,TRUE
nek.ksc.nasa.gov,TRUE
publicwebcms.nrc-gateway.gov,TRUE
fna-bwbufwdzbabpezgc.z01.azurefd.us,TRUE
prodfprweb01.ncua.lan,TRUE
sbir.cancer.gov,TRUE
pubmed-ncbi-nlm-nih-gov.proxy1.library.virginia.edu,TRUE
civics.archives.gov,TRUE
pubmed-ncbi-nlm-nih-gov-s-16.lib-proxy.wmu.edu.cn,TRUE
securecomms.ornl.gov,TRUE
aec.army.mil,TRUE
asbca.mil,TRUE
hr.fnal.gov,TRUE
cbwofs.vlab.noaa.gov,TRUE
sacramento.jobcorps.gov,TRUE
guam.tricare.mil,TRUE
eshq.fnal.gov,TRUE
trade.gov,TRUE
usms.usajobs.gov,TRUE
sscweb.gsfc.nasa.gov,TRUE
password-tools-ecn.sandia.gov,TRUE
philadelphia.jobcorps.gov,TRUE
www-26.blm.gov,TRUE
profiles.awsprod.nlm.nih.gov,TRUE
edit.medicaid.gov,TRUE
pave.niaid.nih.gov,TRUE
www-weather-gov.translate.goog,TRUE
gimms.gsfc.nasa.gov,TRUE
vine.dhs.gov,TRUE
ee.usembassy.gov,TRUE
information.marines.mil,TRUE
playbook.healthit.gov,TRUE
era.nih.gov,TRUE
international.fhwa.dot.gov,TRUE
swm.usace.army.mil,TRUE
highways.fhwa.dot.gov,TRUE
cdc.usajobs.gov,TRUE
milspouse.usajobs.gov,TRUE
arisapp.ars.usda.gov,TRUE
web,TRUE
wdc-usda--rfomqad11.sandbox.my.site.com,TRUE
pubmed-ncbi-nlm-nih-gov.northernkentuckyuniversity.idm.oclc.org,TRUE
poca-public.fda.gov,TRUE
torii.armymwr.com,TRUE
weed-irwin.tricare.mil,TRUE
usds.gov,TRUE
pubmed-ncbi-nlm-nih-gov.ez18.periodicos.capes.gov.br,TRUE
cdaw.gsfc.nasa.gov,TRUE
pac.whs.mil,TRUE
opm.usajobs.gov,TRUE
ayv-express.com.co,TRUE
173fw.ang.af.mil,TRUE
fcsic.gov,TRUE
stgforfeiture.gov,TRUE
dcdc.mil,TRUE
xraytoolkit.sandia.gov,TRUE
dataguide.nlm.nih.gov,TRUE
ww3.fca.gov,TRUE
cnls.lanl.gov,TRUE
blscompdata.bls.gov,TRUE
www-osha-gov.translate.goog,TRUE
pubmed-ncbi-nlm-nih-gov.udea.lookproxy.com,TRUE
airs.jpl.nasa.gov,TRUE
jastoolbox.sandia.gov,TRUE
warriorcare.dodlive.mil,TRUE
hub.datacommons.cancer.gov,TRUE
ers.usda.gov,TRUE
diver.orr.noaa.gov,TRUE
ecc.earthdata.nasa.gov,TRUE
archive-share.america.gov,TRUE
giistg.cfocussoftware.com,TRUE
cn.usembassy.gov,TRUE
prod.justice.gov,TRUE
poh.usace.army.mil,TRUE
ci-dev-oedis-aws.etc.uspto.gov,TRUE
reclamationcareers.usajobs.gov,TRUE
newriver.marines.mil,TRUE
blog-brigade.militaryonesource.mil,TRUE
aotus.blogs.archives.gov,TRUE
tl.usembassy.gov,TRUE
gsafleet.gov,TRUE
ceres-tool.larc.nasa.gov,TRUE
contracts.ornl.gov,TRUE
pmc-ncbi-nlm-nih-gov.lopes.idm.oclc.org,TRUE
espanol.ncua.gov,TRUE
strbase.nist.gov,TRUE
ai.usajobs.gov,TRUE
nasatoms.gsfc.nasa.gov,TRUE
dcc-app-serviceint.studentaid.gov,TRUE
afsouth.af.mil,TRUE
albuquerque.jobcorps.gov,TRUE
gis.cancer.gov,TRUE
wizard.gov,TRUE
permits.ops.usace.army.mil,TRUE
coalmine.dol.gov,TRUE
poolsafely.gov,TRUE
nan.nicic.gov,TRUE
combustion.llnl.gov,TRUE
foiadocuments.uspto.gov,TRUE
redstone.tricare.mil,TRUE
aal.mil,TRUE
netcom.army.mil,TRUE
cloud-object.larc.nasa.gov,TRUE
pubmed-ncbi-nlm-nih-gov.nuigalway.idm.oclc.org,TRUE
pubmed-ncbi-nlm-nih-gov.galanga.hvl.no,TRUE
gams.nist.gov,TRUE
music.marines.mil,TRUE
thor-f5.er.usgs.gov,TRUE
pubmed-ncbi-nlm-nih-gov.librweb.laurentian.ca,TRUE
astromaterials.jsc.nasa.gov,TRUE
postdocs.jpl.nasa.gov,TRUE
heds-center.llnl.gov,TRUE
tvars.com,TRUE
pearlharborhickam.tricare.mil,TRUE
genomicscience.energy.gov,TRUE
jacksonville.jobcorps.gov,TRUE
slgs.gov,TRUE
www-state-gov.translate.goog,TRUE
ssaikansascity.usajobs.gov,TRUE
115fw.ang.af.mil,TRUE
isis.astrogeology.usgs.gov,TRUE
comps.ed.gov,TRUE
sit.edit.irs.gov,TRUE
oceanview.pfeg.noaa.gov,TRUE
roundupreads.ird.appdat.jsc.nasa.gov,TRUE
web.wma.mil,TRUE
goes-r.noaa.gov,TRUE
documentation.uts.nlm.nih.gov,TRUE
darkenergysurvey.org,TRUE
firejobs.doi.gov,TRUE
eclipse.gsfc.nasa.gov,TRUE
classic.clinicaltrials.gov,TRUE
amcom.army.mil,TRUE
clearfield.jobcorps.gov,TRUE
waterservices.usgs.gov,TRUE
researchmethodsresources.nih.gov,TRUE
193sow.ang.af.mil,TRUE
jomashop.com,TRUE
neutrinos.fnal.gov,TRUE
aieregistry.org,TRUE
neglected-delinquent.ed.gov,TRUE
113wg.ang.af.mil,TRUE
vis.globe.gov,TRUE
opendata.fcc.gov,TRUE
pubmed-ncbi-nlm-nih-gov.libproxy.ajou.ac.kr,TRUE
pinellascounty.jobcorps.gov,TRUE
clinregs.niaid.nih.gov,TRUE
de.ng.mil,TRUE
www-angler.larc.nasa.gov,TRUE
naturalresources.usajobs.gov,TRUE
ready.navy.mil,TRUE
mvps.cdc.gov,TRUE
pubmed-ncbi-nlm-nih-gov.nukweb.nuk.uni-lj.si,TRUE
fbibiospecs.fbi.gov,TRUE
impl.harp.cms.gov,TRUE
iaspub.epa.gov,TRUE
bluebutton.cms.gov,TRUE
www-genome-gov.translate.goog,TRUE
portal.diver.orr.noaa.gov,TRUE
treasuryscams.gov,TRUE
www-test-acsf.cancer.gov,TRUE
lemoore.tricare.mil,TRUE
balariniretifica.com.br,TRUE
proxyapps.exascaleproject.org,TRUE
mvd.usace.army.mil,TRUE
revenuedata.onrr.gov,TRUE
vienna.usmission.gov,TRUE
cell.com,TRUE
www-search.uspto.gov,TRUE
hydrosource.ornl.gov,TRUE
gtsi.ornl.gov,TRUE
usda-inv.secureocp.com,TRUE
nrt.response.epa.gov,TRUE
184iw.ang.af.mil,TRUE
cloud.gov,TRUE
edit.state.gov,TRUE
pubmed-ncbi-nlm-nih-gov.bengurionu.idm.oclc.org,TRUE
sdmmp.com,TRUE
detrick.armymwr.com,TRUE
staging-earthquake.usgs.gov,TRUE
worldview-earthdata-nasa-gov.translate.goog,TRUE
pubmed-ncbi-nlm-nih-gov.uhsp.idm.oclc.org,TRUE
chemistry.usajobs.gov,TRUE
pubmed-ncbi-nlm-nih-gov.ezoris.lib.hokudai.ac.jp,TRUE
ospo.noaa.gov,TRUE
162wing.ang.af.mil,TRUE
hera.gsfc.nasa.gov,TRUE
touchpoints.digital.gov,TRUE
phlip.cdc.gov,TRUE
cnmi.nsopw.gov,TRUE
echoscan.epa.gov,TRUE
dlap.alpha.lending.sba.gov,TRUE
aviris.jpl.nasa.gov,TRUE
clinicalcommons.ccdi.cancer.gov,TRUE
gm.usembassy.gov,TRUE
analytics.usa.gov,TRUE
usvi.nsopw.gov,TRUE
webtools.ccmc.gsfc.nasa.gov,TRUE
methylscape.ccr.cancer.gov,TRUE
www-nhlbi-nih-gov.translate.goog,TRUE
www-ncbi-nlm-nih-gov.pbidi.unam.mx,TRUE
pubmed-ncbi-nlm-nih-gov.ezproxy.umng.edu.co,TRUE
classification.awsprod.nlm.nih.gov,TRUE
bcl.nlr.gov,TRUE
cce-datasharing.gsfc.nasa.gov,TRUE
kmsv2.manhattanstrategy.com,TRUE
raymond-bliss.tricare.mil,TRUE
armymwrcareers.usajobs.gov,TRUE
nrcs-prod.azureedge.us,TRUE
dataentry.globe.gov,TRUE
jpl-nasa.libguides.com,TRUE
access.fda.gov,TRUE
cmc.marines.mil,TRUE
mc-review.onemac.cms.gov,TRUE
lasco6.nascom.nasa.gov,TRUE
pal.sec.usace.army.mil,TRUE
anacostiabolling.tricare.mil,TRUE
nucleardata.lanl.gov,TRUE
asc.llnl.gov,TRUE
oes.gsa.gov,TRUE
kadena.tricare.mil,TRUE
lscms.fema.gov,TRUE
innovationcrossroads.ornl.gov,TRUE
extapps2.oge.gov,TRUE
owa.navy.mil,TRUE
cdi.marines.mil,TRUE
175wg.ang.af.mil,TRUE
sohoftp.nascom.nasa.gov,TRUE
afni.nimh.nih.gov,TRUE
access.cisa.gov,TRUE
dote.osd.mil,TRUE
mt.usembassy.gov,TRUE
prod-01-alb-www-swpc.woc.noaa.gov,TRUE
testbed.aviationweather.gov,TRUE
placetime.ornl.gov,TRUE
afsbeurope.army.mil,TRUE
hopi.nsopw.gov,TRUE
edit.cms.gov,TRUE
usamriid.health.mil,TRUE
jwst.nasa.gov,TRUE
tonguepoint.jobcorps.gov,TRUE
pmc-ncbi-nlm-nih-gov.ezproxy.lib.ucalgary.ca,TRUE
c2f.usff.navy.mil,TRUE
dam.defense.gov,TRUE
125fw.ang.af.mil,TRUE
trainatnci.cancer.gov,TRUE
ecom-cat.usps.com,TRUE
osan.tricare.mil,TRUE
pdbp.ninds.nih.gov,TRUE
miami.armymwr.com,TRUE
portal.edgarfiling.sec.gov,TRUE
www2.ntia.gov,TRUE
ocs.marines.mil,TRUE
answers.usgs.gov,TRUE
2009-2017-usun.state.gov,TRUE
105aw.ang.af.mil,TRUE
149fw.ang.af.mil,TRUE
safety.fhwa.dot.gov,TRUE
hamilton.armymwr.com,TRUE
basicresearch.defense.gov,TRUE
cdhc.noaa.gov,TRUE
mccsss.marines.mil,TRUE
mtbs.gov,TRUE
pubmed-ncbi-nlm-nih-gov.proxy.lib.umich.edu,TRUE
tm-eog.uspto.gov,TRUE
cms.ncep.noaa.gov,TRUE
fpi.omb.gov,TRUE
brd.cancer.gov,TRUE
occ.ustreas.gov,TRUE
ops-dr.fhwa.dot.gov,TRUE
166aw.ang.af.mil,TRUE
npdb.hrsa.gov,TRUE
pubmed-ncbi-nlm-nih-gov.libraryproxy.quinnipiac.edu,TRUE
sierranevada.jobcorps.gov,TRUE
megcore.nih.gov,TRUE
176wg.ang.af.mil,TRUE
edison.jobcorps.gov,TRUE
reserve.uscg.mil,TRUE
pubmed-ncbi-nlm-nih-gov.csula.idm.oclc.org,TRUE
pubmed-ncbi-nlm-nih-gov.ezp.oamk.fi,TRUE
ssab.gov,TRUE
narac.llnl.gov,TRUE
pubmed-ncbi-nlm-nih-gov.kyorin.idm.oclc.org,TRUE
explorers.gsfc.nasa.gov,TRUE
pubmed-ncbi-nlm-nih-gov.univaq.idm.oclc.org,TRUE
manpower.marines.mil,TRUE
pittsburgh.jobcorps.gov,TRUE
medlineplus.gov,TRUE
pubmed-ncbi-nlm-nih-gov.osaka-u.idm.oclc.org,TRUE
insurekidsnow.gov,TRUE
twentynine-palms.tricare.mil,TRUE
mcces.marines.mil,TRUE
doi-extractives-data.app.cloud.gov,TRUE
mclbbarstow.marines.mil,TRUE
www19.dev05.imsweb.com,TRUE
1aauto.com,TRUE
conexus.gsa.gov,TRUE
dspo.mil,TRUE
concrete.nist.gov,TRUE
pubmed-ncbi-nlm-nih-gov.lib-proxy.fullerton.edu,TRUE
paulsimonchicago.jobcorps.gov,TRUE
dhra.mil,TRUE
eds.larc.nasa.gov,TRUE
pubmed-ncbi-nlm-nih-gov.uri.idm.oclc.org,TRUE
files.adviserinfo.sec.gov,TRUE
classification-us-east-1.awsprod.nlm.nih.gov,TRUE
cmit.cms.gov,TRUE
maps.usgs.gov,TRUE
182aw.ang.af.mil,TRUE
mssp.uscourts.gov,TRUE
pubmed-ncbi-nlm-nih-gov.ejku.idm.oclc.org,TRUE
newpubmed.wwaker.top,TRUE
nato.usmission.gov,TRUE
pubmed-ncbi-nlm-nih-gov.proxy.binghamton.edu,TRUE
ffb.gov,TRUE
rmc.usace.army.mil,TRUE
townhall.nasa.gov,TRUE
mdce.army.mil,TRUE
isoo.blogs.archives.gov,TRUE
131bw.ang.af.mil,TRUE
180fw.ang.af.mil,TRUE
er.usembassy.gov,TRUE
ad.fnal.gov,TRUE
capstone.ndu.edu,TRUE
pubmed-ncbi-nlm-nih-gov.vghtpe.idm.oclc.org,TRUE
ott-exchange.energy.gov,TRUE
mutluer.av.tr,TRUE
mvm.usace.army.mil,TRUE
agingresearchbiobank.nia.nih.gov,TRUE
fun3d.larc.nasa.gov,TRUE
sab.epa.gov,TRUE
vcorps.army.mil,TRUE
phoenix.jobcorps.gov,TRUE
spec.jpl.nasa.gov,TRUE
mmr.osmre.gov,TRUE
114fw.ang.af.mil,TRUE
ictbaseline.access-board.gov,TRUE
pubweb-prod.niaid.nih.gov,TRUE
geoai.ornl.gov,TRUE
cbca.gov,TRUE
landlordzone.co.uk,TRUE
intelligence.marines.mil,TRUE
osce.usmission.gov,TRUE
toolkit.nemac.org,TRUE
foia.blogs.archives.gov,TRUE
pubmed-ncbi-nlm-nih-gov.ezproxy.uniroma1.it,TRUE
trade.gov.http.akamai-trials.com,TRUE
defense.gov,TRUE
pgda.gsfc.nasa.gov,TRUE
wetlands.jpl.nasa.gov,TRUE
marinenavigation.noaa.gov,TRUE
mobile.reginfo.gov,TRUE
policy.defense.gov,TRUE
gkv-keyword.earthdatacloud.nasa.gov,TRUE
clearinghouse.epa.gov,TRUE
cis.bie.edu,TRUE
energyright.efficientchoice.com,TRUE
cms.faa.gov,TRUE
0-www-ncbi-nlm-nih-gov.brum.beds.ac.uk,TRUE
bbs.llnl.gov,TRUE
ozoneaq.gsfc.nasa.gov,TRUE
jpeocbrnd.osd.mil,TRUE
slds.ed.gov,TRUE
honorguard.af.mil,TRUE
civil.usajobs.gov,TRUE
airforcesmallbiz.af.mil,TRUE
bankrobbers.fbi.gov,TRUE
nccrdataplatform.ccdi.cancer.gov,TRUE
cherrypoint.tricare.mil,TRUE
148fw.ang.af.mil,TRUE
pmc-ncbi-nlm-nih-gov.insb.bib.cnrs.fr,TRUE
pubmed-ncbi-nlm-nih-gov.leidenuniv.idm.oclc.org,TRUE
isg.nist.gov,TRUE
awsedap.epa.gov,TRUE
webvpnb7f1c35ed85530454eb4543e1e1413e89349898d72eef7d0ff50e505c4fc5cbd976158351de5c3cbdc6407fb96937415cd7cc971ab6573a71577c488ada16d49317a68661edb14a4e81683d04b6605e6,TRUE
www-trade-gov.translate.goog,TRUE
192wg.ang.af.mil,TRUE
ris.bie.edu,TRUE
mcasfutenma.marines.mil,TRUE
pubmed-ncbi-nlm-nih-gov.ezproxy.lib.utah.edu,TRUE
hunterliggett.armymwr.com,TRUE
www-archives-gov.translate.goog,TRUE
origin.oceanexplorer.noaa.gov,TRUE
fts.tsa.dhs.gov,TRUE
avmc.army.mil,TRUE
profiles-us-east-1.awsprod.nlm.nih.gov,TRUE
events.fnal.gov,TRUE
efoservices.fec.gov,TRUE
pubmed-ncbi-nlm-nih-gov.ezproxy.uniandes.edu.co,TRUE
hhs.usajobs.gov,TRUE
planetary.data.nasa.gov,TRUE
www2.ntia.doc.gov,TRUE
bocachica.arc.nasa.gov,TRUE
login.fai.gov,TRUE
e4ftl01.cr.usgs.gov,TRUE
general.usajobs.gov,TRUE
magazine-local.medlineplus.gov,TRUE
pubmed-ncbi-nlm-nih-gov.ezproxy.usj.edu.lb,TRUE
accessdata.fda.gov,TRUE
www2c.cdc.gov,TRUE
app-test4-dcc.ed.gov,TRUE
universityrecruiting-pnnl.icims.com,TRUE
pubmed.publicaciones.saludcastillayleon.es,TRUE
os1.cc.nih.gov,TRUE
pubmed-ncbi-nlm-nih-gov.libproxy.cha.ac.kr,TRUE
nrt3.modaps.eosdis.nasa.gov,TRUE
earlecclements.jobcorps.gov,TRUE
beaufort.tricare.mil,TRUE
anlgh.org,TRUE
13thmeu.marines.mil,TRUE
inlandempire.jobcorps.gov,TRUE
solar-b.msfc.nasa.gov,TRUE
trumpadministration.archives.performance.gov,TRUE
chronicdata.cdc.gov,TRUE
ocio.nih.gov,TRUE
cms.health.mil,TRUE
assays.cancer.gov,TRUE
compliance.af.mil,TRUE
cbb.census.gov,TRUE
usafmcom.army.mil,TRUE
pmc-ncbi-nlm-nih-gov.libproxy1.nus.edu.sg,TRUE
army.usajobs.gov,TRUE
ephtracking.glb.cdc.gov,TRUE
deomi.mil,TRUE
aatc.ang.af.mil,TRUE
gs.llnl.gov,TRUE
158fw.ang.af.mil,TRUE
onrr.gov,TRUE
bondpro.gov,TRUE
144fw.ang.af.mil,TRUE
pubmed-ncbi-nlm-nih-gov.ez17.periodicos.capes.gov.br,TRUE
stageagingstats.acl.gov,TRUE
turner.jobcorps.gov,TRUE
box.co.uk,TRUE
essp.nasa.gov,TRUE
www-air.larc.nasa.gov,TRUE
cdn.census.gov,TRUE
azhrsautl1.amer.reisystems.com,TRUE
huberthhumphrey.jobcorps.gov,TRUE
rsc.niaid.nih.gov,TRUE
mctssa.marines.mil,TRUE
dnahive.fda.gov,TRUE
9thmcd.marines.mil,TRUE
immport.niaid.nih.gov,TRUE
167aw.ang.af.mil,TRUE
diy.com,TRUE
guthrie.jobcorps.gov,TRUE
farmtoschoolcensus.fna.usda.gov,TRUE
pubmed-ncbi-nlm-nih-gov.smu.remotexs.co,TRUE
mv.usembassy.gov,TRUE
emac.gsfc.nasa.gov,TRUE
pubmed-ncbi-nlm-nih-gov.edlibproxy.flysheet.com.tw,TRUE
tribute.militaryonesource.mil,TRUE
tts.gsa.gov,TRUE
obisstage.osha.gov,TRUE
binkley2.ncifcrf.gov,TRUE
osha-ita.staging.pace.dol.gov,TRUE
drc-usadata.opm.gov,TRUE
usda.azureedge.us,TRUE
radiojove.gsfc.nasa.gov,TRUE
pstrainingtracker.fns.usda.gov,TRUE
edfacts.communities.ed.gov,TRUE
pubmed-ncbi-nlm-nih-gov.libaccess.lib.mcmaster.ca,TRUE
acquisitionacademy.va.gov,TRUE
chs.coast.noaa.gov,TRUE
informationtechnology.usajobs.gov,TRUE
pubmed-ncbi-nlm-nih-gov.eu1.proxy.openathens.net,TRUE
medicineonscreen.nlm.nih.gov,TRUE
pubmed-ncbi-nlm-nih-gov.byu.idm.oclc.org,TRUE
milwaukee.jobcorps.gov,TRUE
nrt.org,TRUE
sustainabilitydashboard.doe.gov,TRUE
pubmed-ncbi-nlm-nih-gov.geihsl.idm.oclc.org,TRUE
dev4.ucms.dni.gov,TRUE
tinker.tricare.mil,TRUE
luke.tricare.mil,TRUE
pubmed-ncbi-nlm-nih-gov.samuelmerritt.idm.oclc.org,TRUE
pubmed-ncbi-nlm-nih-gov.uchile.idm.oclc.org,TRUE
potomac.jobcorps.gov,TRUE
intranet.ninds.nih.gov,TRUE
moody.tricare.mil,TRUE
zh-tw.taxpayeradvocate.irs.gov,TRUE
12thmcd.marines.mil,TRUE
lss.fnal.gov,TRUE
bop.usajobs.gov,TRUE
mcjrotc.marines.mil,TRUE
stac.astrogeology.usgs.gov,TRUE
learningcenter.niaid.nih.gov,TRUE
pubmed-ncbi-nlm-nih-gov.proxy.library.ju.se,TRUE
sites.wip.nlm.nih.gov,TRUE
td.usembassy.gov,TRUE
atf-eregs.app.cloud.gov,TRUE
140wg.ang.af.mil,TRUE
hurlburt.tricare.mil,TRUE
ibwc.azurewebsites.net,TRUE
fedinvest.gov,TRUE
federalinvestments.gov,TRUE
longbeach.jobcorps.gov,TRUE
cde.awsprod.nlm.nih.gov,TRUE
iprradmin.cbp.dhs.gov,TRUE
bloodstemcell.hrsa.gov,TRUE
sb.usembassy.gov,TRUE
mwrresourcecenter.com,TRUE
damal.doe.gov,TRUE
apps.nssl.noaa.gov,TRUE
www-nist-gov.translate.goog,TRUE
portallab.cms.cmstest,TRUE
pubmed-ncbi-nlm-nih-gov.wvu.idm.oclc.org,TRUE
stlouis.jobcorps.gov,TRUE
pubmed-ncbi-nlm-nih-gov.d360prx.biomed.cas.cz,TRUE
cpex.jpl.nasa.gov,TRUE
cyberdefensereview.army.mil,TRUE
savingsbondwizard.gov,TRUE
nccrexplorer.ccdi.cancer.gov,TRUE
app.across.sciencecloud.nasa.gov,TRUE
jsf.mil,TRUE
eerscmap.usgs.gov,TRUE
datastage.dol.gov,TRUE
miami.jobcorps.gov,TRUE
pof.usace.army.mil,TRUE
lsimaging.sandia.gov,TRUE
pubmed-ncbi-nlm-nih-gov.ez.sun.ac.za,TRUE
cafe.orr.noaa.gov,TRUE
sanjose.jobcorps.gov,TRUE
ostr.ccr.cancer.gov,TRUE
citizenshipgrants.uscis.gov,TRUE
dceg-test-acsf.cancer.gov,TRUE
accesstocare.va.gov,TRUE
pubmed-ncbi-nlm-nih-gov.libdata.lib.ua.edu,TRUE
esubmit.rita.dot.gov,TRUE
102iw.ang.af.mil,TRUE
ye.usembassy.gov,TRUE
dodea.usajobs.gov,TRUE
volcview.wr.usgs.gov,TRUE
madsciblog.t2com.army.mil,TRUE
pubmed-ncbi-nlm-nih-gov-ssl.medilib.gachon.ac.kr,TRUE
108thwing.ang.af.mil,TRUE
digitalcorps.gsa.gov,TRUE
treasureisland.jobcorps.gov,TRUE
20cbrne.army.mil,TRUE
dceg-dev-acsf.cancer.gov,TRUE
trials.nci.nih.gov,TRUE
nhc-vm-nhcweb01.nhc.noaa.gov,TRUE
data.va.gov,TRUE
oui.doleta.gov,TRUE
clinicaltables.nlm.nih.gov,TRUE
midas.uscis.dhs.gov,TRUE
nssdc.gsfc.nasa.gov,TRUE
forestsandrangelands.gov,TRUE
search4.nlr.gov,TRUE
economist.usajobs.gov,TRUE
demographics.militaryonesource.mil,TRUE
unemployment.gov,TRUE
wmdcenter.ndu.edu,TRUE
solarb.msfc.nasa.gov,TRUE
stall-fabricators.com,TRUE
herc.research.va.gov,TRUE
greely.armymwr.com,TRUE
patrick.tricare.mil,TRUE
aptcenter.research.va.gov,TRUE
kittrell.jobcorps.gov,TRUE
177fw.ang.af.mil,TRUE
edit-26.blm.gov,TRUE
antibodies.cancer.gov,TRUE
hfv.lanl.gov,TRUE
pubmed-ncbi-nlm-nih-gov.libproxy.nau.edu,TRUE
cic.gsa.gov,TRUE
155arw.ang.af.mil,TRUE
phd.blm.gov,TRUE
ecps.nih.gov,TRUE
brooklyn.jobcorps.gov,TRUE
sab.noaa.gov,TRUE
pubmed-ncbi-nlm-nih-gov.proxy2.biblio.supsi.ch,TRUE
www-dol-gov.translate.goog,TRUE
library.llnl.gov,TRUE
icrcc.fws.gov,TRUE
pubmed-ncbi-nlm-nih-gov.umassmed.idm.oclc.org,TRUE
fedpayvendor.gsa.gov,TRUE
pubmed-ncbi-nlm-nih-gov.sid2nomade-2.grenet.fr,TRUE
moms.gov,TRUE
elvperf.ksc.nasa.gov,TRUE
fna.usda.gov,TRUE
zazzle.com,TRUE
lew.epa.gov,TRUE
noaa-nos-coastal-lidar-pds.s3.amazonaws.com,TRUE
ncrar.research.va.gov,TRUE
challenge.gov,TRUE
fehrm.gov,TRUE
aphis-prod.azureedge.us,TRUE
doifirescareers.usajobs.gov,TRUE
robins.tricare.mil,TRUE
pandora.gsfc.nasa.gov,TRUE
eeotraining.eeoc.gov,TRUE
weather.llnl.gov,TRUE
cms.usajobs.gov,TRUE
portal.vetbiz.va.gov,TRUE
shaw.tricare.mil,TRUE
stage.castlegardenapp.cloud,TRUE
marine.usgs.gov,TRUE
4thmcd.marines.mil,TRUE
oneonta.jobcorps.gov,TRUE
pubmed-ncbi-nlm-nih-gov.erm.vghks.gov.tw,TRUE
sd.usembassy.gov,TRUE
api.fdic.gov,TRUE
isoo-overview.blogs.archives.gov,TRUE
ahec.armywarcollege.edu,TRUE
ext-sit-seqdata.etc.uspto.gov,TRUE
prodpreview.eqrs.cms.gov,TRUE
139aw.ang.af.mil,TRUE
6thmarines.marines.mil,TRUE
techbull.nlm.nih.gov,TRUE
marforcom.marines.mil,TRUE
www-ncei-noaa-gov.translate.goog,TRUE
pds-engineering.jpl.nasa.gov,TRUE
t-origin.cdc.gov,TRUE
mms.gsfc.nasa.gov,TRUE
www-dev-ac.cancer.gov,TRUE
hill.tricare.mil,TRUE
pubmed-ncbi-nlm-nih-gov.proxybibl.vgregion.se,TRUE
usau.usmission.gov,TRUE
aphill.armymwr.com,TRUE
doj.usajobs.gov,TRUE
access.preprod.fda.gov,TRUE
detroit.jobcorps.gov,TRUE
111attackwing.ang.af.mil,TRUE
archive.gps.gov,TRUE
ssp-llc.us,TRUE
opportunity.census.gov,TRUE
so.usembassy.gov,TRUE
tools-origin.cdc.gov,TRUE
136aw.ang.af.mil,TRUE
staging.disasterassistance.gov,TRUE
pubmed.bibliofumc.elogim.com,TRUE
sustainability.gov,TRUE
www-pm.larc.nasa.gov,TRUE
card.nih.gov,TRUE
eddmr-cat.usps.com,TRUE
store.accuristech.com,TRUE
103aw.ang.af.mil,TRUE
jwac.mil,TRUE
idp.staging.login.gov,TRUE
solarpaces.nlr.gov,TRUE
fcc.navy.mil,TRUE
geopub.epa.gov,TRUE
zh-cn.taxpayeradvocate.irs.gov,TRUE
choctaw.nsopw.gov,TRUE
littlerock.jobcorps.gov,TRUE
wapa.usajobs.gov,TRUE
weather-1.llnl.gov,TRUE
dunham.tricare.mil,TRUE
facilitycyber.labworks.org,TRUE
eallegations.cbp.gov,TRUE
mepi.state.gov,TRUE
weather.dfrc.nasa.gov,TRUE
staging.d2d.gsa.gov,TRUE
request.hec.nasa.gov,TRUE
treasurydirect.gov,TRUE
nh.ng.mil,TRUE
refermyappraisalcomplaint.asc.gov,TRUE
lws-set.gsfc.nasa.gov,TRUE
pubmed-ncbi-nlm-nih-gov.proxy.cau.ac.kr,TRUE
hawaii.jobcorps.gov,TRUE
wade.ornl.gov,TRUE
pmc-ncbi-nlm-nih-gov.bibliopass.unito.it,TRUE
usaarl.health.mil,TRUE
lersearch.inl.gov,TRUE
by.usembassy.gov,TRUE
content.buoybay.noaa.gov,TRUE
securefoia.epa.gov,TRUE
128arw.ang.af.mil,TRUE
146aw.ang.af.mil,TRUE
bamberg.jobcorps.gov,TRUE
staging.ustraveldocs.com,TRUE
declassification.blogs.archives.gov,TRUE
6thmcd.marines.mil,TRUE
109aw.ang.af.mil,TRUE
pubmed-ncbi-nlm-nih-gov.ezproxy.inn.no,TRUE
restoreactscienceprogram.noaa.gov,TRUE
usunrome.usmission.gov,TRUE
171arw.ang.af.mil,TRUE
signin.stage.usastaffing.gov,TRUE
nvlpubs.nist.gov,TRUE
dfc.usajobs.gov,TRUE
c3f.navy.mil,TRUE
188wg.ang.af.mil,TRUE
aria-share.jpl.nasa.gov,TRUE
uat-hazards.msc.fema.gov,TRUE
pubmed-ncbi-nlm-nih-gov.libproxy1.usc.edu,TRUE
corpuschristi.tricare.mil,TRUE
fbilabqsd.fbi.gov,TRUE
ssaiseattle.usajobs.gov,TRUE
pubmed-ncbi-nlm-nih-gov.elib.tcd.ie,TRUE
pubmed-ncbi-nlm-nih-gov.albanymed.idm.oclc.org,TRUE
web.kijiji.ca,TRUE
iandl.marines.mil,TRUE
sqmscenter.fnal.gov,TRUE
volcano.gov,TRUE
ly.usembassy.gov,TRUE
ethics.va.gov,TRUE
facjj.ojp.gov,TRUE
pubmed-ncbi-nlm-nih-gov.ermg.femh.org.tw,TRUE
187fw.ang.af.mil,TRUE
pins.ccr.cancer.gov,TRUE
doecap.projectenhancement.com,TRUE
benjaminlhooks.jobcorps.gov,TRUE
pubmed-ncbi-nlm-nih-gov.ez.srv.pmu.ac.at,TRUE
brunssum.armymwr.com,TRUE
fqt2egrants.cns.gov,TRUE
pubmed-ncbi-nlm-nih-gov.ezproxy1.lib.asu.edu,TRUE
sbir-test-acsf.cancer.gov,TRUE
mtf.helpdesk.cms.gov,TRUE
meshb.wip.nlm.nih.gov,TRUE
fim.noaa.gov,TRUE
outreach.navy.mil,TRUE
atterbury.jobcorps.gov,TRUE
brunswick.jobcorps.gov,TRUE
datacatalog.ccdi.cancer.gov,TRUE
117arw.ang.af.mil,TRUE
nl.vecteezy.com,TRUE
southbronx.jobcorps.gov,TRUE
oauth.cls.sba.gov,TRUE
8thmcd.marines.mil,TRUE
maxwell.tricare.mil,TRUE
signin.train.usastaffing.gov,TRUE
fprime.jpl.nasa.gov,TRUE
enviroinfo.llnl.gov,TRUE
search.npdb.hrsa.gov,TRUE
arscareers.usajobs.gov,TRUE
lmpublicsearch.lm.doe.gov,TRUE
oceanexplorer-x.woc.noaa.gov,TRUE
usanca.army.mil,TRUE
152aw.ang.af.mil,TRUE
irt.defense.gov,TRUE
smmc.marines.mil,TRUE
sz.usembassy.gov,TRUE
newhampshire.jobcorps.gov,TRUE
woundedwarrior.marines.mil,TRUE
joliet.jobcorps.gov,TRUE
pubmed-ncbi-nlm-nih-gov-ssl.libproxy.ncc.re.kr,TRUE
nau.usace.army.mil,TRUE
parker.gsfc.nasa.gov,TRUE
ncorp.cancer.gov,TRUE
nesaragesaraofficialtoken.netlify.app,TRUE
afotec.af.mil,TRUE
invasivespeciesinfo.gov,TRUE
rconnect.usgs.gov,TRUE
edpass.ed.gov,TRUE
keystone.jobcorps.gov,TRUE
ecco-group.org,TRUE
finddoxypep.cdc.gov,TRUE
usajobs.local,TRUE
aviation.marines.mil,TRUE
rota.tricare.mil,TRUE
antlia.med.unipmn.it,TRUE
pubmed-ncbi-nlm-nih-gov-ssl.mproxy.inje.ac.kr,TRUE
pace.gsfc.nasa.gov,TRUE
gmvs.fda.gov,TRUE
training.nnlm.gov,TRUE
ustraveldocs.com,TRUE
libraryguides.usgs.gov,TRUE
dnc2s.ornl.gov,TRUE
techfarhub.usds.gov,TRUE
jsc.defense.gov,TRUE
mcsfr.marines.mil,TRUE
dakota.sandia.gov,TRUE
woodland.jobcorps.gov,TRUE
kirtland.tricare.mil,TRUE
sih.bie.edu,TRUE
immport.org,TRUE
pmc-ncbi-nlm-nih-gov.proxy3.library.mcgill.ca,TRUE
pubmed-ncbi-nlm-nih-gov.cyber.usask.ca,TRUE
www-live.goesr.woc.noaa.gov,TRUE
www-grc-nasa-gov.translate.goog,TRUE
xd12srv.nsstc.nasa.gov,TRUE
researchlibrary.lanl.gov,TRUE
pubmed-ncbi-nlm-nih-gov.ezproxy.library.wisc.edu,TRUE
access.sandia.gov,TRUE
api.seer.cancer.gov,TRUE
pubmed-ncbi-nlm-nih-gov.mlprox.csmc.edu,TRUE
webapps.nwfsc.noaa.gov,TRUE
translated.turbopages.org,TRUE
uscybercommand.usajobs.gov,TRUE
1stmcd.marines.mil,TRUE
ssaidenver.usajobs.gov,TRUE
dpc.cms.gov,TRUE
mdctqmr.cms.gov,TRUE
mrc-europe.army.mil,TRUE
cidc.nci.nih.gov,TRUE
webforms.fec.gov,TRUE
sprazurewebsites.us,TRUE
geodata.nal.usda.gov,TRUE
es.vecteezy.com,TRUE
n3c.ncats.nih.gov,TRUE
dowea-ed-aides.usajobs.gov,TRUE
apps.fca.gov,TRUE
esdresearch.nasa.gov,TRUE
surveyreview.nass.usda.gov,TRUE
31stmeu.marines.mil,TRUE
pubmed-ncbi-nlm-nih-gov.dml.regis.edu,TRUE
eeoccareers.usajobs.gov,TRUE
hpt.cms.gov,TRUE
pmc-ncbi-nlm-nih-gov.acces.bibl.ulaval.ca,TRUE
postcalcsm.usps.com,TRUE
pubmed-ncbi-nlm-nih-gov.sid2nomade-1.grenet.fr,TRUE
www-energy-gov.translate.goog,TRUE
readmypins.state.gov,TRUE
satable.ncep.noaa.gov,TRUE
stagetestdomain3.nih.gov,TRUE
responselink.orr.noaa.gov,TRUE
ncc.usajobs.gov,TRUE
ffiec.beta.cfpb.gov,TRUE
pubmed-ncbi-nlm-nih-gov.miman.bib.bth.se,TRUE
digitalgallery.nlm.nih.gov,TRUE
crapes.fdic.gov,TRUE
app.scrapingbee.com,TRUE
cincinnati.jobcorps.gov,TRUE
learcat.bjs.ojp.gov,TRUE
community.hrsa.gov,TRUE
star.nesdis.noaa.gov,TRUE
letterkenny.army.mil,TRUE
statspolicy.gov,TRUE
usasoc.army.mil,TRUE
useu.usmission.gov,TRUE
mcalester.armymwr.com,TRUE
pubmed-ncbi-nlm-nih-gov.proxy.dsmc.or.kr,TRUE
ai.jpl.nasa.gov,TRUE
vsc-ash.wr.usgs.gov,TRUE
132dwing.ang.af.mil,TRUE
naples.tricare.mil,TRUE
scribenet.response.epa.gov,TRUE
idcfd.bls.gov,TRUE
grcariverpermits.nps.gov,TRUE
mudah.my,TRUE
americansamoa.nsopw.gov,TRUE
cmb.ornl.gov,TRUE
eventbrite.it,TRUE
pubmed-ncbi-nlm-nih-gov.erm.cch.org.tw,TRUE
ams.usda.gov,TRUE
pubmed-ncbi-nlm-nih-gov.proxy.library.emory.edu,TRUE
journals.physiology.org,TRUE
alaska.jobcorps.gov,TRUE
test-tsdr.etc.uspto.gov,TRUE
pmiweb.ornl.gov,TRUE
rcnsc.ndu.edu,TRUE
fredgacosta.jobcorps.gov,TRUE
stateoftheocean.osmc.noaa.gov,TRUE
vsat.epa.gov,TRUE
yokota.tricare.mil,TRUE
mcwl.marines.mil,TRUE
orps.doe.gov,TRUE
fuji.marines.mil,TRUE
axial.ceoas.oregonstate.edu,TRUE
newhudoigstage.prod.acquia-sites.com,TRUE
aad.archives.gov,TRUE
excelsiorsprings.jobcorps.gov,TRUE
pubmed-ncbi-nlm-nih-gov.fukuoka-u.idm.oclc.org,TRUE
erddap.aoml.noaa.gov,TRUE
davismonthan.tricare.mil,TRUE
marforsouth.marines.mil,TRUE
sisterstudy.niehs.nih.gov,TRUE
compass.er.usgs.gov,TRUE
pubmed-ncbi-nlm-nih-gov.insubria.idm.oclc.org,TRUE
visit-dav.github.io,TRUE
vacsp.research.va.gov,TRUE
modis-land.gsfc.nasa.gov,TRUE
nwtrb.gov,TRUE
pubmed-ncbi-nlm-nih-gov.neomed.idm.oclc.org,TRUE
paxriver.tricare.mil,TRUE
maps.jpl.nasa.gov,TRUE
buckley.tricare.mil,TRUE
opendap.co-ops.nos.noaa.gov,TRUE
inp2300irmaqa02.nps.doi.net,TRUE
ncw-pre-prod.acf.gov,TRUE
pubmed-ncbi-nlm-nih-gov.libproxy.hallym.or.kr,TRUE
redrock.jobcorps.gov,TRUE
houston.hsrd.research.va.gov,TRUE
134arw.ang.af.mil,TRUE
www-ninds-nih-gov.translate.goog,TRUE
akastage3-ion-hhs.gov,TRUE
pubmed-ncbi-nlm-nih-gov.dartmouth.idm.oclc.org,TRUE
securefoia.gsa.gov,TRUE
www58-scan.imsweb.com,TRUE
beta.trade.gov,TRUE
hdrl.gsfc.nasa.gov,TRUE
wind.nasa.gov,TRUE
pubmed-ncbi-nlm-nih-gov.easyaccess2.lib.cuhk.edu.hk,TRUE
emcbc.doe.gov,TRUE
pubmed-ncbi-nlm-nih-gov.kb.ezproxy1.sg.ch,TRUE
watersgeo.epa.gov,TRUE
bluegrass.armymwr.com,TRUE
neworleans.jobcorps.gov,TRUE
hartford.jobcorps.gov,TRUE
data-test3.hdw.hrsa.gov,TRUE
certificate.seafoodinspection.nmfs.noaa.gov,TRUE
niddk.nih.gov,TRUE
search.noaa.gov,TRUE
ejobs.ro,TRUE
queri.research.va.gov,TRUE
test-fisheries.noaa.gov,TRUE
irs.gov,TRUE
westover.jobcorps.gov,TRUE
finder.healthcare.gov,TRUE
montgomery.jobcorps.gov,TRUE
101arw.ang.af.mil,TRUE
pubmed-ncbi-nlm-nih-gov.proxy.bib.uottawa.ca,TRUE
pubmed-ncbi-nlm-nih-gov.proxy1.library.jhu.edu,TRUE
myplate-stg.kwaps.platform.usda.gov,TRUE
lg.com,TRUE
drumcorps.marines.mil,TRUE
pubmed-ncbi-nlm-nih-gov.tsukuba.idm.oclc.org,TRUE
blast.fl.genedigtech.cloud,TRUE
charleston.jobcorps.gov,TRUE
spd.usace.army.mil,TRUE
esml.epa.gov,TRUE
vgpenoi.epa.gov,TRUE
26thmeu.marines.mil,TRUE
qa-eac.oversight.gov,TRUE
frcse.navair.navy.mil,TRUE
pubmed-ncbi-nlm-nih-gov.proxy.unisanitas.edu.co,TRUE
inetdevaz,TRUE
pbpnation.nsopw.gov,TRUE
alpenacrtc.ang.af.mil,TRUE
137sow.ang.af.mil,TRUE
nara.usajobs.gov,TRUE
pubmed-ncbi-nlm-nih-gov.ezproxy.u-pec.fr,TRUE
impl.ops.internal.cms.gov,TRUE
vetbiz.va.gov,TRUE
charleston.tricare.mil,TRUE
eppportal.ndc.nasa.gov,TRUE
guesthouse.ornl.gov,TRUE
infrastructure-exchange.energy.gov,TRUE
olddominion.jobcorps.gov,TRUE
telehealth.va.gov,TRUE
history.fnal.gov,TRUE
129rqw.ang.af.mil,TRUE
ilthermo.boulder.nist.gov,TRUE
gsl.noaa.gov,TRUE
dq.arm.gov,TRUE
www-faa-gov.translate.goog,TRUE
www-tsa-gov.translate.goog,TRUE
ui.wc1.screening.risk.lseg.com,TRUE
2ndmarines.marines.mil,TRUE
pubmed-ncbi-nlm-nih-gov.foyer.swmed.edu,TRUE
lc.llnl.gov,TRUE
employer.gov,TRUE
dunescience.org,TRUE
gsa-calm.octo.us,TRUE
spectrum.gov,TRUE
tto.bie.edu,TRUE
kijiji.ca,TRUE
sa.www4.irs.gov,TRUE
shriver.jobcorps.gov,TRUE
safgc.hq.af.mil,TRUE
tulsa.jobcorps.gov,TRUE
va.usembassy.gov,TRUE
oig.eac.gov,TRUE
405d.hhs.gov,TRUE
pubmed-ncbi-nlm-nih-gov.proxyiub.uits.iu.edu,TRUE
swd.usace.army.mil,TRUE
training.ecomp.dol.gov,TRUE
tonation.nsopw.gov,TRUE
nrel.sitefinity.cloud,TRUE
oceannoise.noaa.gov,TRUE
pubmed-ncbi-nlm-nih-gov.ezproxy.jamk.fi,TRUE
sheppard.tricare.mil,TRUE
dds.cr.usgs.gov,TRUE
ssaiboston.usajobs.gov,TRUE
cascades.jobcorps.gov,TRUE
pubmed-ncbi-nlm-nih-gov.merlin.u-picardie.fr,TRUE
pmc-ncbi-nlm-nih-gov.offcampus.lib.washington.edu,TRUE
hpc.netl.doe.gov,TRUE
heart-stroke-atlas.cdc.gov,TRUE
www-test-ac.cancer.gov,TRUE
bmdsonline.epa.gov,TRUE
newhaven.jobcorps.gov,TRUE
sc.water.usgs.gov,TRUE
dcc-app-int.studentaid.gov,TRUE
ctsu.org,TRUE
hmx-1.marines.mil,TRUE
live-www-goesr.woc.noaa.gov,TRUE
ncc.navfac.navy.mil,TRUE
public-environmental-data-partners.github.io,TRUE
www-ncbi-nlm-nih-gov.soleproxy.hsc.wvu.edu,TRUE
mh.usembassy.gov,TRUE
blm.gov,TRUE
imp.data.medicaid.gov,TRUE
anaconda.jobcorps.gov,TRUE
flinthills.jobcorps.gov,TRUE
pubmed-ncbi-nlm-nih-gov.lib-ezproxy.concordia.ca,TRUE
keof.jpl.nasa.gov,TRUE
data.fr.census.gov,TRUE
pmc-ncbi-nlm-nih-gov.bvsp.idm.oclc.org,TRUE
trade.my.site.com,TRUE
dtsa.mil,TRUE
119wg.ang.af.mil,TRUE
cms.usmma.edu,TRUE
pubmed-ncbi-nlm-nih-gov.libproxy2.usc.edu,TRUE
118wg.ang.af.mil,TRUE
obamalibrary.archives.gov,TRUE
pubmed-ncbi-nlm-nih-gov.proxy2.library.illinois.edu,TRUE
home-treasury-gov.translate.goog,TRUE
tours.jpl.nasa.gov,TRUE
172aw.ang.af.mil,TRUE
origin-east-www-ospo.woc.noaa.gov,TRUE
rma.stg.platform.usda.gov,TRUE
dover.tricare.mil,TRUE
cherp.research.va.gov,TRUE
52.37.121.124,TRUE
ottumwa.jobcorps.gov,TRUE
nv.ng.mil,TRUE
pubmed-ncbi-nlm-nih-gov.proxy.library.cpp.edu,TRUE
ceac.state.gov,TRUE
vhptools.usgs.gov,TRUE
11thmeu.marines.mil,TRUE
wbc.llnl.gov,TRUE
126arw.ang.af.mil,TRUE
prod.eqrs.cms.gov,TRUE
bout.llnl.gov,TRUE
taaps.gov,TRUE
agingstats.gov,TRUE
xyce.sandia.gov,TRUE
curlew.jobcorps.gov,TRUE
cassadaga.jobcorps.gov,TRUE
plus-nasa-gov.translate.goog,TRUE
at.dod.mil,TRUE
pubmed-ncbi-nlm-nih-gov.ezproxy.udes.edu.co,TRUE
prod-wwwhhsgov.cloud.hhs.gov,TRUE
earthsciences.gsfc.nasa.gov,TRUE
fourthfleet.navy.mil,TRUE
fl.genedigtech.cloud,TRUE
usbiotechnologyregulation.mrp.usda.gov,TRUE
pubmed-ncbi-nlm-nih-gov.wwwproxy1.library.unsw.edu.au,TRUE
rewordify.com,TRUE
gs671-umbra.nascom.nasa.gov,TRUE
pubmed-ncbi-nlm-nih-gov.nelli.laurea.fi,TRUE
iris.gsfc.nasa.gov,TRUE
incidenthistory.noaa.gov,TRUE
redlake.nsopw.gov,TRUE
ready2.arl.noaa.gov,TRUE
ace.cbp.dhs.gov,TRUE
24thmeu.marines.mil,TRUE
foia.army.mil,TRUE
spl-mprweb-01.win.nara.gov,TRUE
vmis.inl.gov,TRUE
repi.mil,TRUE
mechanical.usajobs.gov,TRUE
fm.usembassy.gov,TRUE
manhattanprojectbreactor.hanford.gov,TRUE
cf.usembassy.gov,TRUE
hwt.nssl.noaa.gov,TRUE
annualreport.nichd.nih.gov,TRUE
iwrlibrary.sec.usace.army.mil,TRUE
pubmed-ncbi-nlm-nih-gov.ressources-electroniques.univ-lille.fr,TRUE
erulings.cbp.gov,TRUE
pubmed-ncbi-nlm-nih-gov.lecom.idm.oclc.org,TRUE
dev-www-goesr.woc.noaa.gov,TRUE
pubmed-ncbi-nlm-nih-gov.proxy-ln.researchport.umd.edu,TRUE
dlnseo.mil,TRUE
knowyourchances.cancer.gov,TRUE
sc.emsl.pnnl.gov,TRUE
student.helioviewer.org,TRUE
join.justice.gov,TRUE
teepublic.com,TRUE
hvit.jsc.nasa.gov,TRUE
blogs.cdc.gov,TRUE
shreveport.jobcorps.gov,TRUE
brussels.armymwr.com,TRUE
ready.marines.mil,TRUE
ai-challenges.nist.gov,TRUE
minot.tricare.mil,TRUE
dayton.jobcorps.gov,TRUE
responder.llnl.gov,TRUE
blastinjuryresearch.health.mil,TRUE
me.ng.mil,TRUE
occgovwepsstg.occ.treas.gov,TRUE
semesterofservice.usajobs.gov,TRUE
ukraineoversight.gov,TRUE
www-int-ac.cancer.gov,TRUE
glenmont.jobcorps.gov,TRUE
capitraining.nass.usda.gov,TRUE
es.taxpayeradvocate.irs.gov,TRUE
collbran.jobcorps.gov,TRUE
marforcyber.marines.mil,TRUE
pubswh-devchs.snafu.cr.usgs.gov,TRUE
adios.orr.noaa.gov,TRUE
pubmed-ncbi-nlm-nih-gov.proxy1.lib.trentu.ca,TRUE
usoecd.usmission.gov,TRUE
bioams.llnl.gov,TRUE
pubmed.ncbi.nlm.nih.govhttps,TRUE
deepseacoraldata.noaa.gov,TRUE
voyager.gsfc.nasa.gov,TRUE
osc.gov,TRUE
165aw.ang.af.mil,TRUE
choir.research.va.gov,TRUE
davidlcarrasco.jobcorps.gov,TRUE
windriver.jobcorps.gov,TRUE
pmc-ncbi-nlm-nih-gov.kyoto-u.idm.oclc.org,TRUE
pubmed-ncbi-nlm-nih-gov.ufpcanarias.idm.oclc.org,TRUE
scisoft.fnal.gov,TRUE
columbiabasin.jobcorps.gov,TRUE
fsa.stg.platform.usda.gov,TRUE
cnrk.cnic.navy.mil,TRUE
tsunami.coast.noaa.gov,TRUE
kkday.com,TRUE
fourriversnuclearpartnership.com,TRUE
osha.staging.pace.dol.gov,TRUE
planon.nci.nih.gov,TRUE
juvenilecouncil.ojp.gov,TRUE
trappercreek.jobcorps.gov,TRUE
nasacentral--uat.sandbox.my.site.com,TRUE
annotation.blogs.archives.gov,TRUE
mapspace.ornl.gov,TRUE
pmc-ncbi-nlm-nih-gov.myaccess.library.utoronto.ca,TRUE
qa.ncbi.nlm.nih.gov,TRUE
devtestdomain3.nih.gov,TRUE
littlerock.tricare.mil,TRUE
akaprod-foodsafety.gov,TRUE
gulfoilspill.jpl.nasa.gov,TRUE
174attackwing.ang.af.mil,TRUE
peodigital.navy.mil,TRUE
41fab.army.mil,TRUE
essentials-stage.neh.gov,TRUE
penobscot.jobcorps.gov,TRUE
static-site.staging.sti.appdat.jsc.nasa.gov,TRUE
ohmsett.bsee.gov,TRUE
crcca.archives.gov,TRUE
ipacb.ecosphere.fws.gov,TRUE
marfork.marines.mil,TRUE
espanol.mycreditunion.gov,TRUE
tropicalcyclone.jpl.nasa.gov,TRUE
urbanai.ornl.gov,TRUE
www-ncbi-nlm-nih-gov.insb.bib.cnrs.fr,TRUE
ssis.nist.gov,TRUE
www-ncbi-nlm-nih-gov.humanitas.idm.oclc.org,TRUE
fact-efrc.ornl.gov,TRUE
genomics.llnl.gov,TRUE
dnn-consortium.ornl.gov,TRUE
pubmed-ncbi-nlm-nih-gov-s-65.lib1-fx.fjmu.edu.cn,TRUE
vso1.nascom.nasa.gov,TRUE
stroke.cindrr.research.va.gov,TRUE
pubmed-ncbi-nlm-nih-gov.lib.pepperdine.edu,TRUE
cubit.sandia.gov,TRUE
www-ncbi-nlm-nih-gov.libproxy1.nus.edu.sg,TRUE
130aw.ang.af.mil,TRUE
www-dea-gov.translate.goog,TRUE
zuni2.psb.bls.gov,TRUE
fas-prod.azureedge.us,TRUE
pubmed-ncbi-nlm-nih-gov.soleproxy.hsc.wvu.edu,TRUE
ext.em-la.doe.gov,TRUE
mdsap.fda.gov,TRUE
boxelder.jobcorps.gov,TRUE
wads.ang.af.mil,TRUE
10thaamdc.army.mil,TRUE
springdale.jobcorps.gov,TRUE
askebsa.dol.gov,TRUE
www-preview.goesr.woc.noaa.gov,TRUE
barquist.tricare.mil,TRUE
cloud.mil,TRUE
marforeur.marines.mil,TRUE
tasc.llnl.gov,TRUE
denison.jobcorps.gov,TRUE
hpc4energyinnovation.llnl.gov,TRUE
usariem.health.mil,TRUE
geraldrford.jobcorps.gov,TRUE
quentinnburdick.jobcorps.gov,TRUE
strategy.data.gov,TRUE
cape.osd.mil,TRUE
usaisr.health.mil,TRUE
ccdi.cancer.gov,TRUE
ccrisktool.cancer.gov,TRUE
pubmed-ncbi-nlm-nih-gov.meir.portium.org,TRUE
fhwaapps.fhwa.dot.gov,TRUE
pmc-ncbi-nlm-nih-gov.ezproxy.u-paris.fr,TRUE
descanso.jpl.nasa.gov,TRUE
pubmed-ncbi-nlm-nih-gov.libproxy.dcmc.co.kr,TRUE
registries.ncats.nih.gov,TRUE
weather.nifc.gov,TRUE
pubmed-ncbi-nlm-nih-gov.ezproxy.univ-orleans.fr,TRUE
pubmed-ncbi-nlm-nih-gov.docelec.univ-lyon1.fr,TRUE
temp.usaspending.gov,TRUE
origin-west-www-spc.woc.noaa.gov,TRUE
pubmed-ncbi-nlm-nih-gov.ezproxymcp.flo.org,TRUE
jpra.mil,TRUE
190arw.ang.af.mil,TRUE
space-science.llnl.gov,TRUE
gq.usembassy.gov,TRUE
cms.water.noaa.gov,TRUE
zazzle.co.uk,TRUE
api.reporter.nih.gov,TRUE
0-pubmed-ncbi-nlm-nih-gov.innopac.wits.ac.za,TRUE
depop.com,TRUE
saa.usace.army.mil,TRUE
misr.jpl.nasa.gov,TRUE
2cr.army.mil,TRUE
pubmed.proxyusc.elogim.com,TRUE
poj.usace.army.mil,TRUE
regulatory.ops.usace.army.mil,TRUE
pmc-ncbi-nlm-nih-gov.eproxy.lib.hku.hk,TRUE
search.sit.earthdata.nasa.gov,TRUE
eonet.gsfc.nasa.gov,TRUE
preview-prod.cms.va.gov,TRUE
mcieast.marines.mil,TRUE
nces.ed.gov.qipservices.com,TRUE
oceanwatch.noaa.gov,TRUE
hrsautl30-is.amer.reisystems.com,TRUE
taplio.com,TRUE
12thmlr.marines.mil,TRUE
mississippi.jobcorps.gov,TRUE
pubmed-ncbi-nlm-nih-gov.ezproxy.icr.ac.uk,TRUE
151wg.af.mil,TRUE
clinicalcommons-qa.ccdi.cancer.gov,TRUE
circinteractome.irp.nia.nih.gov,TRUE
hl7v2-iz-r1-5-testing.nist.gov,TRUE
fungi.ars.usda.gov,TRUE
gadsden.jobcorps.gov,TRUE
planmymove.pre.militaryonesource.mil,TRUE
jobcorps.tools,TRUE
nlrbcareers.usajobs.gov,TRUE
myafn.dodlive.mil,TRUE
cnrfc.l.noaa.gov,TRUE
hcup-ts.ahrq.gov,TRUE
mciwest.marines.mil,TRUE
cannon.tricare.mil,TRUE
blackwell.jobcorps.gov,TRUE
doepeerreview.sandia.gov,TRUE
mrs.nci.nih.gov,TRUE
pubmed-ncbi-nlm-nih-gov.ezproxy.library.uvic.ca,TRUE
988crisissystemshelp.samhsa.gov,TRUE
cbioportal.ccdi.cancer.gov,TRUE
acc.treasurydirect.gov,TRUE
usawhc.army.mil,TRUE
quantum.llnl.gov,TRUE
www-ncbi-nlm-nih-gov.proxy.kib.ki.se,TRUE
aviano.tricare.mil,TRUE
grafton.jobcorps.gov,TRUE
pubmed-ncbi-nlm-nih-gov.moffitt.idm.oclc.org,TRUE
edlapi-2916243984.auto.earthdatacloud.nasa.gov,TRUE
burialatsea.epa.gov,TRUE
volttron.org,TRUE
ofac-treasury-gov.translate.goog,TRUE
oig.nsa.gov,TRUE
itools.od.nih.gov,TRUE
usoas.usmission.gov,TRUE
downsyndrome.nih.gov,TRUE
pmc-ncbi-nlm-nih-gov.cuml1.md.chula.ac.th,TRUE
edit.manufacturingusa.com,TRUE
pubmed-ncbi-nlm-nih-gov.dlsw.tzuchi-healthcare.org.tw,TRUE
calval.cr.usgs.gov,TRUE
tox21.gov,TRUE
edlprodapi-238911646.auto.earthdatacloud.nasa.gov,TRUE
sigonella.tricare.mil,TRUE
pubmed.msu.aliya.filescenter.top,TRUE
pubmed-ncbi-nlm-nih-gov.umiss.idm.oclc.org,TRUE
lawenforcement.marines.mil,TRUE
pubmed-ncbi-nlm-nih-gov.bibproxy.kau.se,TRUE
gnome.orr.noaa.gov,TRUE
indexcat.wip.nlm.nih.gov,TRUE
travel.his.com,TRUE
exeter.jobcorps.gov,TRUE
pmc-ncbi-nlm-nih-gov.login.ezproxy.library.ualberta.ca,TRUE
ams.usajobs.gov,TRUE
usiter.ornl.gov,TRUE
emc.ncep.noaa.gov,TRUE
apps.nmfs.noaa.gov,TRUE
www-justice-gov.translate.goog,TRUE
theory.fnal.gov,TRUE
cdf.gsfc.nasa.gov,TRUE
blueridge.jobcorps.gov,TRUE
reports.fca.gov,TRUE
edit2.atf.gov,TRUE
hanscom.tricare.mil,TRUE
lis.gsfc.nasa.gov,TRUE
weatherization.ornl.gov,TRUE
fewarren.tricare.mil,TRUE
northlands.jobcorps.gov,TRUE
im3.pnnl.gov,TRUE
graphql.earthdata.nasa.gov,TRUE
gipoc.grc.nasa.gov,TRUE
iocm.noaa.gov,TRUE
carbon.nasa.gov,TRUE
cms.dot.gov,TRUE
pubmed-ncbi-nlm-nih-gov.ez11.periodicos.capes.gov.br,TRUE
dcc-app-stage.studentaid.gov,TRUE
pubmed-ncbi-nlm-nih-gov.ez76.periodicos.capes.gov.br,TRUE
121arw.ang.af.mil,TRUE
dhssans.nvmc.uscg.gov,TRUE
barksdale.tricare.mil,TRUE
carldperkins.jobcorps.gov,TRUE
edwards.tricare.mil,TRUE
laredo.jobcorps.gov,TRUE
cleancities-forum.nlr.gov,TRUE
122fw.ang.af.mil,TRUE
qsg.llnl.gov,TRUE
atms.unca.edu,TRUE
prescancerpanel.cancer.gov,TRUE
pubmed-ncbi-nlm-nih-gov.mrdc.idm.oclc.org,TRUE
search.farmers.gov,TRUE
playerauctions.com,TRUE
blackjet.com,TRUE
www-cisa-gov.translate.goog,TRUE
neutronimaging.ornl.gov,TRUE
partzilla.com,TRUE
pubmed-ncbi-nlm-nih-gov.newproxy.downstate.edu,TRUE
blm.usajobs.gov,TRUE
pineridge.jobcorps.gov,TRUE
app-test2-dcc.ed.gov,TRUE
volkfield.ang.af.mil,TRUE
beta.access-board.gov,TRUE
computerscience.usajobs.gov,TRUE
q-next.org,TRUE
ret.gsa.gov,TRUE
ncbi.leemina.moe,TRUE
pubmed-ncbi-nlm-nih-gov.uplib.idm.oclc.org,TRUE
apps.militaryonesource.mil,TRUE
pubmed-ncbi-nlm-nih-gov.bvsspa.idm.oclc.org,TRUE
astrogeology.usgs.gov,TRUE
llmpp.ccr.cancer.gov,TRUE
ssd-api.jpl.nasa.gov,TRUE
angell.jobcorps.gov,TRUE
comments2.cftc.gov,TRUE
pubmed-ncbi-nlm-nih-gov.ez27.periodicos.capes.gov.br,TRUE
virec.research.va.gov,TRUE
pubmed-ncbi-nlm-nih-gov.sabidi.urv.cat,TRUE
sci.va.gov,TRUE
whiteman.tricare.mil,TRUE
computing.fnal.gov,TRUE
stgsearch.forfeiture.gov,TRUE
loring.jobcorps.gov,TRUE
154wg.ang.af.mil,TRUE
iroquois.jobcorps.gov,TRUE
miccosukeetribe.nsopw.gov,TRUE
fpd.fnal.gov,TRUE
muhlenberg.jobcorps.gov,TRUE
www-nimh-nih-gov.translate.goog,TRUE
usapc.army.mil,TRUE
pubmed-ncbi-nlm-nih-gov.lmunet.idm.oclc.org,TRUE
pubmed-ncbi-nlm-nih-gov.proxy.unice.fr,TRUE
12cab.army.mil,TRUE
permitsearch.epa.gov,TRUE
seattledenvercoin.research.va.gov,TRUE
cbexapp.noaa.gov,TRUE
cdn.clinicaltrials.gov,TRUE
pubmed-ncbi-nlm-nih-gov.ezproxy.normandie-univ.fr,TRUE
csl.llnl.gov,TRUE
mitigationcommission.gov,TRUE
othercyber.usajobs.gov,TRUE
ri.ng.mil,TRUE
zuni3.psb.bls.gov,TRUE
mymoney.gov,TRUE
blog-brigade.pre.militaryonesource.mil,TRUE
situationroom.archives.gov,TRUE
creator.nightcafe.studio,TRUE
petitions.trumpwhitehouse.archives.gov,TRUE
flintgenesee.jobcorps.gov,TRUE
spotlight.llnl.gov,TRUE
pubmed-ncbi-nlm-nih-gov.adelphi.idm.oclc.org,TRUE
w55exjiwextzexwveuy4-s-a2360.r1.duohuijixie.com,TRUE
pubmed-ncbi-nlm-nih-gov.ump.remotexs.co,TRUE
sealevel-nexus.jpl.nasa.gov,TRUE
lbjlibrary.org,TRUE
www-ncbi-nlm-nih-gov.mime.uit.no,TRUE
fda.usajobs.gov,TRUE
getactive.gov,TRUE
airnow-green.app.cloud.gov,TRUE
brb.nci.nih.gov,TRUE
correlogo.cancer.gov,TRUE
trade-point.co.uk,TRUE
icsd.nist.gov,TRUE
preview.osha.gov,TRUE
pcmdi.github.io,TRUE
ptfcehs.niehs.nih.gov,TRUE
cssbmb.gov,TRUE
www2.occ.treas.gov,TRUE
crg.health.mil,TRUE
losangeles.tricare.mil,TRUE
cyber.army.mil,TRUE
appointment.treasury.gov,TRUE
wolfcreek.jobcorps.gov,TRUE
pubmed-ncbi-nlm-nih-gov.erm.cych.org.tw,TRUE
pmc-ncbi-nlm-nih-gov.ezaccess.libraries.psu.edu,TRUE
redriver.armymwr.com,TRUE
msha.gov,TRUE
gpdashboard.epa.gov,TRUE
eastcoast.coastwatch.noaa.gov,TRUE
subset.larc.nasa.gov,TRUE
ramey.jobcorps.gov,TRUE
udr.epa.gov,TRUE
weberbasin.jobcorps.gov,TRUE
163atkw.ang.af.mil,TRUE
schenck.jobcorps.gov,TRUE
dcs4.noaa.gov,TRUE
pod.usace.army.mil,TRUE
ustranscom.mil,TRUE
ocov2.jpl.nasa.gov,TRUE
gammaray.nsstc.nasa.gov,TRUE
eeo.nih.gov,TRUE
scicolloq.gsfc.nasa.gov,TRUE
kirk.tricare.mil,TRUE
siren.fort.usgs.gov,TRUE
timp-ccid.fda.gov,TRUE
landsatlook.usgs.gov,TRUE
tcb.bie.edu,TRUE
178wing.ang.af.mil,TRUE
vantage-va-gov-develop.go-vip.net,TRUE
csg4.usff.navy.mil,TRUE
marshallislands.llnl.gov,TRUE
156wg.ang.af.mil,TRUE
la.defense.gov,TRUE
annarbor.hsrd.research.va.gov,TRUE
harpersferry.jobcorps.gov,TRUE
ww3.safaq.hq.af.mil,TRUE
spangdahlem.tricare.mil,TRUE
mentalhealth.va.gov,TRUE
pubmed-ncbi-nlm-nih-gov.kaiserpermanente.idm.oclc.org,TRUE
cms.fs.usda.gov,TRUE
frcsw.navair.navy.mil,TRUE
misawa.tricare.mil,TRUE
atb-archive.nlr.gov,TRUE
isccp.giss.nasa.gov,TRUE
ccdor.research.va.gov,TRUE
eyes-nasa-gov.translate.goog,TRUE
lima.usgs.gov,TRUE
apps.conservation.gov,TRUE
onegrants.hhs.gov,TRUE
hp.com,TRUE
clinicaltrials-gov.translate.goog,TRUE
software.af.mil,TRUE
umbra.gsfc.nasa.gov,TRUE
execsec.od.nih.gov,TRUE
neutrinos.llnl.gov,TRUE
pubmed-ncbi-nlm-nih-gov.libezproxy.open.ac.uk,TRUE
pubmed-ncbi-nlm-nih-gov.proxy.library.kent.edu,TRUE
pubmed-ncbi-nlm-nih-gov.uniovi.idm.oclc.org,TRUE
coldcaserecords.gov,TRUE
fdanj.awsprod.nlm.nih.gov,TRUE
dus.llnl.gov,TRUE
fortsimcoe.jobcorps.gov,TRUE
ims.cr.usgs.gov,TRUE
satepsanone.nesdis.noaa.gov,TRUE
gric.nsopw.gov,TRUE
calmed.tricare.mil,TRUE
www2.ed.gov,TRUE
impl.webpricer.cms.gov,TRUE
143aw.ang.af.mil,TRUE
zuni3po.psb.bls.gov,TRUE
patriotbonds.gov,TRUE
timberlake.jobcorps.gov,TRUE
microdevices.jpl.nasa.gov,TRUE
webapps.ncua.gov,TRUE
savingmatters.dol.gov,TRUE
federation.nih.gov,TRUE
bic.marines.mil,TRUE
pubmed-ncbi-nlm-nih-gov.gsk.idm.oclc.org,TRUE
irresistiblemail.com,TRUE
ce.permitting.innovation.gov,TRUE
thecommunityguide.org,TRUE
pubmed-ncbi-nlm-nih-gov.libra.eulji.ac.kr,TRUE
safety.marines.mil,TRUE
honeybeenet.gsfc.nasa.gov,TRUE
acquia-stage-fhwa.dot.gov,TRUE
fwsprimary.wim.usgs.gov,TRUE
datadashboard-fda-gov.translate.goog,TRUE
147atkw.ang.af.mil,TRUE
api.open.fec.gov,TRUE
andersen.tricare.mil,TRUE
opendata.ncats.nih.gov,TRUE
pubmed-ncbi-nlm-nih-gov.bases-doc.univ-lorraine.fr,TRUE
fairchild.tricare.mil,TRUE
cms.bea.gov,TRUE
acf.ornl.gov,TRUE
ssp.usajobs.gov,TRUE
nrd-internal-portal.nhtsa.dot.gov,TRUE
pascuayaqui.nsopw.gov,TRUE
gcn.militaryonesource.mil,TRUE
jacobscreek.jobcorps.gov,TRUE
cebs.nci.nih.gov,TRUE
15thmeu.marines.mil,TRUE
marcent.marines.mil,TRUE
aiaccelerator.af.mil,TRUE
116acw.ang.af.mil,TRUE
gulfport.jobcorps.gov,TRUE
carrier.opm.gov,TRUE
138fw.ang.af.mil,TRUE
ibuildfellowship.ornl.gov,TRUE
pubmed-ncbi-nlm-nih-gov.bvsp2.idm.oclc.org,TRUE
styleguide.militaryonesource.mil,TRUE
pubmed-ncbi-nlm-nih-gov.eoc.swissconsortium.ch,TRUE
wisqars-viz.cdc.gov,TRUE
moleculartargets.ccdi.cancer.gov,TRUE
pmc-ncbi-nlm-nih-gov.libproxy.lib.unc.edu,TRUE
hpt-impl.cms.gov,TRUE
gcbs.sandia.gov,TRUE
uat.tidesandcurrents.noaa.gov,TRUE
bptraining.ornl.gov,TRUE
together.gov,TRUE
ntl.bts.gov,TRUE
pubmed-ncbi-nlm-nih-gov.proxy-remote.galib.uga.edu,TRUE
semssiteprofilestg.epa.gov,TRUE
astro.fnal.gov,TRUE
pubmed-ncbi-nlm-nih-gov.uaccess.univie.ac.at,TRUE
pmc-ncbi-nlm-nih-gov.ucsf.idm.oclc.org,TRUE
app-test5-dcc.ed.gov,TRUE
exis.tsa.dhs.gov,TRUE
pinebluff.armymwr.com,TRUE
jfklibrary-qmrsxf76mzhsvj58tnw7rgtitnuypqqx.tugboatqa.com,TRUE
mingo.jobcorps.gov,TRUE
dsac.gov,TRUE
pfabankfindui-n.app.cloud.gov,TRUE
details.usajobs.gov,TRUE
rd.usda.gov,TRUE
whs.bie.edu,TRUE
floodmaps.fema.gov,TRUE
pivauth.nih.gov,TRUE
evchart.driveelectric.gov,TRUE
seymourjohnson.tricare.mil,TRUE
jumper.fy.edu.tw,TRUE
testpp.fbijobs.gov,TRUE
diabetespath2prevention.cdc.gov,TRUE
nlm.nih.gov,TRUE
prod.mars.jpllab.net,TRUE
oconaluftee.jobcorps.gov,TRUE
uploader.arms.epa.gov,TRUE
164aw.ang.af.mil,TRUE
app.epa.gov,TRUE
dev-spot.weather.gov,TRUE
svs-gsfc-nasa-gov.translate.goog,TRUE
gpp.tokyo-med.ac.jp,TRUE
ndclibrary.sec.usace.army.mil,TRUE
nbdc-biobank.nida.nih.gov,TRUE
blsa.nih.gov,TRUE
pubmed-ncbi-nlm-nih-gov.huaryu.kl.oakland.edu,TRUE
mcconnell.tricare.mil,TRUE
pmc-ncbi-nlm-nih-gov.pucdechile.idm.oclc.org,TRUE
cpardpub.epa.gov,TRUE
trec.nist.gov,TRUE
officeofbudget.od.nih.gov,TRUE
sicapdep.ncua.gov,TRUE
caps.gsfc.nasa.gov,TRUE
wtbn.marines.mil,TRUE
ira-rebates.labworks.org,TRUE
pawboost.com,TRUE
pubmed-ncbi-nlm-nih-gov.ezproxy.lib.torontomu.ca,TRUE
optevfor.navy.mil,TRUE
www-prod.goesr.woc.noaa.gov,TRUE
schoolsafety.gov,TRUE
iolp.gsa.gov,TRUE
tedb.ornl.gov,TRUE
186arw.ang.af.mil,TRUE
pubmed-ncbi-nlm-nih-gov.ezproxy.uni-giessen.de,TRUE
data.globe.gov,TRUE
recent5300.ncua.gov,TRUE
isleta.nsopw.gov,TRUE
wilmington.jobcorps.gov,TRUE
pubmed-ncbi-nlm-nih-gov.ezproxy.fh-muenster.de,TRUE
webapps2.ncua.gov,TRUE
uat1egrants.cns.gov,TRUE
doloiglocats.secureocp.com,TRUE
procurement.llnl.gov,TRUE
pubmed-ncbi-nlm-nih-gov.wake.idm.oclc.org,TRUE
trainingproviderresults.gov,TRUE
ecomp.dol.gov,TRUE
pubmed-ncbi-nlm-nih-gov.juntendo.idm.oclc.org,TRUE
forensicscience.llnl.gov,TRUE
usanato.army.mil,TRUE
rfpb.defense.gov,TRUE
gis.usgs.gov,TRUE
eads.ang.af.mil,TRUE
oced-exchange.energy.gov,TRUE
dts.fsa.usda.gov,TRUE
zuni4.psb.bls.gov,TRUE
integration.example.nsidc.org,TRUE
holloman.tricare.mil,TRUE
pci.nsopw.gov,TRUE
reservations.com,TRUE
csrc.test-e1c.nist.gov,TRUE
nmed.inl.gov,TRUE
pubmed-ncbi-nlm-nih-gov-ssl.libpro1.kku.ac.kr,TRUE
pubmed-ncbi-nlm-nih-gov.uproxy.library.dc-uoit.ca,TRUE
pubmed-ncbi-nlm-nih-gov.ezproxy.canberra.edu.au,TRUE
whispers.usgs.gov,TRUE
cass.jobcorps.gov,TRUE
mountainhome.tricare.mil,TRUE
pubmed-ncbi-nlm-nih-gov.manchester.idm.oclc.org,TRUE
famauth-qa.wildfire.gov,TRUE
li41-71.members.linode.com,TRUE
espanol.airnow.gov,TRUE
cftc.gov,TRUE
pubmed-ncbi-nlm-nih-gov.childrensmercy.idm.oclc.org,TRUE
pubmed-ncbi-nlm-nih-gov.ezproxy.med.nyu.edu,TRUE
storms.ngs.noaa.gov,TRUE
deepspace.jpl.nasa.gov,TRUE
usda-fsa.usajobs.gov,TRUE
finchhenry.jobcorps.gov,TRUE
pubmed-ncbi-nlm-nih-gov.lhs.idm.oclc.org,TRUE
delawarevalley.jobcorps.gov,TRUE
pubmed-ncbi-nlm-nih-gov.proxy-hs.researchport.umd.edu,TRUE
pubmed-ncbi-nlm-nih-gov.aurarialibrary.idm.oclc.org,TRUE
waa.epa.gov,TRUE
quickscore.epa.gov,TRUE
crossfunctional.usajobs.gov,TRUE
lift.llnl.gov,TRUE
riverstreamassessment.epa.gov,TRUE
doe417.pnnl.gov,TRUE
bcda.cms.gov,TRUE
realpropertyprofile.gov,TRUE
vance.tricare.mil,TRUE
c00lkiddtech.live,TRUE
pubmed-ncbi-nlm-nih-gov.proxy.bib.uclouvain.be,TRUE
airnow-blue.app.cloud.gov,TRUE
idp.dm.login.gov,TRUE
southcomclinic.tricare.mil,TRUE
pubmed-ncbi-nlm-nih-gov.libproxy.umassd.edu,TRUE
dcsa.mil,TRUE
cams.llnl.gov,TRUE
pmc-ncbi-nlm-nih-gov.ez.srv.meduniwien.ac.at,TRUE
qa-ed.oversight.gov,TRUE
default.kinfra.myqcloud.com,TRUE
dmf.ntis.gov,TRUE
mescforyou.ksc.nasa.gov,TRUE
physicalscience.usajobs.gov,TRUE
staging.bluebutton.cms.gov,TRUE
jblmdesignstandards.army.mil,TRUE
pubmed-ncbi-nlm-nih-gov.ezproxy.uef.fi,TRUE
inlsoftware.inl.gov,TRUE
dbb.defense.gov,TRUE
pubmed-ncbi-nlm-nih-gov.technion.idm.oclc.org,TRUE
wwwnc-cdc-gov.translate.goog,TRUE
tbportals.niaid.nih.gov,TRUE
cloud.nih.gov,TRUE
cmip-publications.llnl.gov,TRUE
physics.usajobs.gov,TRUE
cmor.llnl.gov,TRUE
wcc.nrcs.usda.gov,TRUE
183wg.ang.af.mil,TRUE
www-prod-acsf.cancer.gov,TRUE
cscrip.ntia.gov,TRUE
pfdps.tsa.dhs.gov,TRUE
pubmed-ncbi-nlm-nih-gov.ezproxy.univ-catholille.fr,TRUE
rosebud.nsopw.gov,TRUE
oneida.nsopw.gov,TRUE
cusoregistry.ncua.gov,TRUE
nifuserguide.llnl.gov,TRUE
homeadmin.army.mil,TRUE
topcv.vn,TRUE
afod.eur.army.mil,TRUE
120thairliftwing.ang.af.mil,TRUE
blogs.anl.gov,TRUE
heronext.epa.gov,TRUE
jlf.llnl.gov,TRUE
hrom.marines.mil,TRUE
mrisktool.cancer.gov,TRUE
afrba-portal.cce.af.mil,TRUE
pubmed.ucm.elogim.com,TRUE
lyndonbjohnson.jobcorps.gov,TRUE
pmc-ncbi-nlm-nih-gov.recursosbiblioteca.unab.cl,TRUE
frenchburg.jobcorps.gov,TRUE
alzped.nia.nih.gov,TRUE
gpm-nasa-gov.translate.goog,TRUE
webharvest.gov,TRUE
www-ncbi-nlm-nih-gov.libproxy.jnu.ac.kr,TRUE
ofm.od.nih.gov,TRUE
pubmed-ncbi-nlm-nih-gov.husson.idm.oclc.org,TRUE
pvpact.sandia.gov,TRUE
myhealthyvet.va.gov,TRUE
library.usgs.gov,TRUE
qa.idmanagement.gov,TRUE
dir.nichd.nih.gov,TRUE
nareeeab.ree.usda.gov,TRUE
srst.nsopw.gov,TRUE
150sow.ang.af.mil,TRUE
epa.gov,TRUE
data.ntmportals.niaid.nih.gov,TRUE
gs674-webtools1.ccmc.gsfc.nasa.gov,TRUE
mcis.marines.mil,TRUE
fincen105.sat.mesh.cbp.dhs.gov,TRUE
tyndall.tricare.mil,TRUE
odni.gov,TRUE
atwork.dunescience.org,TRUE
dcs3.noaa.gov,TRUE
chtn.cancer.gov,TRUE
prs.bie.edu,TRUE
colvilletribes.nsopw.gov,TRUE
pubmed-ncbi-nlm-nih-gov.umlwrha.idm.oclc.org,TRUE
pubmed-ncbi-nlm-nih-gov.easyaccess1.lib.cuhk.edu.hk,TRUE
m2m.cr.usgs.gov,TRUE
webbtelescope.org,TRUE
ftp.nohrsc2.noaa.gov,TRUE
edwards.af.mil,TRUE
pubmed-ncbi-nlm-nih-gov.asmn-re.idm.oclc.org,TRUE
radiationcalculators.cancer.gov,TRUE
dyess.tricare.mil,TRUE
cstl.nist.gov,TRUE
mvpiccs-viz.cdc.gov,TRUE
podaac.github.io,TRUE
pubmed-ncbi-nlm-nih-gov.proxy.kennesaw.edu,TRUE
actuary.defense.gov,TRUE
www-ncbi-nlm-nih-gov.scd-rproxy.u-strasbg.fr,TRUE
natick.armymwr.com,TRUE
navyclosuretaskforce.navy.mil,TRUE
phzm-prod.ars.usda.gov,TRUE
data.epa.gov,TRUE
pmc-ncbi-nlm-nih-gov.laneproxy.stanford.edu,TRUE
shoreline.noaa.gov,TRUE
hls.gsfc.nasa.gov,TRUE
statistics.usajobs.gov,TRUE
intercomparisonstudies.ornl.gov,TRUE
cpcco.hanford.gov,TRUE
107attackwing.ang.af.mil,TRUE
tracktable.sandia.gov,TRUE
woodstock.jobcorps.gov,TRUE
perkins.ed.gov,TRUE
pubmed-ncbi-nlm-nih-gov.ezproxy.is.cuni.cz,TRUE
fedpay.gsa.gov,TRUE
origin.arpa-h.gov,TRUE
csaob.larc.nasa.gov,TRUE
hl7v2-gvt.nist.gov,TRUE
reconnect-apply.rd.usda.gov,TRUE
seaborg.llnl.gov,TRUE
virtualsolar.org,TRUE
mdctmfp.cms.gov,TRUE
pubmed-ncbi-nlm-nih-gov.ezproxy.library.qmul.ac.uk,TRUE
www-climate-gov.translate.goog,TRUE
181iw.ang.af.mil,TRUE
pubmed-ncbi-nlm-nih-gov.carmelmc.portium.org,TRUE
taskforce.coralreef.noaa.gov,TRUE
treatments.hhs.gov,TRUE
casebrowser.tbportals.niaid.nih.gov,TRUE
malmstrom.tricare.mil,TRUE
mutcd-dr.fhwa.dot.gov,TRUE
dso.marines.mil,TRUE
pubmed-ncbi-nlm-nih-gov.passerelle.univ-rennes.fr,TRUE
pubmed-ncbi-nlm-nih-gov.libproxy.lib.csusb.edu,TRUE
ehbsec.hrsa.gov,TRUE
daaf-wx.army.mil,TRUE
dcc-app-uat.studentaid.gov,TRUE
vwac.defense.gov,TRUE
ehbstg02.hrsa.gov,TRUE
ivscc.oan.es,TRUE
fsdx.fda.gov,TRUE
bush41library.gov,TRUE
0.comy.workers.dev,TRUE
22ndmeu.marines.mil,TRUE
aaec.ed.gov,TRUE
pa.sandia.gov,TRUE
akastage-foodsafety.gov,TRUE
geonarrative.usgs.gov,TRUE
dha.mil,TRUE
csat.bjs.ojp.gov,TRUE
tdb.epa.gov,TRUE
pubmed-ncbi-nlm-nih-gov.ezproxy.ub.gu.se,TRUE
pubmed3.ilibs.cn,TRUE
privacy.af.mil,TRUE
sqa.vlm.cem.va.gov,TRUE
110wg.ang.af.mil,TRUE
analysistools.cancer.gov,TRUE
travelingsciencefair.ornl.gov,TRUE
indypendence.jobcorps.gov,TRUE
anniston.armymwr.com,TRUE
data.lhncbc.nlm.nih.gov,TRUE
cheyenneriver.nsopw.gov,TRUE
qed.epa.gov,TRUE
sae.cancer.gov,TRUE
aft3.af.mil,TRUE
healthphysics.usajobs.gov,TRUE
teamsite.nlm.nih.gov,TRUE
nwdc.usff.navy.mil,TRUE
findtreatment.gov,TRUE
pubmed-ncbi-nlm-nih-gov.sheba.portium.org,TRUE
whitneymyoung.jobcorps.gov,TRUE
astronautappearances.nasa.gov,TRUE
navair.usajobs.gov,TRUE
donotcall.gov,TRUE
tigta.gov,TRUE
pivot.jobcorps.gov,TRUE
hl7v2-lab-testing.nist.gov,TRUE
acreditor.section508.gov,TRUE
nbi.larc.nasa.gov,TRUE
pubmed-ncbi-nlm-nih-gov.rjl.idm.oclc.org,TRUE
miramar-ems.marines.mil,TRUE
osep.communities.ed.gov,TRUE
mdphd.gpp.nih.gov,TRUE
pir.doe.gov,TRUE
elwha.nsopw.gov,TRUE
pbgc.gov,TRUE
195wg.ang.af.mil,TRUE
pubmed-ncbi-nlm-nih-gov.ucfcomhsl.idm.oclc.org,TRUE
staging.dol.gov,TRUE
largelakes.jpl.nasa.gov,TRUE
workspace.my.site.com,TRUE
northernarapaho.nsopw.gov,TRUE
id.wip.nlm.nih.gov,TRUE
cylofold.cancer.gov,TRUE
pubmed-ncbi-nlm-nih-gov.logan.idm.oclc.org,TRUE
pubmed-ncbi-nlm-nih-gov-ssl.openlink.khu.ac.kr,TRUE
tours.hanford.gov,TRUE
ni.com,TRUE
millifelearning.pre.militaryonesource.mil,TRUE
kwajalein.armymwr.com,TRUE
gssr.jpl.nasa.gov,TRUE
qa.nsidc.org,TRUE
mc-review-val.onemac.cms.gov,TRUE
csms.nci.nih.gov,TRUE
darpacareers.usajobs.gov,TRUE
strs.grc.nasa.gov,TRUE
psrs.arc.nasa.gov,TRUE
sv.vecteezy.com,TRUE
presidentscup.cisa.gov,TRUE
pubmed-ncbi-nlm-nih-gov.vdic.idm.oclc.org,TRUE
data.permits.performance.gov,TRUE
kaw.nsopw.gov,TRUE
stg.geoplatform.gov,TRUE
coastwatch.star.nesdis.noaa.gov,TRUE
centennial.jobcorps.gov,TRUE
production.mars.jpllab.net,TRUE
flsm-agents-floodsmart-v2-prod.apps.os4.production.gcp-pivot.fema.net,TRUE
pmc-ncbi-nlm-nih-gov.ezproxy.newcastle.edu.au,TRUE
pubmed-ncbi-nlm-nih-gov.libproxy.helsinki.fi,TRUE
pubmed-ncbi-nlm-nih-gov.yale.idm.oclc.org,TRUE
pubmed-ncbi-nlm-nih-gov.ez16.periodicos.capes.gov.br,TRUE
tmbci.nsopw.gov,TRUE
e2f8d90095a4ddba175fe646c3217a98c6e2dc49.vetisonline.com,TRUE
parks.armymwr.com,TRUE
pmc-ncbi-nlm-nih-gov.uc.idm.oclc.org,TRUE
wmat.nsopw.gov,TRUE
clwp.navy.mil,TRUE
pubmed-ncbi-nlm-nih-gov.qub.idm.oclc.org,TRUE
above.gsfc.nasa.gov,TRUE
mccjobs.usajobs.gov,TRUE
dev-y.lanl.gov,TRUE
pubmed-ncbi-nlm-nih-gov.ez14.periodicos.capes.gov.br,TRUE
pmc-ncbi-nlm-nih-gov.uml.idm.oclc.org,TRUE
168wg.ang.af.mil,TRUE
ttp-dhs-gov.translate.goog,TRUE
goodfellow.tricare.mil,TRUE
plpt.nsopw.gov,TRUE
roswell.jobcorps.gov,TRUE
datasharing.cancer.gov,TRUE
fortpecktribes.nsopw.gov,TRUE
wisqars.glb.cdc.gov,TRUE
ctdb.nichd.nih.gov,TRUE
habsos.noaa.gov,TRUE
replacements.com,TRUE
environmental.larc.nasa.gov,TRUE
moles-melanoma-tool.cancer.gov,TRUE
pubmed-ncbi-nlm-nih-gov-ssl.oca.korea.ac.kr,TRUE
pubmed-ncbi-nlm-nih-gov.bris.idm.oclc.org,TRUE
vorocrust.sandia.gov,TRUE
fic.nih.gov,TRUE
dtops-sit.sat.cbp.dhs.gov,TRUE
lpvs.gsfc.nasa.gov,TRUE
enviroflash.info,TRUE
nhbpi.nsopw.gov,TRUE
oglala.nsopw.gov,TRUE
wyandotte.nsopw.gov,TRUE
pubmed-ncbi-nlm-nih-gov.amu.idm.oclc.org,TRUE
pubmed-ncbi-nlm-nih-gov.proxy.lib.sfu.ca,TRUE
dementia.cindrr.research.va.gov,TRUE
mwsci.jpl.nasa.gov,TRUE
mathematics.usajobs.gov,TRUE
energyefficiency.ornl.gov,TRUE
kdi.ornl.gov,TRUE
pmc-ncbi-nlm-nih-gov.proxy.lib.umich.edu,TRUE
ttgp.navy.mil,TRUE
pineknot.jobcorps.gov,TRUE
psdi.astrogeology.usgs.gov,TRUE
pubmed-ncbi-nlm-nih-gov.lp.hscl.ufl.edu,TRUE
pubmed-ncbi-nlm-nih-gov.ummc.idm.oclc.org,TRUE
ellsworth.tricare.mil,TRUE
casl.gov,TRUE
cmts.gov,TRUE
upperskagit.nsopw.gov,TRUE
echo.jpl.nasa.gov,TRUE
pubmed-ncbi-nlm-nih-gov.webopac.lib.iwate-med.ac.jp,TRUE
pubmed-ncbi-nlm-nih-gov.csub.idm.oclc.org,TRUE
smc-datachallenge.ornl.gov,TRUE
tscportal.fas.gsa.gov,TRUE
chickasaw.nsopw.gov,TRUE
shoalwaterbay.nsopw.gov,TRUE
floatplan.noaa.gov,TRUE
atf.gov,TRUE
rarediseases-info-nih-gov.translate.goog,TRUE
media.ksc.nasa.gov,TRUE
moomoo.com,TRUE
wcms.nhlbi.nih.gov,TRUE
apps.ocfo.gsa.gov,TRUE
dev-onrr-frontend.app.cloud.gov,TRUE
pubmed-ncbi-nlm-nih-gov.nottingham.idm.oclc.org,TRUE
uat.ojjdp.ojp.gov,TRUE
www-lmmb.ncifcrf.gov,TRUE
edit.ftc.gov,TRUE
escweb.wr.usgs.gov,TRUE
pmc-ncbi-nlm-nih-gov.mu.idm.oclc.org,TRUE
2009--2017-state-gov.translate.goog,TRUE
noaa.inl.gov,TRUE
preview.gsa.gov,TRUE
apod.com,TRUE
flsm-consumer-flsm-consumer-stage.apps.os4.preprod.gcp-pivot.fema.net,TRUE
qa.coast.noaa.gov,TRUE
sortd.com,TRUE
berstructuralbioportal.org,TRUE
hubblesite.org,TRUE
pubmed-ncbi-nlm-nih-gov.ukzn.idm.oclc.org,TRUE
ibwc-dr.azurewebsites.net,TRUE
staging.cbp.gov,TRUE
paeasa.army.mil,TRUE
preview-onrr-frontend.app.cloud.gov,TRUE
wic.ornl.gov,TRUE
durham.hsrd.research.va.gov,TRUE
earthobservatory.nasa.gov,TRUE
pmc-ncbi-nlm-nih-gov.proxy.library.vcu.edu,TRUE
pubmed-ncbi-nlm-nih-gov.libproxy.umflint.edu,TRUE
coral.aoml.noaa.gov,TRUE
mccog.marines.mil,TRUE
historicproperties.arc.nasa.gov,TRUE
pubmed-ncbi-nlm-nih-gov.oxfordbrookes.idm.oclc.org,TRUE
inp2300irmadv04.nps.doi.net,TRUE
0-pubmed-ncbi-nlm-nih-gov.liucat.lib.liu.edu,TRUE
integration.nsidc.org,TRUE
anywhere.sandia.gov,TRUE
pubmed-ncbi-nlm-nih-gov.ez3.periodicos.capes.gov.br,TRUE
walkerbranch.ornl.gov,TRUE
lewismcchord.tricare.mil,TRUE
bg-crawford.tricare.mil,TRUE
vandenberg.tricare.mil,TRUE
cov.lanl.gov,TRUE
states.ornl.gov,TRUE
mttc.jpl.nasa.gov,TRUE
columbus.tricare.mil,TRUE
altus.tricare.mil,TRUE
generalcounsel.fnal.gov,TRUE
pubmed-ncbi-nlm-nih-gov.beckerproxy.wustl.edu,TRUE
eforms.cdc.gov,TRUE
hytes.jpl.nasa.gov,TRUE
metrology.ornl.gov,TRUE
staging.nsidc.org,TRUE
attains.epa.gov,TRUE
pubmed-ncbi-nlm-nih-gov.cedarville.ohionet.org,TRUE
fmrif.nimh.nih.gov,TRUE
dodmwrandresalepolicy.defense.gov,TRUE
sme.qa.bidenlibrary.gov,TRUE
www-ncbi-nlm-nih-gov.eproxy.lib.hku.hk,TRUE
simplereport.gov,TRUE
pubmed-ncbi-nlm-nih-gov.tudelft.idm.oclc.org,TRUE
beta.ncbi.nlm.nih.gov,TRUE
wof.nssl.noaa.gov,TRUE
idcftoews.bls.gov,TRUE
pubmed-ncbi-nlm-nih-gov.jerome.stjohns.edu,TRUE
knowledgestore.nmb.gov,TRUE
pmc-ncbi-nlm-nih-gov.jumper.tmu.edu.tw,TRUE
psychologytraining.va.gov,TRUE
pubmed-ncbi-nlm-nih-gov.pacificcollege.idm.oclc.org,TRUE
bamc.usajobs.gov,TRUE
cpc.ncep.noaa.gov,TRUE
treasurydirect.services.treasury.gov,TRUE
winmd.ird.appdat.jsc.nasa.gov,TRUE
rmcprofile.ornl.gov,TRUE
drupal-preview.bls.gov,TRUE
fsswpl-rnast01p.ncifcrf.gov,TRUE
image.gsfc.nasa.gov,TRUE
installations.gcn.militaryonesource.mil,TRUE
pmc-ncbi-nlm-nih-gov.scd-rproxy.u-strasbg.fr,TRUE
pmc-ncbi-nlm-nih-gov.autorpa.cmu.edu.tw,TRUE
ctss.nih.gov,TRUE
pmc-ncbi-nlm-nih-gov.ezproxy.mnsu.edu,TRUE
nationalcancerplan.cancer.gov,TRUE
pubmed-ncbi-nlm-nih-gov.kmclibproxy.khu.ac.kr,TRUE
lhcforms.nlm.nih.gov,TRUE
hysplit2.arl.noaa.gov,TRUE
test-tracieweb.rocbis.com,TRUE
bia.gov,TRUE
osrp.lanl.gov,TRUE
everytrycounts.betobaccofree.hhs.gov,TRUE
www-staging.jpl.nasa.gov,TRUE
pubmed-ncbi-nlm-nih-gov.smatteo.idm.oclc.org,TRUE
pubmed-ncbi-nlm-nih-gov.ez10.periodicos.capes.gov.br,TRUE
www-medlineplus-gov.translate.goog,TRUE
dirseminar.nlm.nih.gov,TRUE
fankangli.ornl.gov,TRUE
lummi.nsopw.gov,TRUE
179cw.ang.af.mil,TRUE
conexus-cert.gsa.gov,TRUE
epilepsy.va.gov,TRUE
maccs.sandia.gov,TRUE
stage.cms.doe.gov,TRUE
star.llnl.gov,TRUE
talkingleaves.jobcorps.gov,TRUE
iswa.gsfc.nasa.gov,TRUE
data.hrsa.gov,TRUE
cris-njs-custsvc-stage.apps.k8s-ext.uscis.dhs.gov,TRUE
ewtgpac.navy.mil,TRUE
lep-pds.gsfc.nasa.gov,TRUE
pubmed-ncbi-nlm-nih-gov.ez24.periodicos.capes.gov.br,TRUE
wildfire.pnnl.gov,TRUE
10thmarines.marines.mil,TRUE
dcegsystem.nci.nih.gov,TRUE
trademark.marines.mil,TRUE
honyung.ornl.gov,TRUE
pubmed-ncbi-nlm-nih-gov.eps.cc.ysu.edu,TRUE
arecibo.jobcorps.gov,TRUE
navfac.usajobs.gov,TRUE
oldcc.gov,TRUE
aghealth.nih.gov,TRUE
publicwebcmsode63.prod.acquia-sites.com,TRUE
ncua1.my.site.com,TRUE
pubmed-ncbi-nlm-nih-gov.ez.lapinamk.fi,TRUE
gendart.seegene.com,TRUE
staging-mobile.health.mil,TRUE
geoplatform.gov,TRUE
fim.nimh.nih.gov,TRUE
avirisng.jpl.nasa.gov,TRUE
crtp.ccr.cancer.gov,TRUE
nedm.ornl.gov,TRUE
preprod.vlm.cem.va.gov,TRUE
trade--cops.sandbox.my.site.com,TRUE
hmt.noaa.gov,TRUE
124thfighterwing.ang.af.mil,TRUE
189aw.ang.af.mil,TRUE
ww2.nrc.gov,TRUE
fits.nist.gov,TRUE
isd-atwork.fnal.gov,TRUE
pubmed-ncbi-nlm-nih-gov.cmich.idm.oclc.org,TRUE
efileqa.fara.gov,TRUE
confocal.ccr.cancer.gov,TRUE
fascareers.usajobs.gov,TRUE
dev-blog-nrrd.app.cloud.gov,TRUE
uat.cmist.noaa.gov,TRUE
hub-stage.datacommons.cancer.gov,TRUE
pmc-ncbi-nlm-nih-gov.kumc.idm.oclc.org,TRUE
apisstaging.niaaa.nih.gov,TRUE
hfradar.ndbc.noaa.gov,TRUE
fmtbneast.marines.mil,TRUE
pubmed-ncbi-nlm-nih-gov.dbproxy.umfiasi.ro,TRUE
uat-vsac.nlm.nih.gov,TRUE
origin-catpx-about.usps.com,TRUE
distribution.charts.noaa.gov,TRUE
pubmed-ncbi-nlm-nih-gov.uiwtx.idm.oclc.org,TRUE
askncua.ncua.lan,TRUE
energystoragera.org,TRUE
srpmic.nsopw.gov,TRUE
fdic.usajobs.gov,TRUE
jtnc.mil,TRUE
pubmed-ncbi-nlm-nih-gov.ez20.periodicos.capes.gov.br,TRUE
www-help-cbp-gov.translate.goog,TRUE
brandcrowd.com,TRUE
www-ncbi-nlm-nih-gov.uc.idm.oclc.org,TRUE
nih.usajobs.gov,TRUE
imp2.openpaymentsdata.cms.gov,TRUE
jfklibrary-88nzdcqwdpv8kxod3tqx00auikel7m6c.tugboatqa.com,TRUE
ds.nccs.nasa.gov,TRUE
astrocloud.wr.usgs.gov,TRUE
ecbp-ui.sat.mesh.cbp.dhs.gov,TRUE
sos26.ornl.gov,TRUE
doi.org,TRUE
pubmed-ncbi-nlm-nih-gov.ezproxy.library.yorku.ca,TRUE
pmc-ncbi-nlm-nih-gov.treadwell.idm.oclc.org,TRUE
sopsdatabase.ahrq.gov,TRUE
www-army-mil.translate.goog,TRUE
duramat.org,TRUE
metrics.llnl.gov,TRUE
nwis.waterservices.usgs.gov,TRUE
pandr.marines.mil,TRUE
t2.army.mil,TRUE
atf.usajobs.gov,TRUE
ahajournals.org,TRUE
hanhongju.com,TRUE
njang.ang.af.mil,TRUE
carriersedge.com,TRUE
dev-hazards.fematdl.net,TRUE
www-ncbi-nlm-nih-gov.ezproxy.u-paris.fr,TRUE
eielson.tricare.mil,TRUE
floats.pmel.noaa.gov,TRUE
extranet.osha.gov,TRUE
greatonyx.jobcorps.gov,TRUE
annarbor.research.va.gov,TRUE
tooele.armymwr.com,TRUE
cedcd.nci.nih.gov,TRUE
adr.af.mil,TRUE
pmc-ncbi-nlm-nih-gov.mhdla.flysheet.com.tw,TRUE
cpl.gsfc.nasa.gov,TRUE
fas.usda.gov,TRUE
blackfeet.nsopw.gov,TRUE
ctsedwweb.ee.doe.gov,TRUE
qa.clinicaltrials.gov,TRUE
ehbuat03t01.hrsa.gov,TRUE
wwwn-cdc-gov.translate.goog,TRUE
dprp.cdc.gov,TRUE
pubmed-ncbi-nlm-nih-gov.fontys.idm.oclc.org,TRUE
pubmed-ncbi-nlm-nih-gov-443.webvpn.cams.cn,TRUE
rnastructure.cancer.gov,TRUE
dugway.armymwr.com,TRUE
pubmed-ncbi-nlm-nih-gov.cardiff.idm.oclc.org,TRUE
tad.usace.army.mil,TRUE
opd-ui-sit.etc.uspto.gov,TRUE
dmcs.marines.mil,TRUE
cidr-webadmin.econ.census.gov,TRUE
hddsexplorer.usgs.gov,TRUE
citenet.nlrb.gov,TRUE
ttr.sandia.gov,TRUE
pubmed-ncbi-nlm-nih-gov.ezproxy.elib11.ub.unimaas.nl,TRUE
wrclib.noaa.gov,TRUE
beale.tricare.mil,TRUE
tvp.tsa.dhs.gov,TRUE
dceg2.cancer.gov,TRUE
pubmed-ncbi-nlm-nih-gov.ezproxy.uakron.edu,TRUE
armychildcarejobs.usajobs.gov,TRUE
swpc.noaa.gov,TRUE
archives.gov,TRUE
159fw.ang.af.mil,TRUE
pubmed-ncbi-nlm-nih-gov.libproxy.knu.ac.kr,TRUE
ocmgeodatastor1.blob.core.windows.net,TRUE
gdo-dcp.llnl.gov,TRUE
cms.fta.dot.gov,TRUE
hud.usajobs.gov,TRUE
hiv.gov,TRUE
recellcenter.org,TRUE
jamrs.war.gov,TRUE
data.defense.gov,TRUE
rsp.cbp.gov,TRUE
benefits.ornl.gov,TRUE
nirp.sandia.gov,TRUE
shield.gfdl.noaa.gov,TRUE
visitorusemanagement.nps.gov,TRUE
scientificadvisoryboard.af.mil,TRUE
clinicaltrialsapi.cancer.gov,TRUE
maui.jobcorps.gov,TRUE
pip2.fnal.gov,TRUE
pubmed-ncbi-nlm-nih-gov.ez49.periodicos.capes.gov.br,TRUE
pubmed-ncbi-nlm-nih-gov.ezproxyhhs.nihlibrary.nih.gov,TRUE
cce-signin.gsfc.nasa.gov,TRUE
akaprod-stopbullying.gov,TRUE
cms.fnal.gov,TRUE
hy-vee.com,TRUE
tscaguideme.epa.gov,TRUE
pmc-ncbi-nlm-nih-gov.ezproxy.lib.utexas.edu,TRUE
natwebcaas01.wr.usgs.gov,TRUE
pubmed-ncbi-nlm-nih-gov.access.semantak.com,TRUE
ie-exchange.energy.gov,TRUE
pubmed-ncbi-nlm-nih-gov.libproxy.unl.edu,TRUE
clearinghouse.marinedebris.noaa.gov,TRUE
flatwoods.jobcorps.gov,TRUE
seed-sfa.ornl.gov,TRUE
impl-green.ops.internal.cms.gov,TRUE
mping.nssl.noaa.gov,TRUE
sbir-dev-acsf.cancer.gov,TRUE
visualization.osdr.nasa.gov,TRUE
pubmed-ncbi-nlm-nih-gov.proxy.ulib.uits.iu.edu,TRUE
pmc-ncbi-nlm-nih-gov.ezproxy.bu.edu,TRUE
10x.gsa.gov,TRUE
remoteapps.nci.nih.gov,TRUE
pubmed-ncbi-nlm-nih-gov.ez15.periodicos.capes.gov.br,TRUE
pubmed-ncbi-nlm-nih-gov.unh.idm.oclc.org,TRUE
ford.blogs.archives.gov,TRUE
towerfts.csbf.nasa.gov,TRUE
wrdb.nlr.gov,TRUE
eeoc.gov,TRUE
metallurgy.nist.gov,TRUE
gnis.usgs.gov,TRUE
spiritlake.nsopw.gov,TRUE
vsac-qa.nlm.nih.gov,TRUE
don-medical.usajobs.gov,TRUE
cidr.cr.usgs.gov,TRUE
nrrd-preview.app.cloud.gov,TRUE
imp.cqr.cms.gov,TRUE
d32i4z0dxazdtp.cloudfront.net,TRUE
content.consumerfinance.gov,TRUE
etic2.nps.gov,TRUE
joe.co.uk,TRUE
midc.nrel.gov,TRUE
vanguard.sandia.gov,TRUE
live-neutrons.pantheonsite.io,TRUE
www-ncbi-nlm-nih-gov-443.webvpn.ccmu.edu.cn,TRUE
tidesandcurrents.noaa.gov,TRUE
training.simpler.grants.gov,TRUE
warmsprings.nsopw.gov,TRUE
amputation.research.va.gov,TRUE
141arw.ang.af.mil,TRUE
pubmed-ncbi-nlm-nih-gov.proxy.library.upei.ca,TRUE
poland.armymwr.com,TRUE
eyes.jpl.nasa.gov,TRUE
tf515.marines.mil,TRUE
lscms-sci.fema.gov,TRUE
oakridgereservationhunts.ornl.gov,TRUE
flsm-consumer-floodsmart-v2-prod.apps.os4.production.gcp-pivot.fema.net,TRUE
zeno.nist.gov,TRUE
mcic.marines.mil,TRUE
mipav.cit.nih.gov,TRUE
sonet.ornl.gov,TRUE
stage.usmarshals.gov,TRUE
eap.llnl.gov,TRUE
ehbomint2.ehbsbx.work,TRUE
biomassboard.gov,TRUE
ci2i.research.va.gov,TRUE
pubmed-ncbi-nlm-nih-gov.radford.idm.oclc.org,TRUE
azhrsaint.amer.reisystems.com,TRUE
km.usembassy.gov,TRUE
pmc-ncbi-nlm-nih-gov.ezproxy.canberra.edu.au,TRUE
awsfinancialaidtoolkit.ed.gov,TRUE
zuni.nsopw.gov,TRUE
carville.jobcorps.gov,TRUE
researchoptimizer-qa2.cancer.gov,TRUE
mynavi-agent.jp,TRUE
pmc-ncbi-nlm-nih-gov.proxy.library.vanderbilt.edu,TRUE
nrcs.stg.platform.usda.gov,TRUE
pubmed-ncbi-nlm-nih-gov.ez43.periodicos.capes.gov.br,TRUE
afrims.health.mil,TRUE
pubmed-ncbi-nlm-nih-gov.libproxy.cgh.org.tw,TRUE
eamlis.osmre.gov,TRUE
fmtbnwest.marines.mil,TRUE
mces.marines.mil,TRUE
pecosai.portal.cms.gov,TRUE
uat.ovc.ojp.gov,TRUE
consumer-ftc-gov.translate.goog,TRUE
dowea-subs.usajobs.gov,TRUE
psoppc.org,TRUE
pubmed-ncbi-nlm-nih-gov.ezproxy.uwc.ac.za,TRUE
cra.fdic.gov,TRUE
modaps.modaps.eosdis.nasa.gov,TRUE
gosupps.com,TRUE
pubmed-ncbi-nlm-nih-gov.sccmedlib.remotexs.co,TRUE
dctaskforce.usajobs.gov,TRUE
153aw.ang.af.mil,TRUE
pmc-ncbi-nlm-nih-gov.jmul.idm.oclc.org,TRUE
pubmed-ncbi-nlm-nih-gov.proxy1.cl.msu.edu,TRUE
crn.reentry.gov,TRUE
pubmed-ncbi-nlm-nih-gov.ezproxy.otago.ac.nz,TRUE
phceast.health.mil,TRUE
pubmed-ncbi-nlm-nih-gov.ezproxy.neu.edu,TRUE
snapshot2024atsdr.cdc.gov,TRUE
to.usembassy.gov,TRUE
peprec.research.va.gov,TRUE
pubmed-ncbi-nlm-nih-gov.ez45.periodicos.capes.gov.br,TRUE
isd.fnal.gov,TRUE
ctuir.nsopw.gov,TRUE
guantanamo.tricare.mil,TRUE
eloka.nsidc.org,TRUE
pubmed-ncbi-nlm-nih-gov.autorpa.tpech.gov.tw,TRUE
tenshoku.mynavi.jp,TRUE
avo-volcview.wr.usgs.gov,TRUE
irrigationviz.pnnl.gov,TRUE
band.eur.army.mil,TRUE
jtfn.northcom.mil,TRUE
c-rads.od.nih.gov,TRUE
lwrs.inl.gov,TRUE
srleaders.army.mil,TRUE
ibccareers.usajobs.gov,TRUE
mic.llnl.gov,TRUE
cfpub2.epa.gov,TRUE
www-ncbi-nlm-nih-gov.autorpa.ntunhs.edu.tw,TRUE
pmc-ncbi-nlm-nih-gov.proxy1.lib.uwo.ca,TRUE
bosc.helpdesk.cms.gov,TRUE
training.reginfo.gov,TRUE
section14c.dol.gov,TRUE
guess.eu,TRUE
windwatts.nlr.gov,TRUE
www-ncbi-nlm-nih-gov.ezproxy.utu.fi,TRUE
pmc-ncbi-nlm-nih-gov.ejournal.mahidol.ac.th,TRUE
eic.pad.pppo.gov,TRUE
crt-portal-django-prod.app.cloud.gov,TRUE
rma.usda.gov,TRUE
general.datacommons.cancer.gov,TRUE
prod-01-asg-toolkit-climate.woc.noaa.gov,TRUE
edit.beta.dol.gov,TRUE
pubmed-ncbi-nlm-nih-gov.ezproxy.lau.edu.lb,TRUE
candidfellowship.ornl.gov,TRUE
fims.doe.gov,TRUE
actuary.usajobs.gov,TRUE
net.fnal.gov,TRUE
scat.nsopw.gov,TRUE
ugo-zapad.ua,TRUE
portlandcoin.research.va.gov,TRUE
vqeg.org,TRUE
sbtribes.nsopw.gov,TRUE
applicationdashboard.ncua.lan,TRUE
pty2egrants.cns.gov,TRUE
grandforks.tricare.mil,TRUE
hfp-onlinesubmissions.fda.gov,TRUE
d1tidwb7hrqonk.cloudfront.net,TRUE
neutronssandbox.ornl.gov,TRUE
csrc-nist-gov.translate.goog,TRUE
mhanation.nsopw.gov,TRUE
gems.lm.doe.gov,TRUE
pubmed-ncbi-nlm-nih-gov.sll.idm.oclc.org,TRUE
ar.marines.mil,TRUE
laundryheap.com,TRUE
pmc-ncbi-nlm-nih-gov.ezproxy.library.wisc.edu,TRUE
ecofoci.noaa.gov,TRUE
georgewbush--whitehouse-archives-gov.translate.goog,TRUE
ngst.nasa.gov,TRUE
militaryreviewboards.mil,TRUE
rtc.sandia.gov,TRUE
ecology.fnal.gov,TRUE
nomads.gfdl.noaa.gov,TRUE
laptopregistration.ncua.lan,TRUE
oceanexplorer-noaa-gov.translate.goog,TRUE
dataentrystagingnew.globe.gov,TRUE
apps-afsc.fisheries.noaa.gov,TRUE
pmc-ncbi-nlm-nih-gov.ezp3.lib.umn.edu,TRUE
omaha.nsopw.gov,TRUE
pubmed-ncbi-nlm-nih-gov.rockhurst.idm.oclc.org,TRUE
cape.osd.mil,TRUE
sdr.gov,TRUE
pathfinder.va.gov,TRUE
mescaleroapache.nsopw.gov,TRUE
origin-cdrh-rst.fda.gov,TRUE
natwebsdas01.cr.usgs.gov,TRUE
cameochemicals-noaa-gov.translate.goog,TRUE
www-ncbi-nlm-nih-gov.mu.idm.oclc.org,TRUE
documentation.uts.wip.nlm.nih.gov,TRUE
nationalcoalcouncil.energy.gov,TRUE
febs.onlinelibrary.wiley.com,TRUE
pmc-ncbi-nlm-nih-gov.e.bibl.liu.se,TRUE
crit.nsopw.gov,TRUE
edit.msha.gov,TRUE
convergeoperations.com,TRUE
ntpsearch.niehs.nih.gov,TRUE
appliancepartspros.com,TRUE
oceanservice-noaa-gov.translate.goog,TRUE
ngst.gsfc.nasa.gov,TRUE
adac.ornl.gov,TRUE
api.abmc.gov,TRUE
crownations.nsopw.gov,TRUE
sotocano.armymwr.com,TRUE
pubmed-ncbi-nlm-nih-gov.ez371.periodicos.capes.gov.br,TRUE
pubmed-ncbi-nlm-nih-gov.ferris.idm.oclc.org,TRUE
nc-cherokee.nsopw.gov,TRUE
swo.nsopw.gov,TRUE
marrowfailure.cancer.gov,TRUE
pubmed-ncbi-nlm-nih-gov.ezproxy.utlib.ut.ee,TRUE
wdc-usda--rfrcdevd03.sandbox.my.site.com,TRUE
omtribe.nsopw.gov,TRUE
hmis.hanford.gov,TRUE
pubmed-ncbi-nlm-nih-gov.ucundinamarca.basesdedatosezproxy.com,TRUE
partnerservices.nws.noaa.gov,TRUE
meskwaki.nsopw.gov,TRUE
sc-programs.llnl.gov,TRUE
pubmed-ncbi-nlm-nih-gov.proxy2.cl.msu.edu,TRUE
rdms-tmep-vip.uspto.gov,TRUE
fitbir-stage.cit.nih.gov,TRUE
actribe.nsopw.gov,TRUE
100samfrontendaltminc.apps.prod-iae.bsp.gsa.gov,TRUE
coastal.er.usgs.gov,TRUE
tobyhanna.armymwr.com,TRUE
author.history.navy.mil,TRUE
pubmed-ncbi-nlm-nih-gov.elibrary.mdanderson.org,TRUE
dev-foia.gov,TRUE
usda.stg.platform.usda.gov,TRUE
mcaspendleton.marines.mil,TRUE
qsb.usgs.gov,TRUE
etrailer.com,TRUE
prod.edit.irs.gov,TRUE
pubmed-ncbi-nlm-nih-gov.kansascity.idm.oclc.org,TRUE
pubmed-ncbi-nlm-nih-gov.ezproxy.muni.cz,TRUE
nccs.ornl.gov,TRUE
pmc-ncbi-nlm-nih-gov.ez18.periodicos.capes.gov.br,TRUE
niwc.noaa.inel.gov,TRUE
tsaenrollmentbyidemia.staging.ues.us.idemia.io,TRUE
wi.ng.mil,TRUE
dlap.sandbox.lending.sba.gov,TRUE
pmc-ncbi-nlm-nih-gov.proxy.lib.uwaterloo.ca,TRUE
sit.urs.earthdata.nasa.gov,TRUE
pmc-ncbi-nlm-nih-gov.ezproxy.cul.columbia.edu,TRUE
sumissura.com,TRUE
ttru-smg.wwbp.org,TRUE
combomatch.nci.nih.gov,TRUE
ofacp.nih.gov,TRUE
stg-foia.gov,TRUE
pubmed-ncbi-nlm-nih-gov.ez67.periodicos.capes.gov.br,TRUE
analytics-staging.app.cloud.gov,TRUE
locator.ice.gov,TRUE
pubmed-ncbi-nlm-nih-gov.ajinomoto.remotexs.co,TRUE
studycatalog.cancer.gov,TRUE
www-ftc-gov.translate.goog,TRUE
seminolenation.nsopw.gov,TRUE
tulalip.nsopw.gov,TRUE
iceworkshop.ornl.gov,TRUE
pmc-ncbi-nlm-nih-gov.proxyonelk.flysheet.com.tw,TRUE
fermipayroll.fnal.gov,TRUE
pubmed-ncbi-nlm-nih-gov.proxy.ulib.csuohio.edu,TRUE
specimens.cancer.gov,TRUE
prs-beta.clinicaltrials.gov,TRUE
api.allorigins.win,TRUE
eores.nesdis-hq.noaa.gov,TRUE
gridmodernizationtechnologies.ornl.gov,TRUE
dq-explorer-ui.svcs.arm.gov,TRUE
strap.trials.nci.nih.gov,TRUE
pubmed-ncbi-nlm-nih-gov.libproxy.kbsmclib.co.kr,TRUE
cbpworkforce.cbp.gov,TRUE
developer.sba.gov,TRUE
ovis.ca.sandia.gov,TRUE
pubmed-ncbi-nlm-nih-gov.lynchburg.idm.oclc.org,TRUE
sfa-biofuels.ornl.gov,TRUE
spokanetribe.nsopw.gov,TRUE
www-ncbi-nlm-nih-gov.myaccess.library.utoronto.ca,TRUE
pmc-ncbi-nlm-nih-gov.ezproxy.unibo.it,TRUE
pmc-ncbi-nlm-nih-gov.proxy.lib.uiowa.edu,TRUE
d11phh4h66yddz.cloudfront.net,TRUE
pmc-ncbi-nlm-nih-gov.ezproxy.scu.edu.au,TRUE
cris-njs-custsvc-dt.apps.k8s-nonprod.uscis.dhs.gov,TRUE
dev-nrrd.app.cloud.gov,TRUE
fds.ornl.gov,TRUE
fempcentral.energy.gov,TRUE
hotel.com.au,TRUE
primecontract.ornl.gov,TRUE
natwebvaas01.er.usgs.gov,TRUE
blog-cms.marinedebris.noaa.gov,TRUE
matsg21.marines.mil,TRUE
pubmed-ncbi-nlm-nih-gov.ezproxy.library.unlv.edu,TRUE
helioviewer.ias.u-psud.fr,TRUE
pivot-beta.fema.gov,TRUE
urban.llnl.gov,TRUE
cbirf.marines.mil,TRUE
elmo.portal.cms.gov,TRUE
pubmed-ncbi-nlm-nih-gov.ezproxy.uvm.edu,TRUE
pubmed.0009.myie.top,TRUE
mls.jpl.nasa.gov,TRUE
design.com,TRUE
permitting.innovation.gov,TRUE
pubmed-ncbi-nlm-nih-gov.libra.cnu.ac.kr,TRUE
pubmed-ncbi-nlm-nih-gov.proxy.library.cornell.edu,TRUE
science.nichd.nih.gov,TRUE
pmc-ncbi-nlm-nih-gov.ezproxy.csu.edu.au,TRUE
pubmed-ncbi-nlm-nih-gov.istituto-besta.idm.oclc.org,TRUE
idcft.bls.gov,TRUE
ocov3.jpl.nasa.gov,TRUE
pmc-ncbi-nlm-nih-gov.ezp2.lib.umn.edu,TRUE
pubmed-ncbi-nlm-nih-gov.ez22.periodicos.capes.gov.br,TRUE
janaf.nist.gov,TRUE
smh.ornl.gov,TRUE
cdo.hhs.gov,TRUE
learningconnection.opm.gov,TRUE
jem.gov,TRUE
dev-sciencebase.usgs.gov,TRUE
vera.ornl.gov,TRUE
psoppc.org,TRUE
www-nccih-nih-gov.translate.goog,TRUE
oshrc.gov,TRUE
ismo.ndu.edu,TRUE
www-nlm-nih-gov.translate.goog,TRUE
nih3d-app-v2-cln.threed.niaidprod.net,TRUE
sfa.ird.nmc.luna.nasa.gov,TRUE
digitop.nal.usda.gov,TRUE
pubmed-ncbi-nlm-nih-gov.unican.idm.oclc.org,TRUE
pubmed-ncbi-nlm-nih-gov.ezproxy.scu.edu.au,TRUE
mrdc-pdp.health.mil,TRUE
pubmed-ncbi-nlm-nih-gov.kpsom.idm.oclc.org,TRUE
asett.cms.gov,TRUE
helixweb.nih.gov,TRUE
laketahoe.jpl.nasa.gov,TRUE
mfh.bie.edu,TRUE
sor-scc-api.epa.gov,TRUE
nobel.ornl.gov,TRUE
poca.fda.gov,TRUE
ncapps.acl.gov,TRUE
pubmed-ncbi-nlm-nih-gov.rrh.idm.oclc.org,TRUE
art.inl.gov,TRUE
cdi.code-pages.usgs.gov,TRUE
newfrontiers.larc.nasa.gov,TRUE
pivot.apps.os4.production.gcp-pivot.fema.net,TRUE
pmc-ncbi-nlm-nih-gov.une.idm.oclc.org,TRUE
vac.niaid.nih.gov,TRUE
chemistry-europe.onlinelibrary.wiley.com,TRUE
uat.oceanservice.noaa.gov,TRUE
amphib7flt.navy.mil,TRUE
bottle.org,TRUE
fecnotify.fec.gov,TRUE
harmony.sit.earthdata.nasa.gov,TRUE
https-pmc-ncbi-nlm-nih-gov-443.vpn.cdutcm.edu.cn,TRUE
pubmed-ncbi-nlm-nih-gov.ez25.periodicos.capes.gov.br,TRUE
pubmed-ncbi-nlm-nih-gov.proxy.ub.uni-frankfurt.de,TRUE
training.owcp.industrypartners.dol.gov,TRUE
eite.edit.irs.gov,TRUE
rodriguez.tricare.mil,TRUE
afaa.af.mil,TRUE
miamination.nsopw.gov,TRUE
staging-erma-ui.orr.noaa.gov,TRUE
www-ncbi-nlm-nih-gov.bibliopass.unito.it,TRUE
mvpiccs-viz.glb.cdc.gov,TRUE
tpwb.nci.nih.gov,TRUE
analytics.app.cloud.gov,TRUE
autonomy.sandia.gov,TRUE
ciidta.communities.ed.gov,TRUE
pubmed-ncbi-nlm-nih-gov.proxyonekel.flysheet.com.tw,TRUE
trade.cbp.gov,TRUE
utetribe.nsopw.gov,TRUE
acesso.kissmyscore.com,TRUE
socrates.pnnl.gov,TRUE
handls.nih.gov,TRUE
cmc3.research.va.gov,TRUE
pmc-ncbi-nlm-nih-gov.nuigalway.idm.oclc.org,TRUE
idcftars.bls.gov,TRUE
pmc-ncbi-nlm-nih-gov.unimib.idm.oclc.org,TRUE
slst.usajobs.gov,TRUE
vipir.llnl.gov,TRUE
ecfr.federalregister.gov,TRUE
taki.bie.edu,TRUE
share-america.mwp.usembassy.gov,TRUE
ufs.epic.noaa.gov,TRUE
doc.usajobs.gov,TRUE
pmc-ncbi-nlm-nih-gov.ezproxy.utas.edu.au,TRUE
zazzle.ca,TRUE
pbrb.gov,TRUE
smoke-historical.airnow.gov,TRUE
25atkw.af.mil,TRUE
pubmed-ncbi-nlm-nih-gov.emek.portium.org,TRUE
archief27.sitearchief.nl,TRUE
gw.usmission.gov,TRUE
pubmed-ncbi-nlm-nih-gov.libproxy.albany.edu,TRUE
puebloofacoma.nsopw.gov,TRUE
veterans.llnl.gov,TRUE
edit.insurekidsnow.gov,TRUE
engage.dhs.gov,TRUE
hvo.wr.usgs.gov,TRUE
crex.nih.gov,TRUE
pubmed-ncbi-nlm-nih-gov.ptchproxy.flysheet.com.tw,TRUE
gsablogs.gsa.gov,TRUE
165.112.140.35,TRUE
packaging.llnl.gov,TRUE
pubmed-ncbi-nlm-nih-gov.ez54.periodicos.capes.gov.br,TRUE
tcots.epa.gov,TRUE
cshiip.research.va.gov,TRUE
blast-ncbi-nlm-nih-gov.bases-doc.univ-lorraine.fr,TRUE
ddshub.nih.gov,TRUE
pubmed-ncbi-nlm-nih-gov.gate.lib.buffalo.edu,TRUE
orsportal.pnnl.gov,TRUE
2ndmeb.marines.mil,TRUE
data1.gfdl.noaa.gov,TRUE
pubmed-ncbi-nlm-nih-gov.proxy.uchicago.edu,TRUE
monarch-qa.niaid.nih.gov,TRUE
uat-open.ctsu.org,TRUE
winnebagotribe.nsopw.gov,TRUE
pubmed-ncbi-nlm-nih-gov-443.webvpn.bua.edu.cn,TRUE
sai.inl.gov,TRUE
cms-stage.fws.gov,TRUE
odocs.osmre.gov,TRUE
eis-agency-pricer.eos.gsa.gov,TRUE
blast-ncbi-nlm-nih-gov.libproxy1.nus.edu.sg,TRUE
pubmed-ncbi-nlm-nih-gov.kaplanmc.portium.org,TRUE
pubmed-ncbi-nlm-nih-gov.libproxy.furman.edu,TRUE
3rdmeb.marines.mil,TRUE
159.142.122.37,TRUE
pmc-ncbi-nlm-nih-gov.pc124152.oulu.fi,TRUE
dojoigcareers.usajobs.gov,TRUE
polarwatch.noaa.gov,TRUE
chic.research.va.gov,TRUE
ost-recruit.energy.gov,TRUE
jensa.ornl.gov,TRUE
pubmed-ncbi-nlm-nih-gov.trinityhealth.proxy.liblynxgateway.com,TRUE
pubmed-ncbi-nlm-nih-gov.medproxy.hofstra.edu,TRUE
pubmed-ncbi-nlm-nih-gov.queens.ezproxy.cuny.edu,TRUE
thefincengov.com,TRUE
owcpmed.uat.dol.gov,TRUE
pids-stg.cdc.gov,TRUE
vi.ng.mil,TRUE
issm.jpl.nasa.gov,TRUE
nccrdataplatform-stage.ccdi.cancer.gov,TRUE
pubs.nps.gov,TRUE
pki.treas.gov,TRUE
grids.ornl.gov,TRUE
afmccareers.usajobs.gov,TRUE
cmn.nimh.nih.gov,TRUE
pmc-ncbi-nlm-nih-gov.libproxy.tuni.fi,TRUE
www-bls-gov.translate.goog,TRUE
mashvisor.com,TRUE
cd.marines.mil,TRUE
pubmed-ncbi-nlm-nih-gov.ez151.periodicos.capes.gov.br,TRUE
theluxurycloset.com,TRUE
d3vpnmsr9g81nw.cloudfront.net,TRUE
login.staging.acquisition.gov,TRUE
pubmed-ncbi-nlm-nih-gov.ez51.periodicos.capes.gov.br,TRUE
softwaredataexpo.ornl.gov,TRUE
rconnect.chs.usgs.gov,TRUE
www-staging.goesr.woc.noaa.gov,TRUE
pubmed-ncbi-nlm-nih-gov.ez9.periodicos.capes.gov.br,TRUE
researchoptimizer-stage.cancer.gov,TRUE
aetc.af.mil,TRUE
pubmed-ncbi-nlm-nih-gov.usj-ezproxy.usj.edu,TRUE
cm.water.usgs.gov,TRUE
nonb-abcc.ncifcrf.gov,TRUE
pubmed-ncbi-nlm-nih-gov.recursosbiblioteca.eia.edu.co,TRUE
waterqualitydata.lbd.epa.gov,TRUE
agupubs.onlinelibrary.wiley.com,TRUE
pubdocs.pad.pppo.gov,TRUE
pubmed-ncbi-nlm-nih-gov.utalca.idm.oclc.org,TRUE
0-ncbi.nlm.nih.gov.brum.beds.ac.uk,TRUE
directreadout.sci.gsfc.nasa.gov,TRUE
rcv.va.gov,TRUE
visualization.ornl.gov,TRUE
neams.inl.gov,TRUE
68tmc.army.mil,TRUE
fis.bie.edu,TRUE
nifti.nimh.nih.gov,TRUE
ssctdpub.ssc.nasa.gov,TRUE
cidr-webadmin.train.econ.census.gov,TRUE
wdc-usda--rfrcintf01.sandbox.my.site.com,TRUE
data.gov,TRUE
pubmed-ncbi-nlm-nih-gov.human.idm.oclc.org,TRUE
warcapps.usgs.gov,TRUE
neutrinophysics.fnal.gov,TRUE
ehbuat05t01.hrsa.gov,TRUE
chemcatbio.org,TRUE
collab-irc-f5.lanl.gov,TRUE
compsysbio.ornl.gov,TRUE
uptodate.com,TRUE
bycatchreporting.fisheries.noaa.gov,TRUE
cog.llnl.gov,TRUE
methane.app.cloud.gov,TRUE
novaexperiment.fnal.gov,TRUE
pubmed-ncbi-nlm-nih-gov.chapman.idm.oclc.org,TRUE
staging-tricare.mil,TRUE
pmc-ncbi-nlm-nih-gov.jikei.idm.oclc.org,TRUE
cytosig.ccr.cancer.gov,TRUE
mdctseds.cms.gov,TRUE
pubmed-ncbi-nlm-nih-gov-ssl.lib.jejunu.ac.kr,TRUE
datamanager.dol.gov,TRUE
erm.chgh.org.tw,TRUE
ihscphsofficers.usajobs.gov,TRUE
911.gov,TRUE
cms-prod.fsis.usda.gov,TRUE
nigos.nist.gov,TRUE
npgalleryservices.nps.gov,TRUE
trecvid.nist.gov,TRUE
acd.od.nih.gov,TRUE
pubmed-ncbi-nlm-nih-gov.libroxy.yonsei.ac.kr,TRUE
standards.digital.gov,TRUE
denali.gov,TRUE
pubmed-ncbi-nlm-nih-gov.federation.unimes.fr,TRUE
uae.yallamotor.com,TRUE
webbook-nist-gov.translate.goog,TRUE
www-fsis-usda-gov.translate.goog,TRUE
pubmed-ncbi-nlm-nih-gov.courseinfo.wssu.edu,TRUE
sas2018.anl.gov,TRUE
pmc-ncbi-nlm-nih-gov.sw.lib.csmu.edu.tw,TRUE
ereplacementparts.com,TRUE
ecsinfo.gsfc.nasa.gov,TRUE
ams.genedigtech.cloud,TRUE
egscbeowulf.er.usgs.gov,TRUE
drupal9-production.store.chs.usgs.gov,TRUE
fda-cdrh.my.salesforce-sites.com,TRUE
pmc-ncbi-nlm-nih-gov.proxy1.library.jhu.edu,TRUE
mvpsuat.cdc.gov,TRUE
pubmed-ncbi-nlm-nih-gov.proxy1-bib.sdu.dk,TRUE
www-jpl-nasa-gov.translate.goog,TRUE
treasury.gov,TRUE
irrigationviz-inl.pnnl.gov,TRUE
its90.nist.gov,TRUE
pubmed-ncbi-nlm-nih-gov.ez69.periodicos.capes.gov.br,TRUE
pubmed.wwaker.top,TRUE
kbic.nsopw.gov,TRUE
matichon.co.th,TRUE
dodclearinghouse.osd.mil,TRUE
msd.ornl.gov,TRUE
gammaray.msfc.nasa.gov,TRUE
pubmed-ncbi-nlm-nih-gov-ssl.openlink.inha.ac.kr,TRUE
pacom.mil,TRUE
pubmed-ncbi-nlm-nih-gov.libproxy.cu.ac.kr,TRUE
goes-r.nsstc.nasa.gov,TRUE
kirtland.af.mil,TRUE
icons.ornl.gov,TRUE
hmda-eks.staging-regtech.aws.cfpb.gov,TRUE
oigempowerline.com,TRUE
procurement.fnal.gov,TRUE
atsdr-origin.cdc.gov,TRUE
pubmed-ncbi-nlm-nih-gov.ejproxy.a-star.edu.sg,TRUE
ccgdata.cancer.gov,TRUE
nfs-stg.fs2c.usda.gov,TRUE
pubmed-ncbi-nlm-nih-gov.hpu.idm.oclc.org,TRUE
qpl.sandia.gov,TRUE
cnls-lanl.gov,TRUE
cwcaribbean.aoml.noaa.gov,TRUE
fedinvest.com,TRUE
intel.usajobs.gov,TRUE
sandbox.hescore.labworks.org,TRUE
ttp-external-web-service-test2.sat.mesh.cbp.dhs.gov,TRUE
https-pubmed-ncbi-nlm-nih-gov-443.webvpn1.cams.cn,TRUE
ppb.cancer.gov,TRUE
reaganlibrary.archives.gov,TRUE
monarch.niaid.nih.gov,TRUE
pubmed-ncbi-nlm-nih-gov.libproxy.ks.ac.kr,TRUE
seattle.eric.research.va.gov,TRUE
wamssostg.epa.gov,TRUE
ehbstg01.hrsa.gov,TRUE
dctc.mil,TRUE
nezperce.nsopw.gov,TRUE
orta.research.noaa.gov,TRUE
pubmed-ncbi-nlm-nih-gov.ezproxy.cad.univpm.it,TRUE
pubmed-ncbi-nlm-nih-gov.libproxy.chungbuk.ac.kr,TRUE
conferences.fnal.gov,TRUE
minerva.fnal.gov,TRUE
midlibrary.io,TRUE
eui.elastic.co,TRUE
benjamindoughty.ornl.gov,TRUE
router-switch.com,TRUE
mdctmcrval.cms.gov,TRUE
juryinstruction.ca7.uscourts.gov,TRUE
stage.data.cms.gov,TRUE
www-ncbi-nlm-nih-gov.ezproxy.lib.ucalgary.ca,TRUE
maia.jpl.nasa.gov,TRUE
sfgate.com,TRUE
tmcpfs.ops.fhwa.dot.gov,TRUE
uat.ojp.gov,TRUE
pubmed-ncbi-nlm-nih-gov.ru.idm.oclc.org,TRUE
cas.niddk.nih.gov,TRUE
med-magazin.ua,TRUE
oig.hhs.gov,TRUE
pmc-ncbi-nlm-nih-gov.ez.urosario.edu.co,TRUE
oceanwatch.pifsc.noaa.gov,TRUE
graphing.cbex.noaa.gov,TRUE
pubmed-ncbi-nlm-nih-gov.aure.unab.edu.co,TRUE
pubmed-ncbi-nlm-nih-gov.bmv.idm.oclc.org,TRUE
mspbpublic.azurewebsites.net,TRUE
gasp.uscourts.gov,TRUE
pmc-ncbi-nlm-nih-gov.ez15.periodicos.capes.gov.br,TRUE
www-ncbi-nlm-nih-gov.kyoto-u.idm.oclc.org,TRUE
cdat.github.io,TRUE
campedwards.ng.mil,TRUE
flsm-agents-floodsmart-beta.apps.os4.production.gcp-pivot.fema.net,TRUE
www-ncbi-nlm-nih-gov.uml.idm.oclc.org,TRUE
bio-sfa.llnl.gov,TRUE
code.mil,TRUE
eehpcwg.llnl.gov,TRUE
fingerprint.nist.gov,TRUE
pmc-ncbi-nlm-nih-gov.ezproxy.usherbrooke.ca,TRUE
engineering.larc.nasa.gov,TRUE
planetaryprotection.jpl.nasa.gov,TRUE
nwd.acl.gov,TRUE
ree.usda.gov,TRUE
akastage-hhs.gov,TRUE
test-stawebapp.edpass.us,TRUE
search.vcf.gov,TRUE
sys.cloud.benefeds.com,TRUE
dimoc.mil,TRUE
pubmed-ncbi-nlm-nih-gov.uobezsecureaccess.idm.oclc.org,TRUE
nohrsc2.noaa.gov,TRUE
hvacresourcemap.nlr.gov,TRUE
pubmed-ncbi-nlm-nih-gov.ezproxy.hofstra.edu,TRUE
research.ari.army.mil,TRUE
pmc-ncbi-nlm-nih-gov.eu1.proxy.openathens.net,TRUE
tmss.preprod-acqit.helix.gsa.gov,TRUE
lasermaterials.llnl.gov,TRUE
blog.onrr.gov,TRUE
displacement.asf.alaska.edu,TRUE
nweb.ngs.noaa.gov,TRUE
pubmed-ncbi-nlm-nih-gov.proxy.chamc.co.kr,TRUE
akastage-stopbullying.gov,TRUE
ncrmsid.digitalinfuzion.com,TRUE
azhrsautl2.amer.reisystems.com,TRUE
pmc-ncbi-nlm-nih-gov.proxy.library.emory.edu,TRUE
inldigitallibrary.inl.gov,TRUE
mathematicalstatistics.usajobs.gov,TRUE
pubmed-ncbi-nlm-nih-gov.access.library.miami.edu,TRUE
bda.bie.edu,TRUE
azhrsautl6.amer.reisystems.com,TRUE
pabloseleson.ornl.gov,TRUE
pubmed-ncbi-nlm-nih-gov.musashino-u.idm.oclc.org,TRUE
pubmed-ncbi-nlm-nih-gov.wv-o-ursus-proxy01.ursus.maine.edu,TRUE
qa.pay.gov,TRUE
ncrmsstd.digitalinfuzion.com,TRUE
pubmed-ncbi-nlm-nih-gov.ezpupv.scdi-montpellier.fr,TRUE
ldesconsortium.sandia.gov,TRUE
nationalguardbureau.usajobs.gov,TRUE
dnation.nsopw.gov,TRUE
makah.nsopw.gov,TRUE
policies.fnal.gov,TRUE
pubmed-ncbi-nlm-nih-gov.bham-ezproxy.idm.oclc.org,TRUE
test-my.ttb.gov,TRUE
mcsf-nola.marines.mil,TRUE
pmc-ncbi-nlm-nih-gov.bibliosan.idm.oclc.org,TRUE
zazzle.com.br,TRUE
ihs.gov,TRUE
www-ncbi-nlm-nih-gov.ezproxy.lib.utexas.edu,TRUE
muon-g-2.fnal.gov,TRUE
snaped.fns.usda.gov,TRUE
technology.fnal.gov,TRUE
state-tables.fdic.gov,TRUE
pmc-ncbi-nlm-nih-gov.ezp1.lib.umn.edu,TRUE
pmc-ncbi-nlm-nih-gov.libaccess.lib.mcmaster.ca,TRUE
spaceforcecareers.usajobs.gov,TRUE
cftc.prod.acquia-sites.com,TRUE
cprosite.ccr.cancer.gov,TRUE
ascopubs.org,TRUE
insurv.usff.navy.mil,TRUE
lforms-service-vip.nlm.nih.gov,TRUE
chippewacree.nsopw.gov,TRUE
cleanairnortheast.epa.gov,TRUE
open.obamawhitehouse.archives.gov,TRUE
pmc-ncbi-nlm-nih-gov.eur.idm.oclc.org,TRUE
ftbf.fnal.gov,TRUE
pubmed-ncbi-nlm-nih-gov.proxy.lib.duke.edu,TRUE
sarape.sandia.gov,TRUE
pubmed-ncbi-nlm-nih-gov.ludwig.lub.lu.se,TRUE
nhtsa.lndo.site,TRUE
rafalconbury.tricare.mil,TRUE
edsitement.neh.gov,TRUE
wisqars-viz.glb.cdc.gov,TRUE
boxofficeticketsales.com,TRUE
d25lk3k1yka5fb.cloudfront.net,TRUE
ecorr.uat.dice.census.gov,TRUE
simlearn.va.gov,TRUE
omh-qa.app.cloud.gov,TRUE
nia.navy.mil,TRUE
trumpwhitehouse-archives-gov.translate.goog,TRUE
www-aphis-usda-gov.translate.goog,TRUE
mpex.ornl.gov,TRUE
cms.fmcsa.dot.gov,TRUE
passiveacoustics.fisheries.noaa.gov,TRUE
spdatawarehouse.gsa.gov,TRUE
kaixiao.ornl.gov,TRUE
kickapoo.nsopw.gov,TRUE
phcm.health.mil,TRUE
travel.fnal.gov,TRUE
cable-bigidea.anl.gov,TRUE
geology.usgs.gov,TRUE
cfccharities.opm.gov,TRUE
cmit-impl.nonprod.qmms.internal.cms.gov,TRUE
dsmes-program-locator.cdc.gov,TRUE
jacc.org,TRUE
stage.public.csr.nih.gov,TRUE
amnestyusa.org,TRUE
cbioportal-qa.ccdi.cancer.gov,TRUE
soldiersolutions.staging.swf.army.mil,TRUE
training.dcmwc.dol.gov,TRUE
littlerock.af.mil,TRUE
beta3-idt.sns-beta.com,TRUE
pubmed-ncbi-nlm-nih-gov.proxy.yu.ac.kr,TRUE
tftc-istehdaf.org,TRUE
nro.dod.afpims.mil,TRUE
pubmed-ncbi-nlm-nih-gov.proxy.cc.uic.edu,TRUE
training.deeoic.dol.gov,TRUE
zh-reg.usps.com,TRUE
zds.bie.edu,TRUE
pmc-ncbi-nlm-nih-gov.libproxy.temple.edu,TRUE
tds.bie.edu,TRUE
designsystem.cancer.gov,TRUE
immport-user-admin.niaid.nih.gov,TRUE
pmc-ncbi-nlm-nih-gov.turing.library.northwestern.edu,TRUE
pmc-ncbi-nlm-nih-gov.webproxy2.ouhsc.edu,TRUE
wcms-wp-atsdr.cdc.gov,TRUE
developer.ornl.gov,TRUE
cbptrade--iprd1.sandbox.my.site.com,TRUE
sac.gov,TRUE
gridtechpedia.inl.gov,TRUE
kids.usmint.gov,TRUE
pubmed-ncbi-nlm-nih-gov.proxy.queensu.ca,TRUE
hpc.sandia.gov,TRUE
help.stg2.hrsa.gov,TRUE
dcma.usajobs.gov,TRUE
ies.bie.edu,TRUE
hill.af.mil,TRUE
activetk.jp,TRUE
ptsd.va.gov,TRUE
coastaloceanmodels.noaa.gov,TRUE
pubmed-ncbi-nlm-nih-gov.marionegri.idm.oclc.org,TRUE
childcare.acf.gov,TRUE
kewapueblo.nsopw.gov,TRUE
d2fw5iw7htzlo2.cloudfront.net,TRUE
pubmed-ncbi-nlm-nih-gov.libproxy.gnu.ac.kr,TRUE
sinardaily.my,TRUE
comanche.nsopw.gov,TRUE
dev-01-alb-www-swpc.woc.noaa.gov,TRUE
astribe.nsopw.gov,TRUE
edis.army.mil,TRUE
imef.marines.mil,TRUE
pubmed-ncbi-nlm-nih-gov.shamir.portium.org,TRUE
pubmed-ncbi-nlm-nih-gov.ezproxy.library.dal.ca,TRUE
pubmed-ncbi-nlm-nih-gov.uoeh-u.remotexs.xyz,TRUE
mcrdpi.marines.mil,TRUE
https-www-ncbi-nlm-nih-gov-443.vpn.cdutcm.edu.cn,TRUE
download.jpl.nasa.gov,TRUE
bbddata.nist.gov,TRUE
brrc.research.va.gov,TRUE
ww2.glerl.noaa.gov,TRUE
airbnb.com,TRUE
s1p-extdrup8-01.uxpax.usitc.gov,TRUE
wes.bie.edu,TRUE
quinault.nsopw.gov,TRUE
agwaterassessment.fda.gov,TRUE
pmc-ncbi-nlm-nih-gov.consultaremota.upb.edu.co,TRUE
api.childwelfare.gov,TRUE
staging.usaspending.gov,TRUE
technology-atwork.fnal.gov,TRUE
studentsabroad.his.com,TRUE
onr.navy.mil,TRUE
cid.doe.gov,TRUE
ofia.gov,TRUE
pubmed-ncbi-nlm-nih-gov.udaezproxy.idm.oclc.org,TRUE
blsrev.psb.bls.gov,TRUE
pmc-ncbi-nlm-nih-gov.proxy-hs.researchport.umd.edu,TRUE
charon.sandia.gov,TRUE
sc.usembassy.gov,TRUE
umbra.sandia.gov,TRUE
istockphoto.com,TRUE
web.intg.research.gov,TRUE
cms.phmsa.dot.gov,TRUE
newengland.water.usgs.gov,TRUE
cobra.epa.gov,TRUE
sgita.epa.gov,TRUE
ttlplus.gov,TRUE
cadre.research.va.gov,TRUE
nqisrc.org,TRUE
pubmed-ncbi-nlm-nih-gov.ksgr.swissconsortium.ch,TRUE
cte-stage.aem-tx.com,TRUE
s1p-extdrup8-00.uxpax.usitc.gov,TRUE
dctd-cms.cancer.gov,TRUE
pmc-ncbi-nlm-nih-gov.sid2nomade-2.grenet.fr,TRUE
unemployment.staging.pace.dol.gov,TRUE
acs.bie.edu,TRUE
lance.modaps.eosdis.nasa.gov,TRUE
pubmed-ncbi-nlm-nih-gov.wrair.idm.oclc.org,TRUE
www-history-navy-mil.translate.goog,TRUE
elmo.portalval.cms.gov,TRUE
vso.nascom.nasa.gov,TRUE
cindrr.research.va.gov,TRUE
matchfold.cancer.gov,TRUE
cwa401a2notifications.epa.gov,TRUE
heliophysicsdata.gsfc.nasa.gov,TRUE
statuschecker.fgdc.gov,TRUE
weslack.govt.hu,TRUE
hrsautl11-is.amer.reisystems.com,TRUE
bss.bie.edu,TRUE
sm.usmission.gov,TRUE
vsac.wip.nlm.nih.gov,TRUE
www-ncbi-nlm-nih-gov-443.vpnm.ccmu.edu.cn,TRUE
apps.fas.usda.gov,TRUE
sierra.armymwr.com,TRUE
lps3.pubmed.ncbi.nlm.nih.gov.libproxy.samsunghospital.com,TRUE
travelstate-usdos.msappproxy.net,TRUE
boisforte.nsopw.gov,TRUE
pmc-ncbi-nlm-nih-gov.opbg.idm.oclc.org,TRUE
the-star.co.ke,TRUE
northerncheyenne.nsopw.gov,TRUE
npc.fnal.gov,TRUE
cola.bie.edu,TRUE
controlbanding.llnl.gov,TRUE
netoff.co.jp,TRUE
nij-ojp-gov.translate.goog,TRUE
ehbuat04t01.hrsa.gov,TRUE
nswccarderock.usajobs.gov,TRUE
pmc-ncbi-nlm-nih-gov.autorpa.ntunhs.edu.tw,TRUE
images-nasa-gov.translate.goog,TRUE
pivot-pie-beta.apps.os4.production.gcp-pivot.fema.net,TRUE
rid.cancer.gov,TRUE
amspaces.state.gov,TRUE
ddtrb.larc.nasa.gov,TRUE
pubmed-ncbi-nlm-nih-gov.ez32.periodicos.capes.gov.br,TRUE
pubmed-ncbi-nlm-nih-gov.fhv.swissconsortium.ch,TRUE
environment.arc.nasa.gov,TRUE
dod-civ-cool-review.s3.amazonaws.com,TRUE
earthandenergy.pnnl.gov,TRUE
ilrs.dgfi.tum.de,TRUE
whistleblowers.staging.pace.dol.gov,TRUE
aoprals.state.gov,TRUE
installations.pre.militaryonesource.mil,TRUE
pubmed-ncbi-nlm-nih-gov.sidra.idm.oclc.org,TRUE
sierrawild.gov,TRUE
trip.llnl.gov,TRUE
jwst.gsfc.nasa.gov,TRUE
pubmed-ncbi-nlm-nih-gov.publicaciones.umh.es,TRUE
lnxroc03.roc.noaa.gov,TRUE
pmc-ncbi-nlm-nih-gov.ez17.periodicos.capes.gov.br,TRUE
study-volunteers.ornl.gov,TRUE
pmc-ncbi-nlm-nih-gov.cyber.usask.ca,TRUE
409csb.army.mil,TRUE
search.ada.gov,TRUE
dni.gov,TRUE
pubmed-ncbi-nlm-nih-gov.ezproxy.nihlibrary.nih.gov,TRUE
usda-students.usajobs.gov,TRUE
aires.ornl.gov,TRUE
ies.ed.gov.qipservices.com,TRUE
pmc-ncbi-nlm-nih-gov.proxy1.library.virginia.edu,TRUE
pubmed-ncbi-nlm-nih-gov.lib.proxy.csustan.edu,TRUE
prs.mil,TRUE
pubmed-ncbi-nlm-nih-gov.ezproxy.augsburg.edu,TRUE
wolfswinkel.shop,TRUE
thelancet.com,TRUE
devgcp.eqrs.internal.cms.gov,TRUE
fsweb.wo.fs.fed.us,TRUE
ikndata.insurekidsnow.gov,TRUE
nasacentral--nfdtest2.sandbox.my.site.com,TRUE
pubmed-ncbi-nlm-nih-gov.ezproxy.medma.uni-heidelberg.de,TRUE
triton.ornl.gov,TRUE
cms.bts.dot.gov,TRUE
hpcic.llnl.gov,TRUE
pubmed-ncbi-nlm-nih-gov.ccmain.ohionet.org,TRUE
niaidcrmsval.niaid.nih.gov,TRUE
enr.com,TRUE
hpcwebapps.cit.nih.gov,TRUE
returntowork.llnl.gov,TRUE
cusoregistry.ncua.lan,TRUE
pubmed-ncbi-nlm-nih-gov.lillukka.samk.fi,TRUE
pubmed-ncbi-nlm-nih-gov.su.idm.oclc.org,TRUE
sbx.harp.cms.gov,TRUE
staging.globe.gov,TRUE
federalfleets.energy.gov,TRUE
gigsalad.com,TRUE
nal.primo.exlibrisgroup.com,TRUE
webworkspace.nei.nih.gov,TRUE
www-ams-usda-gov.translate.goog,TRUE
stemgateway.nasa.gov,TRUE
jira.imp.cms.gov,TRUE
pubmed-ncbi-nlm-nih-gov.ezproxy.library.ubc.ca,TRUE
avreap.research.va.gov,TRUE
cirp.usace.army.mil,TRUE
sss.bie.edu,TRUE
staging-cms.health.mil,TRUE
quapaw.nsopw.gov,TRUE
www-usa-gov.translate.goog,TRUE
pubmed-ncbi-nlm-nih-gov.washburn.idm.oclc.org,TRUE
ipm.nist.gov,TRUE
blast-ncbi-nlm-nih-gov.insb.bib.cnrs.fr,TRUE
staging.apprenticeship.gov,TRUE
afrc.af.mil,TRUE
pmc-ncbi-nlm-nih-gov.ezproxy.its.uu.se,TRUE
scalemeetings.ornl.gov,TRUE
w3auth.nist.gov,TRUE
pubmed-ncbi-nlm-nih-gov.ez46.periodicos.capes.gov.br,TRUE
hehr.cdc.gov,TRUE
nmio.ise.gov,TRUE
first.uscis.gov,TRUE
learn.alphapaw.com,TRUE
nist.usajobs.gov,TRUE
www-pmel-noaa-gov.translate.goog,TRUE
www-ncbi-nlm-nih-gov.acces.bibl.ulaval.ca,TRUE
training.llnl.gov,TRUE
invezz.com,TRUE
www-bea-gov.translate.goog,TRUE
hualapai.nsopw.gov,TRUE
mcaf.marines.mil,TRUE
pubmed-ncbi-nlm-nih-gov.assutaashdod.portium.org,TRUE
www-itl-nist-gov.translate.goog,TRUE
mls.bie.edu,TRUE
weathermachine.lanl.gov,TRUE
exoplanets.nasa.gov,TRUE
ecbp-ui-uat.sat.mesh.cbp.dhs.gov,TRUE
fr.taxpayeradvocate.irs.gov,TRUE
pubmed-ncbi-nlm-nih-gov.soton.idm.oclc.org,TRUE
dodnafaccounting.defense.gov,TRUE
obesityresearch.nih.gov,TRUE
plants.usda.gov,TRUE
dev-c-e.cbp.dhs.gov,TRUE
joltsdatat.bls.gov,TRUE
laughlin.tricare.mil,TRUE
sortd.webflow.io,TRUE
interact.gsa.gov,TRUE
kcs.bie.edu,TRUE
pmc-ncbi-nlm-nih-gov.ez16.periodicos.capes.gov.br,TRUE
alltricks.com,TRUE
ngfamily.vt.gov,TRUE
oradeveloper03.cns.gov,TRUE
eur.army.mil,TRUE
semd-atwork.fnal.gov,TRUE
prototype.cdc.gov,TRUE
pubmed-ncbi-nlm-nih-gov.michener.idm.oclc.org,TRUE
pbs-billing.gsa.gov,TRUE
pubmed-ncbi-nlm-nih-gov.eux.idm.oclc.org,TRUE
forecast-weather-gov.translate.goog,TRUE
www-ncbi-nlm-nih-gov.ezaccess.libraries.psu.edu,TRUE
jfk.bie.edu,TRUE
wdc-usda--rfrcdevd02.sandbox.my.site.com,TRUE
af.mil,TRUE
ebit.llnl.gov,TRUE
jko.jten.mil,TRUE
neuroscience.sandia.gov,TRUE
fsr5.usajobs.gov,TRUE
hymarc.org,TRUE
pubmed-ncbi-nlm-nih-gov.proxy.library.stonybrook.edu,TRUE
atlhmscatchshares.fisheries.noaa.gov,TRUE
daac.hpc.mil,TRUE
pubmed-ncbi-nlm-nih-gov.units.idm.oclc.org,TRUE
pubmed.fl.genedigtech.cloud,TRUE
micksgarage.com,TRUE
mmt.sit.earthdata.nasa.gov,TRUE
pmc-ncbi-nlm-nih-gov.ru.idm.oclc.org,TRUE
pubmed-ncbi-nlm-nih-gov.libproxy.uthscsa.edu,TRUE
www-accessdata-fda-gov.translate.goog,TRUE
blsprod.psb.bls.gov,TRUE
cprw1.navy.mil,TRUE
frppmap.gsa.gov,TRUE
hrsautl9-is.amer.reisystems.com,TRUE
account-ncbi-nlm-nih-gov.proxy.kib.ki.se,TRUE
tux.wr.usgs.gov,TRUE
zazzle.com.au,TRUE
amp.eventbrite.es,TRUE
opcintra.ncep.noaa.gov,TRUE
mynavyhr.navy.afpims.mil,TRUE
pubmed-ncbi-nlm-nih-gov.manowar.tamucc.edu,TRUE
devaws3.nosngs.noaa,TRUE
epublication.fda.gov,TRUE
prod-onrr-frontend.app.cloud.gov,TRUE
sctribe.nsopw.gov,TRUE
adoption.his.com,TRUE
pubmed-ncbi-nlm-nih-gov.stanford.idm.oclc.org,TRUE
vacationrenter.com,TRUE
childabduction.travel.his.com,TRUE
pzal.metoc.navy.mil,TRUE
pmc-ncbi-nlm-nih-gov.ezproxy.dbazes.lsmuni.lt,TRUE
www-dhs-gov.translate.goog,TRUE
nooksack.nsopw.gov,TRUE
pmc-ncbi-nlm-nih-gov.udea.lookproxy.com,TRUE
pubmed-ncbi-nlm-nih-gov.ezproxy.med.cornell.edu,TRUE
tab.memoryback.online,TRUE
ctinsider.com,TRUE
pmc-ncbi-nlm-nih-gov.ezpum.scdi-montpellier.fr,TRUE
secretservice.gov,TRUE
am-autoparts.com,TRUE
pubmed-ncbi-nlm-nih-gov.croaviano.idm.oclc.org,TRUE
pubmed-ncbi-nlm-nih-gov.libproxy.unm.edu,TRUE
ftbelknap.nsopw.gov,TRUE
pmc-ncbi-nlm-nih-gov.ez11.periodicos.capes.gov.br,TRUE
pubmed-ncbi-nlm-nih-gov.larkin.idm.oclc.org,TRUE
files.asprtracie.hhs.gov,TRUE
airpaz.com,TRUE
gab.usps.com,TRUE
uat-foia.gov,TRUE
artificialintelligence.fnal.gov,TRUE
enviromicro-journals.onlinelibrary.wiley.com,TRUE
oedca.va.gov,TRUE
nexo.llnl.gov,TRUE
tfi.usajobs.gov,TRUE
int.treasurydirect.gov,TRUE
pmc-ncbi-nlm-nih-gov.ez25.periodicos.capes.gov.br,TRUE
ebg.llnl.gov,TRUE
geonetcastamericas.noaa.gov,TRUE
icfa.hep.net,TRUE
registry.fgdc.gov,TRUE
trip.com,TRUE
cms.marad.dot.gov,TRUE
worldview.uat.earthdata.nasa.gov,TRUE
pubmed-ncbi-nlm-nih-gov.ezproxy.universite-paris-saclay.fr,TRUE
test-nhc-west.woc.noaa.gov,TRUE
kkday.com,TRUE
icao.usmission.gov,TRUE
pubmed-ncbi-nlm-nih-gov.usu01.idm.oclc.org,TRUE
dcmwc.dol.gov,TRUE
eventbrite.fr,TRUE
www2.dol.gov,TRUE
maldi.nist.gov,TRUE
pmc-ncbi-nlm-nih-gov.emedien.ub.uni-muenchen.de,TRUE
yavapaiapache.nsopw.gov,TRUE
audiobookstore.com,TRUE
pmc-ncbi-nlm-nih-gov.ezproxy.lib.kyushu-u.ac.jp,TRUE
alaska.usgs.gov,TRUE
iowanation.nsopw.gov,TRUE
ecc.nist.gov,TRUE
networx-public-pricer.eos.gsa.gov,TRUE
pecat.cdc.gov,TRUE
pmc-ncbi-nlm-nih-gov-443.webvpn.bjmu.edu.cn,TRUE
vt.usembassy.gov,TRUE
www-ers-usda-gov.translate.goog,TRUE
latex.llnl.gov,TRUE
staging.dmap-prod.aws.epa.gov,TRUE
ai-atwork.fnal.gov,TRUE
ak-chin.nsopw.gov,TRUE
calm.gsa.gov,TRUE
cms.digital.gov,TRUE
pubmed-ncbi-nlm-nih-gov.libproxy.catholic.ac.kr,TRUE
pubmed-ncbi-nlm-nih-gov.proxy.library.ucsb.edu,TRUE
pubmed-ncbi-nlm-nih-gov.ucc.idm.oclc.org,TRUE
cbptrade--iprp1.sandbox.my.site.com,TRUE
hfpappexternal.preprod.fda.gov,TRUE
fda.gov,TRUE
usar.army.mil,TRUE
www-ncbi-nlm-nih-gov.offcampus.lib.washington.edu,TRUE
modis-snow-ice.gsfc.nasa.gov,TRUE
grsp-dev-windows-eastus-as-nchsdqs.azurewebsites.net,TRUE
orsbloodtool.sandia.gov,TRUE
ask.ncua.gov,TRUE
passports.travel.his.com,TRUE
demographics.pre.militaryonesource.mil,TRUE
fdic-search.app.cloud.gov,TRUE
respond-lab.app.cloud.gov,TRUE
edit2.dol.gov,TRUE
washoetribe.nsopw.gov,TRUE
nlmportal.dynamics365portals.us,TRUE
cats.gsfc.nasa.gov,TRUE
rsic.nsopw.gov,TRUE
pdc-docs.cancer.gov,TRUE
pmc-ncbi-nlm-nih-gov.libraryproxy.griffith.edu.au,TRUE
weathergov-staging.app.cloud.gov,TRUE
www-ncbi-nlm-nih-gov.mhdla.flysheet.com.tw,TRUE
www-ncbi-nlm-nih-gov.pucdechile.idm.oclc.org,TRUE
pmc-ncbi-nlm-nih-gov.lib-ezproxy.concordia.ca,TRUE
osage.nsopw.gov,TRUE
pmc-ncbi-nlm-nih-gov.libproxy1.usc.edu,TRUE
pubmed-ncbi-nlm-nih-gov.lib.assumption.edu,TRUE
reginquiries.consumerfinance.gov,TRUE
sanipueblo.nsopw.gov,TRUE
staff.mindwellkw.com,TRUE
alpha.cpars.gov,TRUE
profiles-explorer.cdc.gov,TRUE
sdac.virtualsolar.org,TRUE
appliancerepair.homedepot.com,TRUE
ferretop.pmel.noaa.gov,TRUE
www-ncbi-nlm-nih-gov.ezproxy.library.wisc.edu,TRUE
epabap.my.site.com,TRUE
pubmed-ncbi-nlm-nih-gov.uc.opal-libraries.org,TRUE
pubmed-ncbi-nlm-nih-gov.mc.opal-libraries.org,TRUE
pubmed-ncbi-nlm-nih-gov.proxy.westernu.edu,TRUE
chemm-cms.beam.hhs.gov,TRUE
pubmed-ncbi-nlm-nih-gov.ezproxy.rowan.edu,TRUE
pubmed-ncbi-nlm-nih-gov.luks1.swissconsortium.ch,TRUE
time.gov,TRUE
fisherybiologist.usajobs.gov,TRUE
jplopensourcerover.com,TRUE
pubmed-ncbi-nlm-nih-gov.wolfson.portium.org,TRUE
www-mslmb.niddk.nih.gov,TRUE
nerp.ornl.gov,TRUE
unemployment.prod.pace.dol.gov,TRUE
vision.research.va.gov,TRUE
1eduat.ed.gov,TRUE
pubmed.unicartagenaproxy.elogim.com,TRUE
mcasyuma.marines.mil,TRUE
www2.abmc.gov,TRUE
basketball.com.au,TRUE
nhgri.prod.acquia-sites.com,TRUE
pps.gsfc.nasa.gov,TRUE
coherent.ornl.gov,TRUE
esafe-external-web.sat.mesh.cbp.dhs.gov,TRUE
pic-dev-frontend.app.cloud.gov,TRUE
ems.gov,TRUE
cmweb-beta.llnl.gov,TRUE
pubmed-ncbi-nlm-nih-gov.uni-wh.idm.oclc.org,TRUE
afpc.af.mil,TRUE
business.cpsc.gov,TRUE
login.glnpo.net,TRUE
tes.jpl.nasa.gov,TRUE
usvisas.travel.his.com,TRUE
jemez.nsopw.gov,TRUE
jicarilla.nsopw.gov,TRUE
agencyportal.uat.usajobs.gov,TRUE
www527.dev08.imsweb.com,TRUE
conferencerooms.ornl.gov,TRUE
saugatr-organization384669.beetax.uk,TRUE
securitymagazine.com,TRUE
usadepartmentofstate.org,TRUE
moon.nasa.gov,TRUE
lvn.bie.edu,TRUE
quickstats-review.nass.usda.net,TRUE
collections-us-east-1.awsqa.nlm.nih.gov,TRUE
retuning.pnnl.gov,TRUE
cms.tsm.nhtsa.dot.gov,TRUE
drishtiias.com,TRUE
jtapic.health.mil,TRUE
eglin.af.mil,TRUE
olms.dev-ent.dev-dir.labor.gov,TRUE
acehardware.com,TRUE
cacb-admin.jdc.ao.dcn,TRUE
devens.armymwr.com,TRUE
pmc-ncbi-nlm-nih-gov.uab.idm.oclc.org,TRUE
pubmed-ncbi-nlm-nih-gov.flclosrios.idm.oclc.org,TRUE
gams.preprod.fda.gov,TRUE
niaidcrmsqa.niaid.nih.gov,TRUE
trainingd.bls.gov,TRUE
gulflink.health.mil,TRUE
stagorise.orau.gov,TRUE
peomlb.navy.mil,TRUE
nih3d-app-v2.threed.niaidqa.net,TRUE
seqapass.epa.gov,TRUE
cris-custsvc-stage.apps.k8s-ext.uscis.dhs.gov,TRUE
edit.armytenmiler.com,TRUE
ottawatribe.nsopw.gov,TRUE
nswcdd.usajobs.gov,TRUE
testapplypp.fbijobs.gov,TRUE
activefitnessstore.com,TRUE
erd.llnl.gov,TRUE
matsg23.marines.mil,TRUE
owa.nicic.gov,TRUE
pmc-ncbi-nlm-nih-gov.ez24.periodicos.capes.gov.br,TRUE
volcano.wr.usgs.gov,TRUE
far-qc.sandia.gov,TRUE
coolmod-review.s3.amazonaws.com,TRUE
sfe.bie.edu,TRUE
jp-usembassy-gov.translate.goog,TRUE
lhea.gsfc.nasa.gov,TRUE
pmc-ncbi-nlm-nih-gov.libproxy.usouthal.edu,TRUE
reeves.dgp.toronto.edu,TRUE
bookretreats.com,TRUE
pubmed.proxy.sanmartin.edu.co,TRUE
fdc-nal-usda-gov.translate.goog,TRUE
soma.cr.usgs.gov,TRUE
www-ncbi-nlm-nih-gov.echo.louisville.edu,TRUE
hl7v2-igamt-2.nist.gov,TRUE
kadena.af.mil,TRUE
pmc-ncbi-nlm-nih-gov.echo.louisville.edu,TRUE
researchoptimizer-dev2.cancer.gov,TRUE
pubmed-ncbi-nlm-nih-gov.fernuni.swissconsortium.ch,TRUE
molbiolcell.org,TRUE
navsea.usajobs.gov,TRUE
pmc-ncbi-nlm-nih-gov.humanitas.idm.oclc.org,TRUE
fehrm.gov,TRUE
ngs.l.noaa.gov,TRUE
cnap.nhlbi.nih.gov,TRUE
confortanimal.pt,TRUE
lre.nist.gov,TRUE
pmc-ncbi-nlm-nih-gov.northernkentuckyuniversity.idm.oclc.org,TRUE
santee.nsopw.gov,TRUE
digital-gov-static-prod.app.cloud.gov,TRUE
incirlik.tricare.mil,TRUE
peoriatribe.nsopw.gov,TRUE
pubmed-ncbi-nlm-nih-gov.ez37.periodicos.capes.gov.br,TRUE
stab.larc.nasa.gov,TRUE
tontoapache.nsopw.gov,TRUE
search.eda.gov,TRUE
kunsan.tricare.mil,TRUE
lsg3.nlm.nih.gov,TRUE
eric-ed-gov.ezproxy.iielearn.ac.za,TRUE
pmc-ncbi-nlm-nih-gov.ezproxy.lib.utah.edu,TRUE
cptoolkitcatalog.peerta.acf.hhs.gov,TRUE
ffb.treasury.gov,TRUE
opd-ui-fqt.etc.uspto.gov,TRUE
pmc-ncbi-nlm-nih-gov.ezproxy.otago.ac.nz,TRUE
pubmed-ncbi-nlm-nih-gov.ez52.periodicos.capes.gov.br,TRUE
watervliet.armymwr.com,TRUE
ohkayowingeh.nsopw.gov,TRUE
cocopah.nsopw.gov,TRUE
form-survey-yqh5.vercel.app,TRUE
atms.fleta.gov,TRUE
garageclothing.com,TRUE
accountcreation.cftc.gov,TRUE
gams.fda.gov,TRUE
matsg22.marines.mil,TRUE
pubmed-ncbi-nlm-nih-gov-ssl.proxy.konkuk.ac.kr,TRUE
realpropertyprofile.gov,TRUE
acc.af.mil,TRUE
data.sandbox1.census.gov,TRUE
dtp.cancer.gov,TRUE
kaibabpaiute.nsopw.gov,TRUE
www-census-gov.translate.goog,TRUE
aesics.cr.usgs.gov,TRUE
water.llnl.gov,TRUE
www-fws-gov.translate.goog,TRUE
estoo.nsopw.gov,TRUE
pubmed-ncbi-nlm-nih-gov.caiuipr.idm.oclc.org,TRUE
stg-wwwhhsgov.cloud.hhs.gov,TRUE
uec.fnal.gov,TRUE
catribes.nsopw.gov,TRUE
cmt.usgs.gov,TRUE
uat.arpa-h.gov,TRUE
usaceportland.usajobs.gov,TRUE
asc-406-lrc-belvoir.army.mil,TRUE
biorxiv.org,TRUE
pubmed-ncbi-nlm-nih-gov.libproxy.kosinmed.kr,TRUE
blscompdatat.bls.gov,TRUE
fedinvest.org,TRUE
j1visa-state-gov.translate.goog,TRUE
pmc-ncbi-nlm-nih-gov.ezproxy.utu.fi,TRUE
usff.usajobs.gov,TRUE
astereds.cr.usgs.gov,TRUE
ck12.org,TRUE
pmc-ncbi-nlm-nih-gov.ez20.periodicos.capes.gov.br,TRUE
modsimtools.sandia.gov,TRUE
wdc-usda--rfrcqap02.sandbox.my.site.com,TRUE
trademarkia.com,TRUE
hrsaperf6.amer.reisystems.com,TRUE
55samfrontendminc.apps.prod-iae.bsp.gsa.gov,TRUE
fansidea.com,TRUE
applocker.navy.mil,TRUE
pubmed-ncbi-nlm-nih-gov.online.uchc.edu,TRUE
arssandbox.arsnet.usda.gov,TRUE
cyber-internship.llnl.gov,TRUE
clintonwhitehouse1.archives.gov,TRUE
partnerships.fnal.gov,TRUE
apps-st.fisheries.noaa.gov,TRUE
efilingapps.fec.gov,TRUE
ko.taxpayeradvocate.irs.gov,TRUE
pmc-ncbi-nlm-nih-gov.erm.mmh.org.tw,TRUE
pmc-ncbi-nlm-nih-gov.ez.sun.ac.za,TRUE
havasupai.nsopw.gov,TRUE
microboone.fnal.gov,TRUE
pdbpcld-stage.cit.nih.gov,TRUE
166aw.ang.af.mil,TRUE
americorps.gov,TRUE
www-ahrq-gov.translate.goog,TRUE
keystone.ndu.edu,TRUE
militarypay.dod.afpims.mil,TRUE
pubmed-ncbi-nlm-nih-gov.rproxy.tau.ac.il,TRUE
diy.ie,TRUE
nswcihd.usajobs.gov,TRUE
mgmt.bpa.gov,TRUE
officialnesaragesaratoken.netlify.app,TRUE
pawneenation.nsopw.gov,TRUE
pmc-ncbi-nlm-nih-gov.ez35.periodicos.capes.gov.br,TRUE
developer-ncsesweb-local.nsf.gov,TRUE
wasteplan.epa.gov,TRUE
gudid.preprod.fda.gov,TRUE
jp.trip.com,TRUE
metlakatla.nsopw.gov,TRUE
pt.taxpayeradvocate.irs.gov,TRUE
nmssanctuarieseus2.azurewebsites.net,TRUE
startup.jobs,TRUE
www-ncbi-nlm-nih-gov.kumc.idm.oclc.org,TRUE
drupal.bls.gov,TRUE
ntn.fnal.gov,TRUE
pubmed-ncbi-nlm-nih-gov.ez74.periodicos.capes.gov.br,TRUE
zazzle.co.nz,TRUE
amp.eventbrite.fr,TRUE
capitrainingbeta.nass.usda.gov,TRUE
pmc-ncbi-nlm-nih-gov.proxy1.lib.trentu.ca,TRUE
pubmed-ncbi-nlm-nih-gov.gcsom.idm.oclc.org,TRUE
cross-sim.sandia.gov,TRUE
eis.epa.gov,TRUE
pubmed-ncbi-nlm-nih-gov.sagecolleges.idm.oclc.org,TRUE
cot.figsh.com,TRUE
origin.cdc.gov,TRUE
pubmed-ncbi-nlm-nih-gov.ccl.idm.oclc.org,TRUE
pubmed-ncbi-nlm-nih-gov.tum-eaccess.de,TRUE
pubmed-ncbi-nlm-nih-gov.uaeu.idm.oclc.org,TRUE
wdob.sandbox.adsd.census.gov,TRUE
ois.bie.edu,TRUE
swfsc-publications.fisheries.noaa.gov,TRUE
fcoi.llnl.gov,TRUE
fluidflowvisualization.sandia.gov,TRUE
genecollections.nci.nih.gov,TRUE
old-pcmdi.llnl.gov,TRUE
pubmed-ncbi-nlm-nih-gov.libezproxy2.syr.edu,TRUE
edit.cbp.gov,TRUE
pmc-ncbi-nlm-nih-gov.ezproxy.u-pec.fr,TRUE
pubmed-ncbi-nlm-nih-gov.uhcl.idm.oclc.org,TRUE
santaana.nsopw.gov,TRUE
ai-coding.fnal.gov,TRUE
anatomypubs.onlinelibrary.wiley.com,TRUE
mptn.nsopw.gov,TRUE
dlap.delta.lending.sba.gov,TRUE
mmhsrp.nmfs.noaa.gov,TRUE
rqcalculator.projectenhancement.com,TRUE
ehbuat02t01.hrsa.gov,TRUE
pmc-ncbi-nlm-nih-gov.sid2nomade-1.grenet.fr,TRUE
pubmed-ncbi-nlm-nih-gov.libraryproxy.harding.edu,TRUE
static.prototype.cdc.gov,TRUE
workatferc.usajobs.gov,TRUE
myna.pmel.noaa.gov,TRUE
safsq.hq.af.mil,TRUE
account-ncbi-nlm-nih-gov.pbidi.unam.mx,TRUE
communities-talk.com,TRUE
unitedkeetoowahband.nsopw.gov,TRUE
www-login-gov.translate.goog,TRUE
aser.llnl.gov,TRUE
aseeralkotb.com,TRUE
edit.staging.cbp.gov,TRUE
fsst.nsopw.gov,TRUE
pubmed-ncbi-nlm-nih-gov.ezproxy.montclair.edu,TRUE
kwla.llnl.gov,TRUE
pubmed-ncbi-nlm-nih-gov.proxy.libraeumc.kr,TRUE
ypit.nsopw.gov,TRUE
copyscape.com,TRUE
opmcarrier.b2clogin.com,TRUE
avo-vsc-ash.wr.usgs.gov,TRUE
cbp-hrm.my.site.com,TRUE
lws.gsfc.nasa.gov,TRUE
nns.bie.edu,TRUE
gsavets.usajobs.gov,TRUE
imp.data.healthcare.gov,TRUE
lancasterpuppies.com,TRUE
pdts.ccr.cancer.gov,TRUE
pmc-ncbi-nlm-nih-gov.uaccess.univie.ac.at,TRUE
tricare,TRUE
caddo.nsopw.gov,TRUE
www107.dev02.imsweb.com,TRUE
tsgauthor.intranet.ca.state.sbu,TRUE
pubmed-ncbi-nlm-nih-gov.ez68.periodicos.capes.gov.br,TRUE
vi.taxpayeradvocate.irs.gov,TRUE
cms-drupal-intranet-prod.hhs.gov,TRUE
next.studentaid.gov,TRUE
nmfs-ost.github.io,TRUE
prod-web-alb-tg.uspto.gov,TRUE
blm--uat.sandbox.my.site.com,TRUE
srs.gov,TRUE
www-nidcd-nih-gov.translate.goog,TRUE
simplex.giss.nasa.gov,TRUE
casl.ndu.edu,TRUE
pmc-ncbi-nlm-nih-gov.wku.idm.oclc.org,TRUE
stageagid.acl.gov,TRUE
modoc.nsopw.gov,TRUE
armynafciviliancareers.usajobs.gov,TRUE
nph.onlinelibrary.wiley.com,TRUE
rcmes.jpl.nasa.gov,TRUE
hmddirectory.wip.nlm.nih.gov,TRUE
lfs.cancer.gov,TRUE
pmc-ncbi-nlm-nih-gov.bvsspa.idm.oclc.org,TRUE
vulcan-cfd.larc.nasa.gov,TRUE
ourcommons.ca,TRUE
wwwapprmr.nimh.nih.gov,TRUE
2025dodtransition.defense.gov,TRUE
edit.medicare.gov,TRUE
xd.gov,TRUE
formbuilder.nlm.nih.gov,TRUE
ftmcdowell.nsopw.gov,TRUE
pmc-ncbi-nlm-nih-gov.proxy.unibs.it,TRUE
www-ncbi-nlm-nih-gov.buadistant.univ-angers.fr,TRUE
www-ncbi-nlm-nih-gov.sid2nomade-2.grenet.fr,TRUE
datamanagerstage.dol.gov,TRUE
navwar.usajobs.gov,TRUE
qa.medlineplus.gov,TRUE
pubmed-ncbi-nlm-nih-gov.rossuniversity.idm.oclc.org,TRUE
rconnect-public.epa.gov,TRUE
hhs-ihs.usajobs.gov,TRUE
pubmed-ncbi-nlm-nih-gov.accesdistant.sorbonne-universite.fr,TRUE
pubmed-ncbi.ezproxy.univ-ubs.fr,TRUE
cms.tricare.mil,TRUE
pmc-ncbi-nlm-nih-gov.qulib.idm.oclc.org,TRUE
jp.mwp.usembassy.gov,TRUE
nahw.jpl.nasa.gov,TRUE
communities.sunlightfoundation.com,TRUE
pubmed-ncbi-nlm-nih-gov.ezproxy.wadsworth.org,TRUE
fatherhood.gov,TRUE
pubmed-ncbi-nlm-nih-gov.uhn.idm.oclc.org,TRUE
pmc-ncbi-nlm-nih-gov.proxy.bib.uottawa.ca,TRUE
rsc-prod.niaid.nih.gov,TRUE
pubmed-ncbi-nlm-nih-gov.inc.bib.cnrs.fr,TRUE
sts.bie.edu,TRUE
tadp.astrogeology.usgs.gov,TRUE
tonkawa.nsopw.gov,TRUE
cde-qa.nlm.nih.gov,TRUE
developer.cloud.tencent.cn,TRUE
gis.fema.gov,TRUE
ny.water.usgs.gov,TRUE
pubmed-ncbi-nlm-nih-gov-ssl.lib.kuh.ac.kr,TRUE
pmc-ncbi-nlm-nih-gov.ezproxylr.med.und.edu,TRUE
radar-staging.app.cloud.gov,TRUE
swinomish.nsopw.gov,TRUE
ccmcftp.ccmc.gsfc.nasa.gov,TRUE
stp.gsfc.nasa.gov,TRUE
aqua.gsfc.nasa.gov,TRUE
csdet.inl.gov,TRUE
gcmd.earthdata.nasa.gov,TRUE
bioesep.org,TRUE
blast-ncbi-nlm-nih-gov.oregonstate.idm.oclc.org,TRUE
glihtdata.gsfc.nasa.gov,TRUE
pubmed-ncbi-nlm-nih-gov.ezp.slu.edu,TRUE
pubmed-ncbi-nlm-nih-gov.ez78.periodicos.capes.gov.br,TRUE
pubmed-ncbi-nlm-nih-gov.szmc.portium.org,TRUE
cerc.research.va.gov,TRUE
macleans.ca,TRUE
mojaveindiantribe.nsopw.gov,TRUE
pmc-ncbi-nlm-nih-gov.rockhurst.idm.oclc.org,TRUE
beacon.epa.gov,TRUE
pmc-ncbi-nlm-nih-gov.huaryu.kl.oakland.edu,TRUE
pubmed-ncbi-nlm-nih-gov.ezproxy-prd.bodleian.ox.ac.uk,TRUE
nichd.nih.gov,TRUE
52.6.8.53,TRUE
datapub.nist.gov,TRUE
erscareers.usajobs.gov,TRUE
gsa-stg-ecas.gsa.gov,TRUE
pubmed-ncbi-nlm-nih-gov-ssl.eproxy.sch.ac.kr,TRUE
thehandbook.com,TRUE
bbd.labworks.org,TRUE
data.ci3.census.gov,TRUE
eric-ed-gov.pbidi.unam.mx,TRUE
www-neh-gov.translate.goog,TRUE
councils.fisheries.noaa.gov,TRUE
dic.pixiv.net,TRUE
fdicode5.prod.acquia-sites.com,TRUE
rsec.sandia.gov,TRUE
wetp.dev,TRUE
arpa-h-careers.usajobs.gov,TRUE
choise-efrc.org,TRUE
pubmed-ncbi-nlm-nih-gov.clalit.portium.org,TRUE
jba.af.mil,TRUE
partnerservices-staging.nws.noaa.gov,TRUE
pmc-ncbi-nlm-nih-gov.ezproxy.lakeheadu.ca,TRUE
puyallup-tribe.nsopw.gov,TRUE
nigms-nih-gov.translate.goog,TRUE
www-nal-usda-gov.translate.goog,TRUE
cbes.ornl.gov,TRUE
energybootcamp.ornl.gov,TRUE
pubmed-ncbi-nlm-nih-gov.ez83.periodicos.capes.gov.br,TRUE
stg.fiscaldata.treasury.gov,TRUE
mildenhall.af.mil,TRUE
pmc-ncbi-nlm-nih-gov.ezproxy.library.yorku.ca,TRUE
pmc-ncbi-nlm-nih-gov.libproxy.library.unt.edu,TRUE
preview.ers.usda.gov,TRUE
asthmabirthcohorts.niaid.nih.gov,TRUE
testwebapps.nwfsc.noaa.gov,TRUE
gulfportcrtc.ang.af.mil,TRUE
www-star-nesdis-noaa-gov.translate.goog,TRUE
knetfold.cancer.gov,TRUE
pope.tricare.mil,TRUE
it.vecteezy.com,TRUE
pubmed-ncbi-nlm-nih-gov.dcccd.idm.oclc.org,TRUE
pubmed-ncbi-nlm-nih-gov.rpa.skh.org.tw,TRUE
wis.erdc.dren.mil,TRUE
www-ncbi-nlm-nih-gov.ezproxy.bu.edu,TRUE
companyprofiles.healthcare.gov,TRUE
edna.usgs.gov,TRUE
mia-django-main.app.cloud.gov,TRUE
pubmed-ncbi-nlm-nih-gov.wilkes.idm.oclc.org,TRUE
nuclearfuel.inl.gov,TRUE
laptopoutlet.co.uk,TRUE
safetydata.fra.dot.gov,TRUE
www-ncbi-nlm-nih-gov.libproxy.lib.unc.edu,TRUE
acsjournals.onlinelibrary.wiley.com,TRUE
pubmed-ncbi-nlm-nih-gov.ez47.periodicos.capes.gov.br,TRUE
uqtools.larc.nasa.gov,TRUE
nasacentral--merge.sandbox.my.site.com,TRUE
pubmed-ncbi-nlm-nih-gov.ezproxy.usherbrooke.ca,TRUE
pubmed-ncbi-nlm-nih-gov.libproxy.ucl.ac.uk,TRUE
hudexchange.info,TRUE
tl.taxpayeradvocate.irs.gov,TRUE
complaint.fmcsa.dot.gov,TRUE
psd.cancer.gov,TRUE
taos.nsopw.gov,TRUE
easemytrip.com,TRUE
pmc-ncbi-nlm-nih-gov.ezp.twu.edu,TRUE
rafcroughton.tricare.mil,TRUE
stage-api.digitalmedia.hhs.gov,TRUE
calval.jpl.nasa.gov,TRUE
chitimacha.nsopw.gov,TRUE
d3d17n3hadce2c.cloudfront.net,TRUE
pmc-ncbi-nlm-nih-gov.ezproxy.med.nyu.edu,TRUE
pmc-ncbi-nlm-nih-gov.libproxy2.usc.edu,TRUE
pubmed-ncbi-nlm-nih-gov.redeemer.idm.oclc.org,TRUE
www-ncbi-nlm-nih-gov.autorpa.tcu.edu.tw,TRUE
quantico.marines.mil,TRUE
archives.hud.gov,TRUE
orslearn.pnnl.gov,TRUE
snpinfo.niehs.nih.gov,TRUE
spitr.ccr.cancer.gov,TRUE
pzjexjiwextzexwveuy4-s-a2360.r1.duohuijixie.com,TRUE
sys2.cloud.benefeds.com,TRUE
ca.water.usgs.gov,TRUE
ngmdb-usgs-gov.translate.goog,TRUE
pubmed-ncbi-nlm-nih-gov.nycpm.idm.oclc.org,TRUE
niehs.nih.gov,TRUE
jtfgtmo.southcom.mil,TRUE
pubmed-ncbi-nlm-nih-gov.academie-medecine.idm.oclc.org,TRUE
pubmed-ncbi-nlm-nih-gov.ez79.periodicos.capes.gov.br,TRUE
ridesafely.com,TRUE
exemptedhmspermits.fisheries.noaa.gov,TRUE
hydro.digitaltwin.labworks.org,TRUE
dbs.bie.edu,TRUE
pubmed-ncbi-nlm-nih-gov.nyit.idm.oclc.org,TRUE
ami-journals.onlinelibrary.wiley.com,TRUE
pubmed-ncbi-nlm-nih-gov.ezproxyworc.helmlib.org,TRUE
srag-msrem.jsc.nasa.gov,TRUE
journal-reports.nlm.nih.gov,TRUE
pmc-ncbi-nlm-nih-gov.ez26.periodicos.capes.gov.br,TRUE
pubmed-ncbi-nlm-nih-gov.kkh.remotexs.co,TRUE
pubmed-ncbi-nlm-nih-gov.libproxy.stfx.ca,TRUE
cms.bts.gov,TRUE
pubmed-ncbi-nlm-nih-gov.ezproxy.vdu.lt,TRUE
blast.ams.genedigtech.cloud,TRUE
statepolicy.pre.militaryonesource.mil,TRUE
tortoise.nibib.nih.gov,TRUE
calendar.library.doc.gov,TRUE
pubmed-ncbi-nlm-nih-gov.proxyone.lis.nsysu.edu.tw,TRUE
www-ncbi-nlm-nih-gov.ez.sun.ac.za,TRUE
recaptcha.net,TRUE
store.samhsa.gov,TRUE
icpc.cancer.gov,TRUE
pubmed-ncbi-nlm-nih-gov.eznvcc.vccs.edu,TRUE
todaysdocument.tumblr.com,TRUE
help.fedramp.gov,TRUE
pubmed-ncbi-nlm-nih-gov.libproxy.donga.ac.kr,TRUE
srhe.tandfonline.com,TRUE
wise.er.usgs.gov,TRUE
hiiraan.com,TRUE
pmc-ncbi-nlm-nih-gov.uproxy.library.dc-uoit.ca,TRUE
pubmed-ncbi-nlm-nih-gov.ez82.periodicos.capes.gov.br,TRUE
airsar.jpl.nasa.gov,TRUE
pah.nist.gov,TRUE
rrbprod.rrb.gov,TRUE
elyshoshonetribe.nsopw.gov,TRUE
genomics.ccr.cancer.gov,TRUE
nasa.github.io,TRUE
pubmed-ncbi-nlm-nih-gov.mwu.idm.oclc.org,TRUE
bnm.llnl.gov,TRUE
geomine.osmre.gov,TRUE
nesdis.prod.acquia-sites.com,TRUE
squaxinisland.nsopw.gov,TRUE
torontolife.com,TRUE
genemed.nci.nih.gov,TRUE
hi.taxpayeradvocate.irs.gov,TRUE
nctnbanks.cancer.gov,TRUE
psaap.llnl.gov,TRUE
beta.floodsmart.gov,TRUE
dev-cdmrp.health.mil,TRUE
hhs.github.io,TRUE
idcfdoews.bls.gov,TRUE
pubmed-ncbi-nlm-nih-gov.ez34.periodicos.capes.gov.br,TRUE
coralreef.noaa.gov,TRUE
ccp2025.ornl.gov,TRUE
gtb.nsopw.gov,TRUE
www-ncbi-nlm-nih-gov.proxy.lib.umich.edu,TRUE
194wg.ang.af.mil,TRUE
fhfawwwstage.fhfa.gov,TRUE
immoafrica.net,TRUE
iiimef.marines.mil,TRUE
data-science.usajobs.gov,TRUE
ocean.weather.gov,TRUE
tse.bie.edu,TRUE
50.fnal.gov,TRUE
besjournals.onlinelibrary.wiley.com,TRUE
beta.nicic.gov,TRUE
gdo152.llnl.gov,TRUE
www-niehs-nih-gov.translate.goog,TRUE
yankton.nsopw.gov,TRUE
pmc-ncbi-nlm-nih-gov.ezproxy.bolton.ac.uk,TRUE
class.cancer.gov,TRUE
forgedb.cancer.gov,TRUE
monash.figshare.network,TRUE
www-ecfr-gov.translate.goog,TRUE
modsimtoolsdownloads.sandia.gov,TRUE
pubmed-ncbi-nlm-nih-gov.ezproxy.weizmann.ac.il,TRUE
pubmed-ncbi-nlm-nih-gov.proxy.scd.univ-tours.fr,TRUE
ia-prod.ahrq.gov,TRUE
www-stage.nasa.gov,TRUE
idcfdars.bls.gov,TRUE
it.data.census.gov,TRUE
pims-stage.aem-tx.com,TRUE
rrd.bie.edu,TRUE
vms.fnal.gov,TRUE
blast-ncbi-nlm-nih-gov.cardiff.idm.oclc.org,TRUE
microbio.llnl.gov,TRUE
www-ncbi-nlm-nih-gov.miman.bib.bth.se,TRUE
msc.navy.afpims.mil,TRUE
gulfatlas.noaa.gov,TRUE
pmc-ncbi-nlm-nih-gov.proxy.queensu.ca,TRUE
rotc.llnl.gov,TRUE
filehippo.com,TRUE
pmc-ncbi-nlm-nih-gov.libproxy.samsunghospital.com,TRUE
pubmed-ncbi-nlm-nih-gov.choa.proxy.liblynxgateway.com,TRUE
pubmed-ncbi-nlm-nih-gov.ez41.periodicos.capes.gov.br,TRUE
lhncbc-portal.lhcaws-prod-pub.nlm.nih.gov,TRUE
bds.bie.edu,TRUE
nustec.fnal.gov,TRUE
prod-01-alb-www-oe.woc.noaa.gov,TRUE
zazzle.fr,TRUE
gipsy-oasis.jpl.nasa.gov,TRUE
juntos.gov,TRUE
rd.stg.platform.usda.gov,TRUE
stage.nrs-msg.com,TRUE
cpnireporting.gov,TRUE
ssapathways.usajobs.gov,TRUE
trainingt.bls.gov,TRUE
justices.ws,TRUE
grantee2.teams.simpler.grants.gov,TRUE
parts.jpl.nasa.gov,TRUE
www-ncbi-nlm-nih-gov-443.webvpn.sysu.edu.cn,TRUE
cybereffects.usajobs.gov,TRUE
extapps.ksc.nasa.gov,TRUE
ncpc.gov,TRUE
dmtenrspjuuhr.cloudfront.net,TRUE
innovationcenter.cafc.uscourts.gov,TRUE
pubmed-ncbi-nlm-nih-gov.methodist.idm.oclc.org,TRUE
spinquest.fnal.gov,TRUE
ht.taxpayeradvocate.irs.gov,TRUE
pmc-ncbi-nlm-nih-gov.yale.idm.oclc.org,TRUE
nt1.ntsca.com,TRUE
pubmed-ncbi-nlm-nih-gov.rosalindfranklin.idm.oclc.org,TRUE
pubmed-ncbi-nlm-nih-gov.dliproxy.kangwon.ac.kr,TRUE
pubmed-ncbi-nlm-nih-gov.springfieldcollege.idm.oclc.org,TRUE
daacweb-prod.ornl.gov,TRUE
pmc-ncbi-nlm-nih-gov.ezoris.lib.hokudai.ac.jp,TRUE
pubs.er.usgs.gov,TRUE
www-fhwa-dot-gov.translate.goog,TRUE
pubmed-ncbi-nlm-nih-gov.ezproxy.baylor.edu,TRUE
uat.nsopw.gov,TRUE
cds.bie.edu,TRUE
cmr.sit.earthdata.nasa.gov,TRUE
pmc-ncbi-nlm-nih-gov.ezproxy.nsuok.edu,TRUE
pubmed-ncbi-nlm-nih-gov.proxy.libraries.rutgers.edu,TRUE
tcamt.nist.gov,TRUE
gdo127.llnl.gov,TRUE
opencsp.sandia.gov,TRUE
fairchild.af.mil,TRUE
ncdc.noaa.gov,TRUE
pmc-ncbi-nlm-nih-gov.ez10.periodicos.capes.gov.br,TRUE
usaspending.qa01.dtas.ts.aws.frb.pvt,TRUE
usaf-hpc11.ornl.gov,TRUE
www-ncbi-nlm-nih-gov.proxy.lib.uiowa.edu,TRUE
pmc-ncbi-nlm-nih-gov.proxy.lib.wayne.edu,TRUE
vendorportal-testpp.fbijobs.gov,TRUE
gulflink.osd.mil,TRUE
pubmed-ncbi-nlm-nih-gov.ez93.periodicos.capes.gov.br,TRUE
subcontractorheld.ornl.gov,TRUE
tsc.jsc.nasa.gov,TRUE
jfklibrary-vlx4zzmlccipxsho1nmimoxazjxbbvyc.tugboatqa.com,TRUE
airquality.lanl.gov,TRUE
stage.grants.nih.gov,TRUE
va.ornl.gov,TRUE
apwheele.github.io,TRUE
fermiworks.fnal.gov,TRUE
glioma-biodp.nci.nih.gov,TRUE
agromania.com.br,TRUE
kbs.bie.edu,TRUE
shadowsedge.mil,TRUE
www-nssl-noaa-gov.translate.goog,TRUE
pubmed.lasallebajio.elogim.com,TRUE
iarc.fnal.gov,TRUE
pmc-ncbi-nlm-nih-gov.lmunet.idm.oclc.org,TRUE
pubmed-ncbi-nlm-nih-gov.proxy.lib.csus.edu,TRUE
tomplay.com,TRUE
batsandwind.org,TRUE
bdwintra01v.oig.dol.gov,TRUE
gipsyx.jpl.nasa.gov,TRUE
household-survey-d.fdic.gov,TRUE
api.patentsview.org,TRUE
cades.ornl.gov,TRUE
cyote.inl.gov,TRUE
energetics.llnl.gov,TRUE
maps.airfire.org,TRUE
pubmed-ncbi-nlm-nih-gov-ssl.libproxy.inje.ac.kr,TRUE
pubmed-ncbi-nlm-nih-gov.cedarcrestcollege.idm.oclc.org,TRUE
trials-staging.nci.nih.gov,TRUE
mcia.marines.mil,TRUE
ntrs.staging.sti.appdat.jsc.nasa.gov,TRUE
stage.madeinamerica.gov,TRUE
blackridgeresearch.com,TRUE
cmec.llnl.gov,TRUE
gsa-geo--geofl3dvp.sandbox.my.site.com,TRUE
pubmed-ncbi-nlm-nih-gov.mclibrary.idm.oclc.org,TRUE
www-usda-gov.translate.goog,TRUE
buysellcyprus.com,TRUE
qa.acquisition.gov,TRUE
www-ndbc-noaa-gov.translate.goog,TRUE
pubmed-ncbi-nlm-nih-gov.eres.qnl.qa,TRUE
www55.dev06.imsweb.com,TRUE
amlis.osmre.gov,TRUE
nosced-oceanservice-as-uat.azurewebsites.net,TRUE
cor1.gsfc.nasa.gov,TRUE
khaosod.co.th,TRUE
stage.oig.justice.gov,TRUE
www-ncbi-nlm-nih-gov.laneproxy.stanford.edu,TRUE
analyticalsciencejournals.onlinelibrary.wiley.com,TRUE
cesdatat.bls.gov,TRUE
www-stopbullying-gov.translate.goog,TRUE
obgyn.onlinelibrary.wiley.com,TRUE
pmc-ncbi-nlm-nih-gov.lsuhscno.idm.oclc.org,TRUE
seer-cancer-gov.translate.goog,TRUE
wwwapp.nimh.nih.gov,TRUE
epi-grants-cancer-gov.translate.goog,TRUE
magazine-medlineplus-gov.translate.goog,TRUE
minecraft.novaskin.me,TRUE
www-ncbi-nlm-nih-gov.proxy3.library.mcgill.ca,TRUE
ops.ems.eosdis.nasa.gov,TRUE
fdp.astrogeology.usgs.gov,TRUE
acquia-test-fhwa.dot.gov,TRUE
cmn-meetings.nimh.nih.gov,TRUE
pmc-ncbi-nlm-nih-gov.us1.proxy.openathens.net,TRUE
tesseract.af.mil,TRUE
bayut.eg,TRUE
latamfintech.co,TRUE
justiceus.us,TRUE
pubmed-ncbi-nlm-nih-gov.ez29.periodicos.capes.gov.br,TRUE
pubmed-ncbi-nlm-nih-gov.ezproxy.lib.uconn.edu,TRUE
veterinaryjobs.usajobs.gov,TRUE
potawatomi.nsopw.gov,TRUE
ucum.nlm.nih.gov,TRUE
jfklibrary.archives.gov,TRUE
monshoppingcestcalais.fr,TRUE
pubmed-ncbi-nlm-nih-gov.pugetsound.idm.oclc.org,TRUE
radiate.fnal.gov,TRUE
pmc.ncbi.nlm.nih.govhttps,TRUE
guangzhouinsider.info,TRUE
pubmed-ncbi-nlm-nih-gov.cuanschutz.idm.oclc.org,TRUE
cms.nhtsa.dot.gov,TRUE
navarro-atl.hanford.gov,TRUE
pmc-ncbi-nlm-nih-gov.gorgone.univ-toulouse.fr,TRUE
treasury-occ.usajobs.gov,TRUE
gautamthakur.ornl.gov,TRUE
globaldossier-external-fqt.etc.uspto.gov,TRUE
technologytransfer.health.mil,TRUE
tsapps-t.nist.gov,TRUE
comps-stage.aem-tx.com,TRUE
digitalmedia.fws.gov,TRUE
nps.nmfs.noaa.gov,TRUE
pmc-ncbi-nlm-nih-gov.docelec.univ-lyon1.fr,TRUE
swisswatchexpo.com,TRUE
pmc-ncbi-nlm-nih-gov.ezproxy.msvu.ca,TRUE
pmc-ncbi-nlm-nih-gov.sheffield.idm.oclc.org,TRUE
training.dmp.dol.gov,TRUE
migrate.earthdata.nasa.gov,TRUE
pubmed-ncbi-nlm-nih-gov.ric.idm.oclc.org,TRUE
www-26.nifc.gov,TRUE
mwp.usembassy.gov,TRUE
prod-02-asg-www-swpc.woc.noaa.gov,TRUE
ru.taxpayeradvocate.irs.gov,TRUE
mdcms.orr.noaa.gov,TRUE
mdctmfpval.cms.gov,TRUE
windriver.nsopw.gov,TRUE
www-ncbi-nlm-nih-gov.ezproxy.utas.edu.au,TRUE
maps.wildlandfiresmoke.net,TRUE
vbasea.usajobs.gov,TRUE
detectors.fnal.gov,TRUE
pubmed-ncbi-nlm-nih-gov.libproxy.changwon.ac.kr,TRUE
pmc-ncbi-nlm-nih-gov.ez27.periodicos.capes.gov.br,TRUE
pubmed-ncbi-nlm-nih-gov.casper.idm.oclc.org,TRUE
oss.research.noaa.gov,TRUE
travel.reporting.gov,TRUE
ttx.epa.gov,TRUE
www-spaceweather-gov.translate.goog,TRUE
coil.census.gov,TRUE
flokq.com,TRUE
globalprotect.auctane.com,TRUE
pubmed-ncbi-nlm-nih-gov.ezpdhcs.nt.gov.au,TRUE
testdeveloper.nvmc.uscg.gov,TRUE
life.oricon.co.jp,TRUE
pmc-ncbi-nlm-nih-gov.eres.library.manoa.hawaii.edu,TRUE
pubmed-ncbi-nlm-nih-gov.libproxy.berkeley.edu,TRUE
umesc-gisdb03.er.usgs.gov,TRUE
fspa.fnal.gov,TRUE
prime-contract.nlr.gov,TRUE
training.rocis.gov,TRUE
local.asf.alaska.edu,TRUE
pubmed-ncbi-nlm-nih-gov.ezproxy.newcastle.edu.au,TRUE
rapweb.jpl.nasa.gov,TRUE
resilience.ccr.cancer.gov,TRUE
tra.cloud.cms.gov,TRUE
www-ncbi-nlm-nih-gov.treadwell.idm.oclc.org,TRUE
ashanti.bja.ojp.gov,TRUE
pubmed.uajs.lookproxy.com,TRUE
boscovs.com,TRUE
fbi-gov.one,TRUE
pubmed-ncbi-nlm-nih-gov.ez.library.latrobe.edu.au,TRUE
wwwlink.cdc.gov,TRUE
frtibrecruitment.usajobs.gov,TRUE
ostc.marines.mil,TRUE
pmc-ncbi-nlm-nih-gov.dartmouth.idm.oclc.org,TRUE
pmc-ncbi-nlm-nih-gov.ezproxy.neu.edu,TRUE
pubmed-ncbi-nlm-nih-gov.iclibezp1.cc.ic.ac.uk,TRUE
edit.cisa.gov,TRUE
laboremploymenttraining.ornl.gov,TRUE
mor.lhcaws-stage-pub.nlm.nih.gov,TRUE
pmc-ncbi-nlm-nih-gov.qe2a-proxy.mun.ca,TRUE
shapememory.grc.nasa.gov,TRUE
openmd.com,TRUE
pubmed-ncbi-nlm-nih-gov.proxysbauniss.idm.oclc.org,TRUE
powerapi.sandia.gov,TRUE
zfish.nichd.nih.gov,TRUE
firms-modaps-eosdis-nasa-gov.translate.goog,TRUE
pubmed-ncbi-nlm-nih-gov.felician.idm.oclc.org,TRUE
pubmed-ncbi-nlm-nih-gov.inee.bib.cnrs.fr,TRUE
pubmed-ncbi-nlm-nih-gov.sheffield.idm.oclc.org,TRUE
sedupdate.gsfc.nasa.gov,TRUE
developer.uat.usajobs.gov,TRUE
fixity-check.blogs.archives.gov,TRUE
pfcu.ncua.gov,TRUE
whbstewardship.blm.gov,TRUE
gcn.militaryonesource.mil,TRUE
avss.osmre.gov,TRUE
cat-tools.usps.com,TRUE
idp.agroot.identitysandbox.gov,TRUE
imagesense.ornl.gov,TRUE
mia-django-develop.app.cloud.gov,TRUE
pmc-ncbi-nlm-nih-gov.husson.idm.oclc.org,TRUE
pmc-ncbi-nlm-nih-gov.shh.idm.oclc.org,TRUE
stuff.co.za,TRUE
eventbrite.com.au,TRUE
poca.preprod.fda.gov,TRUE
pubmed-ncbi-nlm-nih-gov.iss.idm.oclc.org,TRUE
pmc-ncbi-nlm-nih-gov.bases-doc.univ-lorraine.fr,TRUE
sw-eng.larc.nasa.gov,TRUE
acis-qc.noe.eoir.usdoj.gov,TRUE
www-nlpir.nist.gov,TRUE
pubmed-ncbi-nlm-nih-gov.proxy.library.maryville.edu,TRUE
ar.taxpayeradvocate.irs.gov,TRUE
jamboduka.the-star.co.ke,TRUE
jota.info,TRUE
csms-uat.nci.nih.gov,TRUE
efast.dol.gov,TRUE
saphire.inl.gov,TRUE
mvpsonboard.cdc.gov,TRUE
pubmed-ncbi-nlm-nih-gov.ez433.periodicos.capes.gov.br,TRUE
toh.bie.edu,TRUE
cms.volpe.dot.gov,TRUE
pubmed-ncbi-nlm-nih-gov.ez35.periodicos.capes.gov.br,TRUE
pubmed-ncbi-nlm-nih-gov.ezproxy.lib.ndsu.nodak.edu,TRUE
uk-usembassy-gov.translate.goog,TRUE
epi-grants.st.beta.imsweb.com,TRUE
igamthl7.caasprodrcp.roche.com,TRUE
wildcats.com.au,TRUE
cms.csrc.nist.gov,TRUE
lop.gsa.gov,TRUE
maaal.com,TRUE
visstagingnew.globe.gov,TRUE
nuwckeyport.usajobs.gov,TRUE
pmc-ncbi-nlm-nih-gov.library.capella.edu,TRUE
narwhal.arc.nasa.gov,TRUE
appeears.sdbx-3.earthdatacloud.nasa.gov,TRUE
blogs.nasa.gov,TRUE
caninecommons.cancer.gov,TRUE
dev-tsdr.etc.uspto.gov,TRUE
pubmed-ncbi-nlm-nih-gov.libproxy.wku.ac.kr,TRUE
r1.genedigtech.cloud,TRUE
asrprod.ornl.gov,TRUE
www-fs-usda-gov.translate.goog,TRUE
de.vecteezy.com,TRUE
infotracer.com,TRUE
meshondemand.nlm.nih.gov,TRUE
overqc.sandia.gov,TRUE
site-app-9560--qa.sandbox.my.site.com,TRUE
www-ars-usda-gov.translate.goog,TRUE
blast-ncbi-nlm-nih-gov.proxy2.library.illinois.edu,TRUE
lhncbc.github.io,TRUE
pmc-ncbi-nlm-nih-gov.proxy2.library.illinois.edu,TRUE
pps.bie.edu,TRUE
radar.epa.gov,TRUE
asb.army.mil,TRUE
blm--staging.sandbox.my.site.com,TRUE
lantern.healthit.gov,TRUE
lightmat.org,TRUE
monash.figshare.dev,TRUE
hpc-staging.llnl.gov,TRUE
pubmed-ncbi-nlm-nih-gov.db.ub.oru.se,TRUE
ccsg15.navy.mil,TRUE
chornobyltissuebank.cancer.gov,TRUE
colleeniversen.ornl.gov,TRUE
fasusdagov.stg.platform.usda.gov,TRUE
wdc-usda--rfrcdevs26.sandbox.my.site.com,TRUE
americanjournalofsurgery.com,TRUE
cg-f7a6dbc1-b791-40b1-9eeb-e725679c82c9.sites.pages.cloud.gov,TRUE
pmc-ncbi-nlm-nih-gov.proxy-ln.researchport.umd.edu,TRUE
qat.usaspending.gov,TRUE
exploregwas.cancer.gov,TRUE
origin-uat.arpa-h.gov,TRUE
www-ojp-gov.translate.goog,TRUE
childrensissues.travel.his.com,TRUE
hes.bie.edu,TRUE
pmc-ncbi-nlm-nih-gov.smu.remotexs.co,TRUE
armyacquisition.usajobs.gov,TRUE
ejje.weblio.jp,TRUE
ahrpo.army.mil,TRUE
contact.preprod.fda.gov,TRUE
discovery.larc.nasa.gov,TRUE
greacen.com,TRUE
jfklibrary-bwionpberc4huc8xjpiifmvjvvo6spbp.tugboatqa.com,TRUE
lhcfhirtools.nlm.nih.gov,TRUE
pinnacle.ndu.edu,TRUE
dotcms.fra.dot.gov,TRUE
kaina24.lt,TRUE
nccdphp.my.site.com,TRUE
nisqually.nsopw.gov,TRUE
staging.ftc.gov,TRUE
dercf.nlr.gov,TRUE
elmir.ua,TRUE
outreachpro.nia.nih.gov,TRUE
stage.fmc.gov,TRUE
tac.nist.gov,TRUE
vn.trip.com,TRUE
www-ncbi-nlm-nih-gov.login.ezproxy.library.ualberta.ca,TRUE
acf.hhs.gov,TRUE
linkeddiscoveries-ncbi-nlm-nih-gov.pbidi.unam.mx,TRUE
pmc-ncbi-nlm-nih-gov.ezproxy.lib.ou.edu,TRUE
pmc-ncbi-nlm-nih-gov.geihsl.idm.oclc.org,TRUE
cts.nlm.nih.gov,TRUE
datasearch.globe.gov,TRUE
ehpd.gsfc.nasa.gov,TRUE
hrsauat7.amer.reisystems.com,TRUE
newskarnataka.com,TRUE
mars-nasa-gov.translate.goog,TRUE
nsidc-org.translate.goog,TRUE
pmc-ncbi-nlm-nih-gov.ez54.periodicos.capes.gov.br,TRUE
pubmed-ncbi-nlm-nih-gov-ssl.proxy.medicalinfo.or.kr,TRUE
av.startpage.com,TRUE
esajournals.onlinelibrary.wiley.com,TRUE
pubmed-ncbi-nlm-nih-gov.bibliochudequebec.idm.oclc.org,TRUE
oes.bie.edu,TRUE
pubmed-ncbi-nlm-nih-gov.libux.utmb.edu,TRUE
nswcpcd.usajobs.gov,TRUE
pasteur.epa.gov,TRUE
pubmed-ncbi-nlm-nih-gov.libproxy.ncyu.edu.tw,TRUE
www-ncbi-nlm-nih-gov.eres.library.manoa.hawaii.edu,TRUE
energydashboard.energy.gov,TRUE
wills.co.jp,TRUE
hhs.gov,TRUE
lc-idm.llnl.gov,TRUE
pubmed-ncbi-nlm-nih-gov.ezproxy2.utwente.nl,TRUE
sscc.nimh.nih.gov,TRUE
eventbrite.com,TRUE
pmc-ncbi-nlm-nih-gov.uplib.idm.oclc.org,TRUE
dx.doi.org,TRUE
vaww.internet.staging.va.gov,TRUE
atbcstudy.cancer.gov,TRUE
pmc-ncbi-nlm-nih-gov.ezproxy.lib.torontomu.ca,TRUE
workspace--wsdv1dvn.sandbox.my.site.com,TRUE
devlandfire.cr.usgs.gov,TRUE
hothcd5.dha.mil,TRUE
www-niaid-nih-gov.translate.goog,TRUE
tes.com,TRUE
wpafb.af.mil,TRUE
clintonwhitehouse2.archives.gov,TRUE
pubmed-ncbi-nlm-nih-gov.marist.idm.oclc.org,TRUE
ecolibrary.sec.usace.army.mil,TRUE
osmc.noaa.gov,TRUE
pmc-ncbi-nlm-nih-gov.ez69.periodicos.capes.gov.br,TRUE
pmc-ncbi-nlm-nih-gov.umasslowell.idm.oclc.org,TRUE
aphysics2.lanl.gov,TRUE
research-stg.fs2c.usda.gov,TRUE
staging.ppms.gov,TRUE
hillrom.com,TRUE
glamr.gsfc.nasa.gov,TRUE
vmsshare.nist.gov,TRUE
tinker.af.mil,TRUE
youth.int.air.org,TRUE
beacons.labworks.org,TRUE
drupal11.lndo.site,TRUE
pubmed-ncbi-nlm-nih-gov.libproxy.sungshin.ac.kr,TRUE
section508.gov,TRUE
data.at.census.gov,TRUE
ams-prod.azureedge.us,TRUE
dcc-app-serviceuat.studentaid.gov,TRUE
pmc-ncbi-nlm-nih-gov.ez29.periodicos.capes.gov.br,TRUE
pubmed-ncbi-nlm-nih-gov.einsteinmed.idm.oclc.org,TRUE
pmc-ncbi-nlm-nih-gov.uchile.idm.oclc.org,TRUE
ferretr.pmel.noaa.gov,TRUE
high-pressure.llnl.gov,TRUE
pubmed-ncbi-nlm-nih-gov.operapadrepio.idm.oclc.org,TRUE
trainingc.edit.irs.gov,TRUE
vertex.daac.asf.alaska.edu,TRUE
bts.dot.gov,TRUE
castorama.fr,TRUE
oneleafhealth.com,TRUE
pubmed-ncbi-nlm-nih-gov.medi.swissconsortium.ch,TRUE
www-ospo-noaa-gov.translate.goog,TRUE
g20-org.translate.goog,TRUE
mdctqmrval.cms.gov,TRUE
seed-platform.org,TRUE
www-navcen-uscg-gov.translate.goog,TRUE
pebblescout.ncbi.nlm.nih.gov,TRUE
www-ncbi-nlm-nih-gov.nuigalway.idm.oclc.org,TRUE
computersforlearning.gov,TRUE
spangdahlem.af.mil,TRUE
4gon.co.uk,TRUE
www25.dev06.imsweb.com,TRUE
pubmed-ncbi-nlm-nih-gov.proxy.mul.missouri.edu,TRUE
locator-ice-gov.translate.goog,TRUE
ofccp-apps.dol.gov,TRUE
pmc-ncbi-nlm-nih-gov.ez22.periodicos.capes.gov.br,TRUE
pubmed-ncbi-nlm-nih-gov.ezproxy.gac.edu,TRUE
pubmed-ncbi-nlm-nih-gov.libproxy.wlu.ca,TRUE
ecps-ext-stg.niaid.nih.gov,TRUE
imp.openpaymentsdata.cms.gov,TRUE
pmc-ncbi-nlm-nih-gov.cardiff.idm.oclc.org,TRUE
cayuga.nsopw.gov,TRUE
intranet.nicic.gov,TRUE
pmc-ncbi-nlm-nih-gov.wwwproxy1.library.unsw.edu.au,TRUE
pubmed-ncbi-nlm-nih-gov.libproxy.kangwon.ac.kr,TRUE
uswds.18f.org,TRUE
erm.tahsda.org.tw,TRUE
glovis-cloud.usgs.gov,TRUE
pubmed-ncbi-nlm-nih-gov.ez94.periodicos.capes.gov.br,TRUE
pubmed-ncbi-nlm-nih-gov.proxy.mtholyoke.edu,TRUE
aim.nlr.gov,TRUE
dcegconnect-cms.cancer.gov,TRUE
ost-liaison.doe.gov,TRUE
diegogarcia.tricare.mil,TRUE
csdap-staging.ds.io,TRUE
uat.crimesolutions.ojp.gov,TRUE
at-iqrs.npdb.hrsa.gov,TRUE
clindev21,TRUE
farm.sandia.gov,TRUE
gmd-prod.cmdl.noaa.gov,TRUE
hops.pnnl.gov,TRUE
pmc-ncbi-nlm-nih-gov.srv-proxy1.library.tamu.edu,TRUE
pubmed-ncbi-nlm-nih-gov.ezproxy.uct.ac.za,TRUE
pubmed-ncbi-nlm-nih-gov.monash.idm.oclc.org,TRUE
blast-ncbi-nlm-nih-gov.translate.goog,TRUE
ntp-niehs-nih-gov.translate.goog,TRUE
scheels.com,TRUE
wwtg.gov,TRUE
azhrsauat1.amer.reisystems.com,TRUE
blast-ncbi-nlm-nih-gov.gorgone.univ-toulouse.fr,TRUE
datasharingportal.usgs.gov,TRUE
origin-east-wordpress-photolib.woc.noaa.gov,TRUE
pmc-ncbi-nlm-nih-gov.libproxy.unm.edu,TRUE
pubmed-ncbi-nlm-nih-gov.ezproxy.libraries.wright.edu,TRUE
pubmed-ncbi-nlm-nih-gov.ezproxy2.library.arizona.edu,TRUE
pubmed-ncbi-nlm-nih-gov.uis.idm.oclc.org,TRUE
staging.flag.dol.gov,TRUE
www-ncbi-nlm-nih-gov.dartmouth.idm.oclc.org,TRUE
dq-plotbrowser-ui.svcs.arm.gov,TRUE
general-qa.datacommons.cancer.gov,TRUE
pmc-ncbi-nlm-nih-gov.insubria.idm.oclc.org,TRUE
author.1.stage.tsg.aws.reingoldms.com,TRUE
dpac.war.gov,TRUE
gml-noaa-gov.translate.goog,TRUE
yourdiabetescompass.cdc.gov,TRUE
www-hiv-gov.translate.goog,TRUE
digital-gov-drupal-prod.app.cloud.gov,TRUE
gdo-dcp.ucllnl.org,TRUE
magatreasury.com,TRUE
mytravel-dev002.elguardia.net,TRUE
preprod.dcp.psc.gov,TRUE
pubmed-ncbi-nlm-nih-gov.oaklandcc.idm.oclc.org,TRUE
airnowtomed.app.cloud.gov,TRUE
pubmed-ncbi-nlm-nih-gov.proxy-bc.researchport.umd.edu,TRUE
reach.gov,TRUE
www-ncbi-nlm-nih-gov.ejournal.mahidol.ac.th,TRUE
hydrogen.energy.gov,TRUE
nde.larc.nasa.gov,TRUE
pmc-ncbi-nlm-nih-gov.ezproxy2.library.drexel.edu,TRUE
pubmed-ncbi-nlm-nih-gov.ez33.periodicos.capes.gov.br,TRUE
www-foia-gov.translate.goog,TRUE
acquia-stage1-fhwa.dot.gov,TRUE
cwdrupal11.star1.nesdis.noaa.gov,TRUE
magis.fnal.gov,TRUE
mia-django-stage.app.cloud.gov,TRUE
sandbox.dpc.cms.gov,TRUE
pmc-ncbi-nlm-nih-gov.ez3.periodicos.capes.gov.br,TRUE
pt.vecteezy.com,TRUE
bioenergykdf.net,TRUE
getscot.sandia.gov,TRUE
narac-beta.llnl.gov,TRUE
hometreasurygov.netlify.app,TRUE
pmc-ncbi-nlm-nih-gov.easyaccess2.lib.cuhk.edu.hk,TRUE
spc.noaa.gov,TRUE
pmc-ncbi-nlm-nih-gov.kyorin.idm.oclc.org,TRUE
api.ncbi.nlm.nih.gov,TRUE
apqry.llnl.gov,TRUE
archivesaotus.wpcomstaging.com,TRUE
ccrhb.od.nih.gov,TRUE
en.planetofhotels.com,TRUE
pmc-ncbi-nlm-nih-gov.ez43.periodicos.capes.gov.br,TRUE
pubmed-ncbi-nlm-nih-gov.ezproxy.library.wwu.edu,TRUE
safety.navy.afpims.mil,TRUE
autoremarketing.com,TRUE
beta-staging.clinicaltrials.gov,TRUE
hpcnihapps.cit.nih.gov,TRUE
internal-trademarkcenter.uspto.gov,TRUE
journalofdairyscience.org,TRUE
scatlaslc.ccr.cancer.gov,TRUE
test-open.ctsu.org,TRUE
contenthub.llnl.gov,TRUE
epact2.gsfc.nasa.gov,TRUE
it-guides.cdc.gov,TRUE
pmc-ncbi-nlm-nih-gov.ccl.idm.oclc.org,TRUE
satjapan.com,TRUE
bulkbookstore.com,TRUE
mdctcarts.cms.gov,TRUE
nhc-vm-nhcwebdev02.nhc.noaa.gov,TRUE
admin.ahrq.gov,TRUE
arrs.ahrq.gov,TRUE
askeagle-qa2.cancer.gov,TRUE
networx-billing-pricer.eos.gsa.gov,TRUE
cfpub1.epa.gov,TRUE
egptraining.wildfire.gov,TRUE
ramstein.af.mil,TRUE
jes.bie.edu,TRUE
ninds-intranet.lndo.site,TRUE
www-opm-gov.translate.goog,TRUE
ceb.bie.edu,TRUE
www-usmarshals-gov.translate.goog,TRUE
ihe-pcd.nist.gov,TRUE
uts.awsqa.nlm.nih.gov,TRUE
10321oh632tu3ovqwqlt7.15.204.116.29.my.local-ip.co,TRUE
edgi-wm-archive.s3.amazonaws.com,TRUE
gutenpress.ornl.gov,TRUE
pmc-ncbi-nlm-nih-gov.ejku.idm.oclc.org,TRUE
postcalcea.usps.com,TRUE
pubmed-ncbi-nlm-nih-gov.cscc.ohionet.org,TRUE
cerc.usgs.gov,TRUE
content.prod.sba.gov,TRUE
vets4212.dol.gov,TRUE
205.156.8.215,TRUE
d1i7emf07tpw3f.cloudfront.net,TRUE
agoda.com,TRUE
dev-dataview.ncbi.nlm.nih.gov,TRUE
in.trip.com,TRUE
respondents.bls.gov,TRUE
stage-cwpm.cwigng.com,TRUE
blast-ncbi-nlm-nih-gov.nottingham.idm.oclc.org,TRUE
clinical.datacommons.cancer.gov,TRUE
ehbomsbxt01.ehbsbx.work,TRUE
ezcater.com,TRUE
pubmed-ncbi-nlm-nih-gov.proxy-um.researchport.umd.edu,TRUE
albany.marines.mil,TRUE
arsstaging.arsnet.usda.gov,TRUE
snengs.nichd.nih.gov,TRUE
flaticon.com,TRUE
pubmed-ncbi-nlm-nih-gov.3bi.idm.oclc.org,TRUE
pubmed-ncbi-nlm-nih-gov.scclosrios.idm.oclc.org,TRUE
vsaccollab.nlm.nih.gov,TRUE
www-fincen-gov.translate.goog,TRUE
minot.af.mil,TRUE
seb.bie.edu,TRUE
survivalstatstools.cancer.gov,TRUE
ncregister.com,TRUE
mediagalaxy.ro,TRUE
ncsacw-test-static.acf.gov,TRUE
wdc-usda--rfcrtf01.sandbox.my.site.com,TRUE
www-cpsc-gov.translate.goog,TRUE
ang.af.mil,TRUE
fs.usda.gov,TRUE
ctprs-prs-web--next-20.ocpdev-be.p2gate.ncbi.nlm.nih.gov,TRUE
pmc-ncbi-nlm-nih-gov.ezproxy.uvm.edu,TRUE
pmc-ncbi-nlm-nih-gov.srv-proxy2.library.tamu.edu,TRUE
property.reporting.gov,TRUE
pubmed-ncbi-nlm-nih-gov.ez292.periodicos.capes.gov.br,TRUE
guide.llnl.gov,TRUE
pscc.army.mil,TRUE
pubmed-ncbi-nlm-nih-gov.pallas2.tcl.sc.edu,TRUE
pubmed-ncbi-nlm-nih-gov.proxy.biblioteche.unical.it,TRUE
staff.mariamalawadhi.com,TRUE
contractorassurance.fnal.gov,TRUE
federalist-466b7d92-5da1-4208-974f-d61fd4348571.sites.pages.cloud.gov,TRUE
test-nbdc-biobank.nida.nih.gov,TRUE
usepa.sharepoint.com,TRUE
www-ncbi-nlm-nih-gov.pc124152.oulu.fi,TRUE
federalist-e3fba26d-2806-4f02-bf0e-89c97cfba93c.sites.pages.cloud.gov,TRUE
pubmed-ncbi-nlm-nih-gov.ahs.idm.oclc.org,TRUE
pubmed-ncbi-nlm-nih-gov.libproxy.uams.edu,TRUE
shadesofgreen.org,TRUE
tns.bie.edu,TRUE
aotus11.blogs.archives.gov,TRUE
datadashboard.preprod.fda.gov,TRUE
e-chords.com,TRUE
eric-ed-gov.umassglobal.idm.oclc.org,TRUE
pubmed-ncbi-nlm-nih-gov.ezp.twu.edu,TRUE
pubmed-ncbi-nlm-nih-gov.icom.idm.oclc.org,TRUE
pubmed-ncbi-nlm-nih-gov.usfhl.idm.oclc.org,TRUE
ar.ubook.com,TRUE
pmc-ncbi-nlm-nih-gov.ezproxy.library.uvic.ca,TRUE
pubmed-ncbi-nlm-nih-gov.colorado.idm.oclc.org,TRUE
nellis.af.mil,TRUE
broadbandusa.ntia.doc.gov,TRUE
flag-dol-gov.translate.goog,TRUE
mytravel-test-ivv.elguardia.net,TRUE
pubmed-ncbi-nlm-nih-gov.ezproxy.uthsc.edu,TRUE
d198e9qw677zqt.cloudfront.net,TRUE
reaganlibrary.gov,TRUE
ajog.org,TRUE
chicagocrusader.com,TRUE
gis.hhs.gov,TRUE
pubmed-ncbi-nlm-nih-gov.ezproxy.ub.unimaas.nl,TRUE
pmc-ncbi-nlm-nih-gov.tsukuba.idm.oclc.org,TRUE
staging.ice.gov,TRUE
pubmed-ncbi-nlm-nih-gov.ezproxy.haifa.ac.il,TRUE
pmc-ncbi-nlm-nih-gov.beilinson.portium.org,TRUE
prod-01-alb-www-climate.woc.noaa.gov,TRUE
pvrw.nlr.gov,TRUE
skyview.gsfc.nasa.gov,TRUE
sorext.epa.gov,TRUE
www-ncbi-nlm-nih-gov.proxy.library.emory.edu,TRUE
nibib.nih.gov,TRUE
takeitdown.ftc.gov,TRUE
eric-ed-gov.proxy-ub.rug.nl,TRUE
forestservicetempfire.usajobs.gov,TRUE
liveworksheets.com,TRUE
mtp.ccr.cancer.gov,TRUE
pivot.fema.gov,TRUE
pubmed-ncbi-nlm-nih-gov.lib-proxy01.skidmore.edu,TRUE
schoolguide.co.uk,TRUE
uat.fiscaldata.treasury.gov,TRUE
www-ncbi-nlm-nih-gov.umlwrha.idm.oclc.org,TRUE
hanscom.af.mil,TRUE
ebuy-test2.fas.gsa.gov,TRUE
pmc-ncbi-nlm-nih-gov.easyaccess1.lib.cuhk.edu.hk,TRUE
pmc-ncbi-nlm-nih-gov.nukweb.nuk.uni-lj.si,TRUE
pubmed-ncbi-nlm-nih-gov.ksa.swissconsortium.ch,TRUE
www-ncbi-nlm-nih-gov-443.webvpn.bua.edu.cn,TRUE
alfashop.co.uk,TRUE
dev-faa.gov,TRUE
rasopathies.cancer.gov,TRUE
seatool.epa.gov,TRUE
www-ncbi-nlm-nih-gov.erm.vghks.gov.tw,TRUE
ctprs-prs-web--feature-angular-16-upgrade.ocpdev-be.p2gate.ncbi.nlm.nih.gov,TRUE
edit.staging.fema.gov,TRUE
research.iowa-city.med.va.gov,TRUE
skin.software,TRUE
watersportsoutlet.com.au,TRUE
wetlandassessment.epa.gov,TRUE
pmc-ncbi-nlm-nih-gov.libproxy.helsinki.fi,TRUE
wwwbeta.nass.usda.gov,TRUE
dispatcher.1.stage.tsg.aws.reingoldms.com,TRUE
nist.gov,TRUE
pubmed-ncbi-nlm-nih-gov.alliant.idm.oclc.org,TRUE
pubmed-ncbi-nlm-nih-gov.ez152.periodicos.capes.gov.br,TRUE
pubmed-ncbi-nlm-nih-gov.libproxy.smu.ac.kr,TRUE
pubmed-ncbi-nlm-nih-gov.proxy2-bib.sdu.dk,TRUE
pubmed-ncbi-nlm-nih-gov.wku.idm.oclc.org,TRUE
pubmedpmc.uninavarra.elogim.com,TRUE
training.cmsd9.chs.usgs.gov,TRUE
www-ncbi-nlm-nih-gov.ezproxy.cul.columbia.edu,TRUE
dover.af.mil,TRUE
abiyefon.com,TRUE
aeroportal.nlr.gov,TRUE
getguru.com,TRUE
pmc-ncbi-nlm-nih-gov.buadistant.univ-angers.fr,TRUE
pmc-ncbi-nlm-nih-gov.ezp.slu.edu,TRUE
pmc-ncbi-nlm-nih-gov.spclib.idm.oclc.org,TRUE
ton.bie.edu,TRUE
www-ncbi-nlm-nih-gov.udea.lookproxy.com,TRUE
dev-childwelfare.cwigng.com,TRUE
gashydrates.nist.gov,TRUE
arctic.labworks.org,TRUE
brfssdatasubmission.cdc.gov,TRUE
icor-uat.eoir.justice.gov,TRUE
ozonewatch-gsfc-nasa-gov.translate.goog,TRUE
pmc-ncbi-nlm-nih-gov.ez49.periodicos.capes.gov.br,TRUE
pubmed-ncbi-nlm-nih-gov.libproxy.sdsu.edu,TRUE
clean-air.sandia.gov,TRUE
pmc-ncbi-nlm-nih-gov.univaq.idm.oclc.org,TRUE
test-cdmrp.health.mil,TRUE
aviano.af.mil,TRUE
gatsby-preview-prod.cwigng.com,TRUE
injuryjournal.com,TRUE
ktf.sandia.gov,TRUE
dev-tracieweb.rocbis.com,TRUE
leaf.llnl.gov,TRUE
pubmed-ncbi-nlm-nih-gov.proxy180.nclive.org,TRUE
kuwait.yallamotor.com,TRUE
uts-green.nlm.nih.gov,TRUE
connect.niehs.nih.gov,TRUE
pubmed-ncbi-nlm-nih-gov.remote.uwosh.edu,TRUE
drupal-preview.goesr.woc.noaa.gov,TRUE
infraforge.ai,TRUE
usebounce.com,TRUE
www-development.jpl.nasa.gov,TRUE
www-fas-usda-gov.translate.goog,TRUE
afordawards.co.uk,TRUE
gpsslvpn.mednet.ucla.edu,TRUE
pubmed-ncbi-nlm-nih-gov.ezp.med.uvm.edu,TRUE
uts.awsprod.nlm.nih.gov,TRUE
140.90.132.91,TRUE
cameo.noaa.gov,TRUE
edit.apprenticeship.gov,TRUE
pubmed-ncbi-nlm-nih-gov.amherst.idm.oclc.org,TRUE
tcs.bie.edu,TRUE
wpafb.usaf.afpims.mil,TRUE
catalog-nlm-nih-gov.mohvl-p.myloft.xyz,TRUE
devpki.treasury.gov,TRUE
ethicssao.od.nih.gov,TRUE
pmc-ncbi-nlm-nih-gov.ez.library.latrobe.edu.au,TRUE
pmc-ncbi-nlm-nih-gov.ez45.periodicos.capes.gov.br,TRUE
pnnl.icims.com,TRUE
spi-data.bjs.ojp.gov,TRUE
betamgmt.huduser.gov,TRUE
dmz-cc.nih.gov,TRUE
jns-journal.com,TRUE
portageohvets.gov,TRUE
pubmed-ncbi-nlm-nih-gov.ez31.periodicos.capes.gov.br,TRUE
acmc.marines.mil,TRUE
impl.dur.cms.gov,TRUE
preview-gsa-stg-ecas.gsa.gov,TRUE
pubmed-ncbi-nlm-nih-gov.ez50.periodicos.capes.gov.br,TRUE
tmf.jpl.nasa.gov,TRUE
macdill.af.mil,TRUE
api.bls.gov,TRUE
forum.audiogon.com,TRUE
www-af-mil.translate.goog,TRUE
ab2d.cms.gov,TRUE
csams.cdc.gov,TRUE
hothcd1.tricare.mil,TRUE
imp.edit.insurekidsnow.gov,TRUE
jfklibrary-tkp6ufhlzeanupogw11zg9ecz7xtgbt1.tugboatqa.com,TRUE
pmc-ncbi-nlm-nih-gov.libraryproxy.harding.edu,TRUE
pubmed-ncbi-nlm-nih-gov.libproxy.chosun.ac.kr,TRUE
small-business.nlr.gov,TRUE
uaec.fnal.gov,TRUE
pmc-ncbi-nlm-nih-gov.ezproxy.uni-giessen.de,TRUE
tm.mwp.usembassy.gov,TRUE
charlie.sam.gov,TRUE
mrss.jpl.nasa.gov,TRUE
ngms.llnl.gov,TRUE
pubmed-ncbi-nlm-nih-gov.ez127.periodicos.capes.gov.br,TRUE
testint.cisa.gov,TRUE
beale.af.mil,TRUE
ais-usvisa--info-com.translate.goog,TRUE
dus.jpl.nasa.gov,TRUE
pmc-ncbi-nlm-nih-gov.mrdc.idm.oclc.org,TRUE
staging.stb.gov,TRUE
www-nei-nih-gov.translate.goog,TRUE
acfmain-om.lndo.site,TRUE
bffc9f.claudeassets.com,TRUE
gs618-glihtl1.ndc.nasa.gov,TRUE
pubmed-ncbi-nlm-nih-gov.ez89.periodicos.capes.gov.br,TRUE
pubmed-ncbi-nlm-nih-gov.journals.parlowlibrary.org,TRUE
pubmed-ncbi-nlm-nih-gov.proxy.campbell.edu,TRUE
economicimpact.fnal.gov,TRUE
pubmed-ncbi-nlm-nih-gov.browser.cbs.mpg.de,TRUE
pubmed-ncbi-nlm-nih-gov.ezproxy.universitetetioslo.no,TRUE
navsea.navy.mil,TRUE
joshmichener.ornl.gov,TRUE
nwrfc.l.noaa.gov,TRUE
pmc-ncbi-nlm-nih-gov.mc.opal-libraries.org,TRUE
pubmed-ncbi-nlm-nih-gov.ezproxy.lakeheadu.ca,TRUE
scixplorer.org,TRUE
idp.pt.identitysandbox.gov,TRUE
pmc-ncbi-nlm-nih-gov.ressources-electroniques.univ-lille.fr,TRUE
pubmed-ncbi-nlm-nih-gov.ezproxy.univ-artois.fr,TRUE
icom.tandfonline.com,TRUE
jahonline.org,TRUE
wwwncstage.cdc.gov,TRUE
140.90.132.90,TRUE
crapes-q.fdic.gov,TRUE
edit.fdic.gov,TRUE
mrdg.health.mil,TRUE
oilpaintings.com,TRUE
pmc-ncbi-nlm-nih-gov.autorpa.tcu.edu.tw,TRUE
sharingtheatom.com,TRUE
blast-ncbi-nlm-nih-gov.ezproxy.library.wisc.edu,TRUE
ccr-cancer-gov.translate.goog,TRUE
fss-ui-mgmt.fss19-mgmt.fcs.gsa.gov,TRUE
pmc-ncbi-nlm-nih-gov.albanymed.idm.oclc.org,TRUE
prod-erma-ui.orr.noaa.gov,TRUE
pubmed-ncbi-nlm-nih-gov.ezproxy1.bath.ac.uk,TRUE
shapeamerica.tandfonline.com,TRUE
validacion-embassygob1.com,TRUE
wdc-usda--rfrcdevd01.sandbox.my.site.com,TRUE
ncrmstraining.digitalinfuzion.com,TRUE
pubmed-ncbi-nlm-nih-gov.libproxy.dhu.ac.kr,TRUE
pubmed-ncbi-nlm-nih-gov.oregonstate.idm.oclc.org,TRUE
www-ic3-gov.translate.goog,TRUE
companyprofiles.imp.healthcare.gov,TRUE
nccoe-devsecops-b73ab9.ipages.nist.gov,TRUE
pmc-ncbi-nlm-nih-gov.libproxy.nau.edu,TRUE
santodomingo.nsopw.gov,TRUE
cyberreports.ncua.gov,TRUE
emissary.edgenuity.com,TRUE
grandcanyon.usgs.gov,TRUE
psl-noaa-gov.translate.goog,TRUE
akaqa2-ion-hhs.gov,TRUE
pubmed-ncbi-nlm-nih-gov.isnb.idm.oclc.org,TRUE
uts-qa.nlm.nih.gov,TRUE
dfba.mil,TRUE
epicsourcing.co.uk,TRUE
pintra51.epa.gov,TRUE
qis.fnal.gov,TRUE
www-doi-gov.translate.goog,TRUE
140.90.78.249,TRUE
breachforums.ic3.gov,TRUE
fermiproperty.fnal.gov,TRUE
pubmed-ncbi-nlm-nih-gov.libproxy.cup.ac.kr,TRUE
pubmed-ncbi-nlm-nih-gov.suproxy.idm.oclc.org,TRUE
helpspanish.cbp.gov,TRUE
archives-pmr.org,TRUE
d1ahmx6635y9wz.cloudfront.net,TRUE
deajobs.usajobs.gov,TRUE
iho-machc.org,TRUE
mc-a3a84cd4-6d24-49bb-b3f6-783626-cm.azurewebsites.net,TRUE
pmc-ncbi-nlm-nih-gov.ezproxy.uniroma1.it,TRUE
stg.ecomp.dol.gov,TRUE
pubmed-ncbi-nlm-nih-gov.tcsw.tzuchi-healthcare.org.tw,TRUE
www-ncbi-nlm-nih-gov.ezproxylr.med.und.edu,TRUE
jds.bie.edu,TRUE
pubmed-ncbi-nlm-nih-gov.plymouth.idm.oclc.org,TRUE
redtop.fnal.gov,TRUE
respondentst.bls.gov,TRUE
broadbandusa.prod.acquia-sites.com,TRUE
inp2300irmaqa01.nps.doi.net,TRUE
lbjlibrary.archives.gov,TRUE
preview.stg.ussba.io,TRUE
pubmed-ncbi-nlm-nih-gov.ez39.periodicos.capes.gov.br,TRUE
va.water.usgs.gov,TRUE
www-ncbi-nlm-nih-gov.autorpa.cmu.edu.tw,TRUE
manta.com,TRUE
pmc-ncbi-nlm-nih-gov.bengurionu.idm.oclc.org,TRUE
pubmed-ncbi-nlm-nih-gov.ez317.periodicos.capes.gov.br,TRUE
pubmed-ncbi-nlm-nih-gov.proxy-tu.researchport.umd.edu,TRUE
usaspending.dev01.dtas.ts.aws.frb.pvt,TRUE
www-ncbi-nlm-nih-gov.libproxy.temple.edu,TRUE
cebsp10.niehs.nih.gov,TRUE
e.root-servers.org,TRUE
guest.hescore.labworks.org,TRUE
nairratdoe.ornl.gov,TRUE
www-wpc-ncep-noaa-gov.translate.goog,TRUE
www50-scan.imsweb.com,TRUE
beta3-idts.sns-beta.com,TRUE
ies.inl.gov,TRUE
nerdwallet.com,TRUE
pmc-ncbi-nlm-nih-gov.sabidi.urv.cat,TRUE
ttacts.uspto.gov,TRUE
pmc-ncbi-nlm-nih-gov.manchester.idm.oclc.org,TRUE
snapshot2024.atsdr.cdc.gov,TRUE
www-ncbi-nlm-nih-gov.ez.urosario.edu.co,TRUE
www-ncbi-nlm-nih-gov.jumper.tmu.edu.tw,TRUE
100.68.17.85,TRUE
fedpay.gss.gsa.gov,TRUE
gap.tbportals.niaid.nih.gov,TRUE
pmc-ncbi-nlm-nih-gov.libproxy.ucl.ac.uk,TRUE
workspace--wsfl2uatp.sandbox.my.site.com,TRUE
www97.dev04.imsweb.com,TRUE
authorarranger.nih.gov,TRUE
gfl-dmidit.cr.usgs.gov,TRUE
hothcoopcd4.health.mil,TRUE
hudqahhs.yardigc.com,TRUE
pmc-ncbi-nlm-nih-gov.ez280.periodicos.capes.gov.br,TRUE
sds.bie.edu,TRUE
csm.state.gov,TRUE
opa-hhs-gov.translate.goog,TRUE
sellmytimesharenow.com,TRUE
worldview.sit.earthdata.nasa.gov,TRUE
cooldestinations.com,TRUE
openid-foundation-japan.github.io,TRUE
pubmed-ncbi-nlm-nih-gov.yaffe.portium.org,TRUE
toku-p.earth-car.com,TRUE
www-ncbi-nlm-nih-gov.consultaremota.upb.edu.co,TRUE
100.68.17.89,TRUE
datacatalog-stage.ccdi.cancer.gov,TRUE
pmc-ncbi-nlm-nih-gov.foyer.swmed.edu,TRUE
pmc-ncbi-nlm-nih-gov.libraryproxy.quinnipiac.edu,TRUE
federalist-d99fdc38-63df-4d35-bcc2-5f9654483de0.sites.pages.cloud.gov,TRUE
household-survey-q.fdic.gov,TRUE
copalux.com.br,TRUE
dice.inl.gov,TRUE
gs674-proxy.ccmc.gsfc.nasa.gov,TRUE
marforspace.marines.mil,TRUE
mids.er.usgs.gov,TRUE
pmc-ncbi-nlm-nih-gov.ez46.periodicos.capes.gov.br,TRUE
squaremeal.co.uk,TRUE
www-ncbi-nlm-nih-gov.proxy1.library.jhu.edu,TRUE
nesaragesaratokenofrealization.netlify.app,TRUE
pmc-ncbi-nlm-nih-gov.proxy.cc.uic.edu,TRUE
qbpgraphbook.fdic.gov,TRUE
wdc-usda--rfrcdevs17.sandbox.my.site.com,TRUE
tmsearch.live,TRUE
www-ncbi-nlm-nih-gov.proxy.cau.ac.kr,TRUE
historyhub.history.gov,TRUE
ibroneuroscience.org,TRUE
icarus.fnal.gov,TRUE
people-update.llnl.gov,TRUE
pmc-ncbi-nlm-nih-gov.csula.idm.oclc.org,TRUE
100.68.17.90,TRUE
admin-atms.fleta.gov,TRUE
afriex.com,TRUE
cmdb.ertcorp.com,TRUE
emblem.cancer.gov,TRUE
eric-ed-gov.libproxy.highpoint.edu,TRUE
achrnews.com,TRUE
bb-usembassy-gov.translate.goog,TRUE
estimated-accruals.gsacalm-dev2.gsashiftup.com,TRUE
pubmed-ncbi-nlm-nih-gov.utk.idm.oclc.org,TRUE
superhivemarket.com,TRUE
cidc-stage.nci.nih.gov,TRUE
hl7v2-lab-r2-testing.nist.gov,TRUE
pmc-ncbi-nlm-nih-gov.libdata.lib.ua.edu,TRUE
staging.arl.noaa.gov,TRUE
strs-grc-nasa-gov.translate.goog,TRUE
wdc-usda--rfrcqap03.sandbox.my.site.com,TRUE
100.68.17.18,TRUE
140.90.132.92,TRUE
bat.edit.irs.gov,TRUE
casa.sandia.gov,TRUE
pmc-ncbi-nlm-nih-gov.ezproxy1.lib.asu.edu,TRUE
pubmed-ncbi-nlm-nih-gov.nmu.idm.oclc.org,TRUE
www-ncbi-nlm-nih-gov.elib.tcd.ie,TRUE
www-ncbi-nlm-nih-gov.ezproxy2.library.drexel.edu,TRUE
astrowebmaps.wr.usgs.gov,TRUE
blscompdatad.bls.gov,TRUE
data.abmc.gov,TRUE
www-ncbi-nlm-nih-gov.libproxy.ajou.ac.kr,TRUE
blog-cms.response.restoration.noaa.gov,TRUE
healthcaredelivery.st.beta.imsweb.com,TRUE
pmc-ncbi-nlm-nih-gov.eux.idm.oclc.org,TRUE
pmc-ncbi-nlm-nih-gov.ezproxy.library.dal.ca,TRUE
pubmed-ncbi-nlm-nih-gov.ez121.periodicos.capes.gov.br,TRUE
programplanning.fnal.gov,TRUE
wndr-dev-linux-eastus-as.azurewebsites.net,TRUE
140.90.78.254,TRUE
bestday.com.mx,TRUE
bioresilience.llnl.gov,TRUE
cz-auth.llnl.gov,TRUE
dmp.cr.usgs.gov,TRUE
ninds-enterprise.lndo.site,TRUE
planetfitness.com,TRUE
pubmed-ncbi-nlm-nih-gov.libraryresources.columbiasouthern.edu,TRUE
puhy.cz,TRUE
respiraconcalma.com,TRUE
pmc-ncbi-nlm-nih-gov.uaeu.idm.oclc.org,TRUE
pubmed-ncbi-nlm-nih-gov.unr.idm.oclc.org,TRUE
winmd.staging.ird.appdat.jsc.nasa.gov,TRUE
www-ptsd-va-gov.translate.goog,TRUE
cadsr.nci.nih.gov,TRUE
femi.ornl.gov,TRUE
homelectrical.com,TRUE
le_nps.usajobs.gov,TRUE
opfee.ncua.gov,TRUE
pmc-ncbi-nlm-nih-gov.ezproxy1.bath.ac.uk,TRUE
sample.mwp.usembassy.gov,TRUE
wolfswinkel.at,TRUE
www-ncbi-nlm-nih-gov.ezproxy.library.wur.nl,TRUE
acc.fiscal.treasury.gov,TRUE
api.digitalmedia.hhs.gov,TRUE
pmc-ncbi-nlm-nih-gov.edlibproxy.flysheet.com.tw,TRUE
pubmed-ncbi-nlm-nih-gov.ez101.periodicos.capes.gov.br,TRUE
bugs.sit.earthdata.nasa.gov,TRUE
independent.org,TRUE
pubmed-ncbi-nlm-nih-gov.altais.uniud.it,TRUE
pubmed-ncbi-nlm-nih-gov.ezproxy.mu-plovdiv.bg,TRUE
vendor.llnl.gov,TRUE
wdc-usda--rfrcdevs34.sandbox.my.site.com,TRUE
akaqa3-ion-hhs.gov,TRUE
leasinghub.com,TRUE
opss.fnal.gov,TRUE
visualization.genelab.nasa.gov,TRUE
100.68.17.86,TRUE
fpl.fs.usda.gov,TRUE
joltsdatad.bls.gov,TRUE
om.cmdl.noaa.gov,TRUE
slc.gsa.gov,TRUE
thecarconnection.com,TRUE
vpn-cms.ncep.noaa.gov,TRUE
1stmardiv.marines.mil,TRUE
emergingtechnologies.fnal.gov,TRUE
gis1.usgs.gov,TRUE
netspublic.grc.nasa.gov,TRUE
nihcsr.prod.acquia-sites.com,TRUE
ojjdp.ncjrs.gov,TRUE
sc-uat.emsl.pnnl.gov,TRUE
dpc.fnal.gov,TRUE
easyshiksha.com,TRUE
maps-beta.usgs.gov,TRUE
pmc-ncbi-nlm-nih-gov.ezproxy.universite-paris-saclay.fr,TRUE
pmc-ncbi-nlm-nih-gov.osaka-u.idm.oclc.org,TRUE
pubmed-ncbi-nlm-nih-gov.ez87.periodicos.capes.gov.br,TRUE
mcasiwakunijp.marines.mil,TRUE
140.90.78.246,TRUE
cartos.healthit.gov,TRUE
ehc-stage.ahrq.gov,TRUE
studyinthestates-dhs-gov.translate.goog,TRUE
www-airnow-gov.translate.goog,TRUE
www-ncbi-nlm-nih-gov.libproxy.ks.ac.kr,TRUE
www527.dev06.imsweb.com,TRUE
abhibus.com,TRUE
planetary-sdi.astrogeology.usgs.gov,TRUE
bil.usajobs.gov,TRUE
cosmicopia.gsfc.nasa.gov,TRUE
gwm-stage.gsfc.nasa.gov,TRUE
pmc-ncbi-nlm-nih-gov.ez76.periodicos.capes.gov.br,TRUE
pubmed-ncbi-nlm-nih-gov.cdrewu.idm.oclc.org,TRUE
pubmed-ncbi-nlm-nih-gov.surrey.idm.oclc.org,TRUE
trac.pnnl.gov,TRUE
uat.bjs.ojp.gov,TRUE
wcms-wp-test-archive.cdc.gov,TRUE
cde.ppd.ucr.cjis.gov,TRUE
chefsdeal.com,TRUE
dctd-prod-acsf.cancer.gov,TRUE
pmc-ncbi-nlm-nih-gov.ez67.periodicos.capes.gov.br,TRUE
pubmed-1ncbi-1nlm-1nih-1gov-19f86kule0069.han.cmkp.edu.pl,TRUE
pubmed-ncbi-nlm-nih-gov.ezproxy3.library.arizona.edu,TRUE
www25.dev14.imsweb.com,TRUE
emissivity.jpl.nasa.gov,TRUE
pmc-ncbi-nlm-nih-gov.proxy2.library.ohio.edu,TRUE
sabapp.epa.gov,TRUE
seasonaljobs-dol-gov.translate.goog,TRUE
www-ncbi-nlm-nih-gov.qe2a-proxy.mun.ca,TRUE
ao.jpl.nasa.gov,TRUE
pre.dev2.cstreetsandbox.com,TRUE
www-ncbi-nlm-nih-gov.gorgone.univ-toulouse.fr,TRUE
safety.af.mil,TRUE
acf-main-content-staging.acf.gov,TRUE
cdn.sba.gov,TRUE
mia-django-devops.app.cloud.gov,TRUE
power-larc-nasa-gov.translate.goog,TRUE
pubmed-ncbi-nlm-nih-gov.brown.idm.oclc.org,TRUE
stage-911.gov,TRUE
moody.af.mil,TRUE
pendleton.marines.mil,TRUE
innovations.ahrq.gov,TRUE
nif-dliuserguide.llnl.gov,TRUE
pubmed-ncbi-nlm-nih-gov.usd.idm.oclc.org,TRUE
temp-staging.usaspending.gov,TRUE
annie.fnal.gov,TRUE
dceg-prod-acsf.cancer.gov,TRUE
icsdvweb.aws.epa.gov,TRUE
idp.katherine.identitysandbox.gov,TRUE
qa-usadata.opm.gov,TRUE
response-restoration-noaa-gov.translate.goog,TRUE
spaziogames.it,TRUE
sweetcare.com,TRUE
lakenheath.af.mil,TRUE
qa.coast.noaa.gov,TRUE
4innovation-impl2.cms.gov,TRUE
alttechwg.org,TRUE
es.mwp.usembassy.gov,TRUE
nrd-stage-internal-portal.nhtsa.dot.gov,TRUE
pmc-ncbi-nlm-nih-gov.rua.idm.oclc.org,TRUE
vaxvizapp.cdc.gov,TRUE
192.111.123.190,TRUE
aiois.com,TRUE
entrevue.fr,TRUE
hl7v2tools.nist.gov,TRUE
kyeb-admin.jdc.ao.dcn,TRUE
pmc-ncbi-nlm-nih-gov.uniovi.idm.oclc.org,TRUE
pubmed-ncbi-nlm-nih-gov.mgs.jmc.ac.il,TRUE
bpa.gov,TRUE
access8.uat.ginniemae.gov,TRUE
oradeveloper01.cns.gov,TRUE
pmc-ncbi-nlm-nih-gov.umassmed.idm.oclc.org,TRUE
stellwagen.er.usgs.gov,TRUE
daedalus1.larc.nasa.gov,TRUE
pubmed-ncbi-nlm-nih-gov.ezproxy.aub.edu.lb,TRUE
stg.pbgc.gov,TRUE
www-ncbi-nlm-nih-gov.ucc.idm.oclc.org,TRUE
carbon-economy.llnl.gov,TRUE
ntia.doc.gov,TRUE
respond-staging.app.cloud.gov,TRUE
www-uscourts-gov.translate.goog,TRUE
ctpost.com,TRUE
clinentry11,TRUE
drupal.darpa.mil,TRUE
partselect.ca,TRUE
research.jpl.nasa.gov,TRUE
www-ncbi-nlm-nih-gov.dml.regis.edu,TRUE
www-ncbi-nlm-nih-gov.proxy-ln.researchport.umd.edu,TRUE
goldbelly.com,TRUE
mdctcartsval.cms.gov,TRUE
nationalfitnesscampaign.com,TRUE
pmc-ncbi-nlm-nih-gov.ezproxy.uniandes.edu.co,TRUE
pubmed-ncbi-nlm-nih-gov.mfu.idm.oclc.org,TRUE
dev-east-www-wpc.woc.noaa.gov,TRUE
pmc-ncbi-nlm-nih-gov.ezproxy.server.hv.se,TRUE
training.dlhwc.dol.gov,TRUE
dpsx-q.fdic.gov,TRUE
jiffyshirts.com,TRUE
pubmed-ncbi-nlm-nih-gov.vmed-ezproxy.lsu.edu,TRUE
wicbreastfeeding.fns.usda.gov,TRUE
apps.pre.militaryonesource.mil,TRUE
hl7v2-elr-testing.nist.gov,TRUE
pmc-ncbi-nlm-nih-gov.samuelmerritt.idm.oclc.org,TRUE
sass.fletc.dhs.gov,TRUE
fsdx.preprod.fda.gov,TRUE
gadras.sandia.gov,TRUE
openpayments-system.cms.gov,TRUE
gametime.co,TRUE
masterclass.com,TRUE
new.nsf.gov,TRUE
nsojournals.onlinelibrary.wiley.com,TRUE
pmc-ncbi-nlm-nih-gov.lib.pepperdine.edu,TRUE
pubmed-ncbi-nlm-nih-gov-ssl.proxy.bohun.or.kr,TRUE
pubmed-ncbi-nlm-nih-gov.ezproxy.mtsu.edu,TRUE
pubmed-ncbi-nlm-nih-gov.libezproxy.must.edu.mo,TRUE
retirees.fnal.gov,TRUE
cebonds.ice.gov,TRUE
r2.genedigtech.cloud,TRUE
blast-ncbi-nlm-nih-gov.kyoto-u.idm.oclc.org,TRUE
china-cn.mwp.usembassy.gov,TRUE
doinps-vol--volqa2.sandbox.my.site.com,TRUE
federalist-7a132a2e-6307-4cd0-9f82-e30e871d214a.sites.pages.cloud.gov,TRUE
gsallewell.github.io,TRUE
pmc-ncbi-nlm-nih-gov.unipamplona.basesdedatosezproxy.com,TRUE
test-eappealtopublic.azurewebsites.net,TRUE
www-ait.mwp.usembassy.gov,TRUE
www-ncbi-nlm-nih-gov.libproxy1.usc.edu,TRUE
www-ncbi-nlm-nih-gov.recursosbiblioteca.unab.cl,TRUE
croatianbureauofstatistics.github.io,TRUE
pubmed-ncbi-nlm-nih-gov.ez40.periodicos.capes.gov.br,TRUE
stage.nigms.nih.gov,TRUE
upwell.pfeg.noaa.gov,TRUE
chldata.erdc.dren.mil,TRUE
hydromod.pnnl.gov,TRUE
omb-clearance.nci.nih.gov,TRUE
pmc-ncbi-nlm-nih-gov.proxy-um.researchport.umd.edu,TRUE
pubmed-ncbi-nlm-nih-gov.ezproxy.messiah.edu,TRUE
ava.jpl.nasa.gov,TRUE
cdfc.nlr.gov,TRUE
doibsee.prod.acquia-sites.com,TRUE
emarketplace.fnal.gov,TRUE
fashionmagazine.com,TRUE
pl.mwp.usembassy.gov,TRUE
pmc-ncbi-nlm-nih-gov.proxy.lib.duke.edu,TRUE
thetyee.ca,TRUE
arnold.af.mil,TRUE
04.universalenroll.int.ues.identogo.com,TRUE
acquia-dev-nhtsa.dot.gov,TRUE
angela-smithers.github.io,TRUE
crs.bie.edu,TRUE
mynasadata-larc-nasa-gov.translate.goog,TRUE
necdet.helioviewer.org,TRUE
pmc-ncbi-nlm-nih-gov.ezproxy-prd.bodleian.ox.ac.uk,TRUE
pubmed-ncbi-nlm-nih-gov-ssl.chlib.schmc.ac.kr,TRUE
pubmed-ncbi-nlm-nih-gov.madonna.idm.oclc.org,TRUE
srb.bie.edu,TRUE
vrh8eqgpandher.ofr.treas.gov,TRUE
nsopw.gov,TRUE
apps-pifsc.fisheries.noaa.gov,TRUE
inettestaz,TRUE
jiffy.com,TRUE
lpdaac.usgs.gov,TRUE
mfcs.bie.edu,TRUE
pmc-ncbi-nlm-nih-gov.d360prx.biomed.cas.cz,TRUE
pmc-ncbi-nlm-nih-gov.libezp.lib.lsu.edu,TRUE
pubmed-ncbi-nlm-nih-gov.ez26.periodicos.capes.gov.br,TRUE
www-ncbi-nlm-nih-gov.proxy.library.vcu.edu,TRUE
nhregister.com,TRUE
airsoftbazaar.com,TRUE
dyh.bie.edu,TRUE
uat.oceantoday.noaa.gov,TRUE
wits3-public-pricer.eos.gsa.gov,TRUE
thehour.com,TRUE
52.5.189.6,TRUE
airrange.ssc.nasa.gov,TRUE
cesdatad.bls.gov,TRUE
cmit-impl.cms.gov,TRUE
motionarray.com,TRUE
pmc-ncbi-nlm-nih-gov.proxy2.cl.msu.edu,TRUE
pubmed-ncbi-nlm-nih-gov.ezproxy.usek.edu.lb,TRUE
pubmed-ncbi-nlm-nih-gov.uws.idm.oclc.org,TRUE
winmd.appdat.jsc.nasa.gov,TRUE
trade-point.co.uk,TRUE
169.253.172.143,TRUE
gsfcarparts.com,TRUE
obamawhitehouse-archives-gov.translate.goog,TRUE
pmc-ncbi-nlm-nih-gov.ez51.periodicos.capes.gov.br,TRUE
russellranch.jpl.nasa.gov,TRUE
br.mwp.usembassy.gov,TRUE
edit.tfx.treasury.gov,TRUE
ncportal.fas.gsa.gov,TRUE
ourcommons.ca,TRUE
pmc-ncbi-nlm-nih-gov.libproxy.ajou.ac.kr,TRUE
al.mwp.usembassy.gov,TRUE
manuscriptclearance.nlm.nih.gov,TRUE
okinawaobaksa.com,TRUE
pmc-ncbi-nlm-nih-gov.ez371.periodicos.capes.gov.br,TRUE
pmc-ncbi-nlm-nih-gov.libproxy.dju.ac.kr,TRUE
lforms-smart-fhir.nlm.nih.gov,TRUE
pmc-ncbi-nlm-nih-gov.unican.idm.oclc.org,TRUE
www-ncbi-nlm-nih-gov.lmunet.idm.oclc.org,TRUE
fatline.com.ua,TRUE
gatsby-preview-stage.cwigng.com,TRUE
lspcountdown.ndc.nasa.gov,TRUE
pmc-ncbi-nlm-nih-gov.ezproxy.unilim.fr,TRUE
pubmed-ncbi-nlm-nih-gov.upd.swissconsortium.ch,TRUE
idcfoewsorigin1.bls.gov,TRUE
stagetestdomain.nih.gov,TRUE
wrairwest.health.mil,TRUE
www-foodsafety-gov.translate.goog,TRUE
doj-secure.info,TRUE
enuygun.com,TRUE
fiscal-treasury-gov.web.app,TRUE
gfet.nci.nih.gov,TRUE
pmc-ncbi-nlm-nih-gov.ezproxy.rgu.ac.uk,TRUE
pubmed-ncbi-nlm-nih-gov.cvphlib.idm.oclc.org,TRUE
pubmed-ncbi-nlm-nih-gov.ezproxy.gvsu.edu,TRUE
temp-fiscaldata.treasury.gov,TRUE
warmforge.ai,TRUE
library.doc.gov,TRUE
eva.jsc.nasa.gov,TRUE
landweb.modaps.eosdis.nasa.gov,TRUE
ngdc.cncb.ac.cn,TRUE
pmc-ncbi-nlm-nih-gov.ezproxy.lib.uh.edu,TRUE
pmc-ncbi-nlm-nih-gov.lproxy.pusan.ac.kr,TRUE
pmc-ncbi-nlm-nih-gov.proxy1.cl.msu.edu,TRUE
adiamor.com,TRUE
pubmed-ncbi-nlm-nih-gov.ezproxy1.library.arizona.edu,TRUE
smeqa.usds.gov,TRUE
strap.trials-staging.nci.nih.gov,TRUE
mcchord.af.mil,TRUE
nacarbon.org,TRUE
pmc-ncbi-nlm-nih-gov.ez47.periodicos.capes.gov.br,TRUE
pubmed-ncbi-nlm-nih-gov.stg.netbib.ch,TRUE
uts-qa-green.nlm.nih.gov,TRUE
virulence.fda.gov,TRUE
eg.mwp.usembassy.gov,TRUE
officialnesaragesaratokengold.netlify.app,TRUE
cms.dha.mil,TRUE
cms.marinedebris.local.nos-orr.net,TRUE
exchanges-state-gov.translate.goog,TRUE
ivvjwol.ms.ca.npe,TRUE
marine-deals.co.nz,TRUE
bepltd.com,TRUE
coasts-cms-external.client.mooreboeck.com,TRUE
eggrt-prod.aws.epa.gov,TRUE
globaldossier-cloud-fqt.etc.uspto.gov,TRUE
noaa-nos-coastal-lidar-pds.s3.us-east-1.amazonaws.com,TRUE
pubmed-ncbi-nlm-nih-gov.ez6.periodicos.capes.gov.br,TRUE
pubmed-ncbi-nlm-nih-gov.ezproxy.unav.es,TRUE
wvphaseonestudies.emcbc.doe.gov,TRUE
www-mnd.qa.uscourts.gov,TRUE
acorn.fnal.gov,TRUE
dev-drc-usadata.opm.gov,TRUE
loris.ccr.cancer.gov,TRUE
pmc-ncbi-nlm-nih-gov.technion.idm.oclc.org,TRUE
pubmed-ncbi-nlm-nih-gov.ezproxy.brighton.ac.uk,TRUE
qa.jimmycarterlibrary.gov,TRUE
test2bhwnextgen.bhwenv.hrsa.gov,TRUE
tribute.pre.militaryonesource.mil,TRUE
womentech.net,TRUE
www-ncbi-nlm-nih-gov.us1.proxy.openathens.net,TRUE
biocollections-stage.ars.usda.gov,TRUE
cic-staging.gsa.gov,TRUE
pmc-ncbi-nlm-nih-gov.ez433.periodicos.capes.gov.br,TRUE
pmc-ncbi-nlm-nih-gov.ez9.periodicos.capes.gov.br,TRUE
publicwebcmslegacy.prod.acquia-sites.com,TRUE
pubmed-1ncbi-1nlm-1nih-1gov-1v67xgbxp0013.mhh.hh-han.com,TRUE
sos-data.woc.noaa.gov,TRUE
sunearthday.nasa.gov,TRUE
647trc-kinetics.boulder.nist.gov,TRUE
cg-4ade7cd3-a036-4fb7-b1d5-bcef64cb3ddf.sites.pages.cloud.gov,TRUE
chinstrap.pmel.noaa.gov,TRUE
www-nsf-gov.translate.goog,TRUE
desiblitz.com,TRUE
epa-eis2.oaqpscloud.com,TRUE
phi.nssl.noaa.gov,TRUE
pmc-ncbi-nlm-nih-gov.ezproxy.waterfield.murraystate.edu,TRUE
pmc-ncbi-nlm-nih-gov.libproxy.library.wmich.edu,TRUE
pubmed-ncbi-nlm-nih-gov.library.collin.edu,TRUE
resjournals.onlinelibrary.wiley.com,TRUE
sit-forum.earthdata.nasa.gov,TRUE
alpha.cms.adsd.census.gov,TRUE
cov.bie.edu,TRUE
data.nublado.org,TRUE
digital-gov.translate.goog,TRUE
ibselectronics.com,TRUE
patentsview.org,TRUE
pmc-ncbi-nlm-nih-gov.proxy.lib.sfu.ca,TRUE
pmc-ncbi-nlm-nih-gov.uhsp.idm.oclc.org,TRUE
igsafp428sr128.er.usgs.gov,TRUE
pac.fnal.gov,TRUE
pmc-ncbi-nlm-nih-gov.ez154.periodicos.capes.gov.br,TRUE
strategicplan.jsc.nasa.gov,TRUE
biovest.ornl.gov,TRUE
fermilabcommunity.org,TRUE
moovitapp.com,TRUE
pmc-ncbi-nlm-nih-gov.proxy.library.cornell.edu,TRUE
sroc.usajobs.gov,TRUE
www-ncbi-nlm-nih-gov.proxy.lib.uwaterloo.ca,TRUE
www-ncbi-nlm-nih-gov.proxy.uchicago.edu,TRUE
scott.af.mil,TRUE
cms-sesjobs.usajobs.gov,TRUE
sipse.com,TRUE
starchild-gsfc-nasa-gov.translate.goog,TRUE
swfsc.github.io,TRUE
teatro.it,TRUE
pubmed-ncbi-nlm-nih-gov.ezproxy.lib.uh.edu,TRUE
pubmed-ncbi-nlm-nih-gov.lib.khnmcproxy.kr,TRUE
stg.arts.gov,TRUE
toursbylocals.com,TRUE
www-ready-gov.translate.goog,TRUE
marsoc.marines.mil,TRUE
aka-hhs.gov,TRUE
modac.cancer.gov,TRUE
psnet-ahrq-gov.translate.goog,TRUE
pubmed-ncbi-nlm-nih-gov.ez488.periodicos.capes.gov.br,TRUE
pubmed-ncbi-nlm-nih-gov.ezproxy2.library.colostate.edu,TRUE
www-ncbi-nlm-nih-gov.ezp2.lib.umn.edu,TRUE
www-ncbi-nlm-nih-gov.lib-proxy.fullerton.edu,TRUE
demographics-icf.gcn.militaryonesource.mil,TRUE
ecps-qa.nih.gov,TRUE
pmc-ncbi-nlm-nih-gov.aurarialibrary.idm.oclc.org,TRUE
pmc-ncbi-nlm-nih-gov.libproxy.umflint.edu,TRUE
pmc-ncbi-nlm-nih-gov.oregonstate.idm.oclc.org,TRUE
pubmed-ncbi-nlm-nih-gov.ez116.periodicos.capes.gov.br,TRUE
whiteman.af.mil,TRUE
californiapsychics.com,TRUE
jem-journal.com,TRUE
neoflow.pnnl.gov,TRUE
pmc-ncbi-nlm-nih-gov.cmi.idm.oclc.org,TRUE
pubmed-ncbi-nlm-nih-gov.ez88.periodicos.capes.gov.br,TRUE
asean-usmission-gov.translate.goog,TRUE
dapr.ornl.gov,TRUE
omocoro.jp,TRUE
pmc-ncbi-nlm-nih-gov.mime.uit.no,TRUE
programmatic-events.pnnl.gov,TRUE
qas.unicor.gov,TRUE
sandia.gov,TRUE
ahrq-stage.ahrq.gov,TRUE
cvo-valve.wr.usgs.gov,TRUE
jrc.bie.edu,TRUE
pubmed-ncbi-nlm-nih-gov-ssl.openlink.sookmyung.ac.kr,TRUE
ttp-cbp-dhs-gov.translate.goog,TRUE
maxwell.af.mil,TRUE
goodlookslikethis.com,TRUE
livelo.com.br,TRUE
pmc-ncbi-nlm-nih-gov.akin.css.edu,TRUE
pmc-ncbi-nlm-nih-gov.libproxy.berkeley.edu,TRUE
pmc-ncbi-nlm-nih-gov.tudelft.idm.oclc.org,TRUE
pubmed-ncbi-nlm-nih-gov.kb.ezproxy4.sg.ch,TRUE
superpharmacyplus.com.au,TRUE
akaqa1-ion-hhs.gov,TRUE
pmc-ncbi-nlm-nih-gov.proxybibl.vgregion.se,TRUE
visstaging.globe.gov,TRUE
afgsc.af.mil,TRUE
trumanlibrary.gov,TRUE
clinical-qa.datacommons.cancer.gov,TRUE
pmc-ncbi-nlm-nih-gov.ezproxy.med.cornell.edu,TRUE
site7.meridian.soar.qvine.com,TRUE
stg2.fincen.gov,TRUE
www-georgewbushlibrary-gov.translate.goog,TRUE
247wallst.com,TRUE
bep.usajobs.gov,TRUE
d1x3602rzo2kiw.cloudfront.net,TRUE
edit.dhs.gov,TRUE
hg-review.communicatehealth.com,TRUE
ic3.services,TRUE
jfklibrary-n5hlzvl0zg1u4jlplix4jdumletb5xm9.tugboatqa.com,TRUE
nanoscience.llnl.gov,TRUE
pmc-ncbi-nlm-nih-gov.dml.regis.edu,TRUE
pmc-ncbi-nlm-nih-gov.lib-proxy.fullerton.edu,TRUE
afcent.af.mil,TRUE
130.14.65.157,TRUE
confluence.imp.cms.gov,TRUE
pmc-ncbi-nlm-nih-gov.bris.idm.oclc.org,TRUE
viajesfalabella.cl,TRUE
www3.livelo.com.br,TRUE
411.com,TRUE
ideas-digitaltwin.jpl.nasa.gov,TRUE
openpaymentsystem.cms.gov,TRUE
pk.trip.com,TRUE
suruga-ya.jp,TRUE
blscompdataorigin1.bls.gov,TRUE
files.nccih.nih.gov,TRUE
general-qa2.datacommons.cancer.gov,TRUE
pubmed-ncbi-nlm-nih-gov.libraryproxy.griffith.edu.au,TRUE
www-d.ofia.gov,TRUE
xiaomitoday.it,TRUE
fabletics.com,TRUE
household-survey-s.fdic.gov,TRUE
hsa-sbx-09.amer.reisystems.com,TRUE
pmc-ncbi-nlm-nih-gov.ucc.idm.oclc.org,TRUE
prescancerpanel-cms.cancer.gov,TRUE
preview.nihms.nih.gov,TRUE
qa.trumanlibrary.gov,TRUE
staging.hescore.labworks.org,TRUE
uat.smart.ojp.gov,TRUE
pmc-ncbi-nlm-nih-gov.libproxy.lib.csusb.edu,TRUE
pubmed-ncbi-nlm-nih-gov.ez475.periodicos.capes.gov.br,TRUE
pubmed-ncbi-nlm-nih-gov.gonzaga.idm.oclc.org,TRUE
pubmed-ncbi-nlm-nih-gov.hbkulib.idm.oclc.org,TRUE
bioinformatics.niaid.nih.gov,TRUE
drupal-staging.goesr.woc.noaa.gov,TRUE
hk-consulate.mwp.usembassy.gov,TRUE
prastandards.sandia.gov,TRUE
pso-stage.ahrq.gov,TRUE
samples.moonshotbiobank.cancer.gov,TRUE
sis.bie.edu,TRUE
www-ncbi-nlm-nih-gov.ezproxy.inn.no,TRUE
aflcmc.af.mil,TRUE
evidation.com,TRUE
pic-demo-frontend.app.cloud.gov,TRUE
pubmed-ncbi-nlm-nih-gov-ssl.uhlib.schmc.ac.kr,TRUE
www-tsunami-gov.translate.goog,TRUE
art.fnal.gov,TRUE
fieldterminal.nesdis.noaa.gov,TRUE
gdo148.llnl.gov,TRUE
hudoig.usajobs.gov,TRUE
login-research4life-org.eu1.proxy.openathens.net,TRUE
pubmed-ncbi-nlm-nih-gov.maproxy.palni.edu,TRUE
pubmed-ncbi-nlm-nih-gov.virtual.anu.edu.au,TRUE
graphic.com.gh,TRUE
pubmed-ncbi-nlm-nih-gov.kirams.libproxy.co.kr,TRUE
pubmed-ncbi-nlm-nih-gov.ssuproxy.mnpals.net,TRUE
www-ncbi-nlm-nih-gov.lproxy.pusan.ac.kr,TRUE
content.niaaa.nih.gov,TRUE
ghsc.code-pages.usgs.gov,TRUE
uat.bja.ojp.gov,TRUE
www-federalregister-gov.translate.goog,TRUE
ndpp-ops-center.cdc.gov,TRUE
packagingstrategies.com,TRUE
pfabankfindui-q.app.cloud.gov,TRUE
sbir-cms.cancer.gov,TRUE
transmission-library.pnnl.gov,TRUE
veaul.com,TRUE
www-ncbi-nlm-nih-gov.lsuhscno.idm.oclc.org,TRUE
travis.af.mil,TRUE
70423e.claudeassets.com,TRUE
id.trip.com,TRUE
pmc-ncbi-nlm-nih-gov.uri.idm.oclc.org,TRUE
bootcamp.navy.mil,TRUE
fragrancenet.com,TRUE
gsa-geo--geofl2dvp.sandbox.my.site.com,TRUE
openpaymentssystem.cms.gov,TRUE
pmc-ncbi-nlm-nih-gov.ezproxy.ub.gu.se,TRUE
app-test1-dcc.ed.gov,TRUE
localhelp.healthcare.gov,TRUE
nca.tandfonline.com,TRUE
ncbi.lasallebajio.elogim.com,TRUE
preview.climate.gov,TRUE
pubmed-ncbi-nlm-nih-gov.ez182.periodicos.capes.gov.br,TRUE
surveillance-cancer.st.beta.imsweb.com,TRUE
synack.us,TRUE
www569.dev01.imsweb.com,TRUE
edu-is-possible.schoolduck.site,TRUE
epilepsybehavior.com,TRUE
mccywg.marines.mil,TRUE
pmc-ncbi-nlm-nih-gov.db.ub.oru.se,TRUE
staging-health.mil,TRUE
t.cdc.gov,TRUE
train2.reginfo.gov,TRUE
www-nhtsa-gov.translate.goog,TRUE
blast-ncbi-nlm-nih-gov.eproxy.lib.hku.hk,TRUE
carrieruat.opm.gov,TRUE
earthexplorer-usgs-gov.translate.goog,TRUE
pubmed-ncbi-nlm-nih-gov.libproxykel.cgmh.org.tw,TRUE
pubmed-ncbi-nlm-nih-gov.umasslowell.idm.oclc.org,TRUE
pubmed-ncbi-nlm-nih-gov.uwyo.idm.oclc.org,TRUE
wires.onlinelibrary.wiley.com,TRUE
statesman.com,TRUE
arinvestments.cdc.gov,TRUE
covidreliefdata.ed.gov,TRUE
enh.qa.bidenlibrary.gov,TRUE
pmc-ncbi-nlm-nih-gov.wvu.idm.oclc.org,TRUE
afimsc.af.mil,TRUE
fastweb.acc.inl.gov,TRUE
pmc-ncbi-nlm-nih-gov.kb.ezproxy1.sg.ch,TRUE
spaceradiation.larc.nasa.gov,TRUE
ahed.smce.nasa.gov,TRUE
beautyworksonline.com,TRUE
icor.eoir.justice.gov,TRUE
odsrmst.od.nih.gov,TRUE
pubmed.vpn.xstsg.top,TRUE
wave.webaim.org,TRUE
honorary-awards.nsf.gov,TRUE
lib1-fx.fjmu.edu.cn,TRUE
library.fnal.gov,TRUE
pmc-ncbi-nlm-nih-gov.proxy.library.brocku.ca,TRUE
noaa.gov,TRUE
nbeads.com,TRUE
nesr-uat.kwaps.platform.usda.gov,TRUE
reaganlibrary.getanchor.io,TRUE
www-ncbi-nlm-nih-gov.beilinson.portium.org,TRUE
csi.pnnl.gov,TRUE
hypotenuse.ai,TRUE
jroc.ext.jpl.net,TRUE
pmc-ncbi-nlm-nih-gov.ezproxy-f.deakin.edu.au,TRUE
pubmed-ncbi-nlm-nih-gov.libproxy.mit.edu,TRUE
rol.sandia.gov,TRUE
utires.com,TRUE
vertex.aal.mil,TRUE
airuniversity.af.edu,TRUE
warren.af.mil,TRUE
zazzle.co.jp,TRUE
admin.coastalscience.noaa.gov,TRUE
ai-toolkit.xd.gov,TRUE
emaps.ed.gov,TRUE
md.mwp.usembassy.gov,TRUE
mykonos.sandia.gov,TRUE
pmc-ncbi-nlm-nih-gov.merlin.u-picardie.fr,TRUE
pubmed-ncbi-nlm-nih-gov.bridgeport.proxy.liblynxgateway.com,TRUE
topotools.cr.usgs.gov,TRUE
armymwr.com,TRUE
aps.portal.cms.gov,TRUE
att.com,TRUE
blast.r2.genedigtech.cloud,TRUE
computercablestore.com,TRUE
curate.ccr.cancer.gov,TRUE
data.h-mat.org,TRUE
eric-ed-gov.mantis.csuchico.edu,TRUE
exchange_int.energy.gov,TRUE
sdmmag.com,TRUE
usaidoig-inv.secureocp.com,TRUE
www-ncbi-nlm-nih-gov.proxy.library.vanderbilt.edu,TRUE
www-nemi-gov.translate.goog,TRUE
english.ahram.org.eg,TRUE
heliodata-staging.heliophysics.net,TRUE
msqs.gsfc.nasa.gov,TRUE
pmc-ncbi-nlm-nih-gov.libproxy.kongju.ac.kr,TRUE
pubmed-ncbi-nlm-nih-gov.my.wvsom.edu,TRUE
www-ncbi-nlm-nih-gov.unimib.idm.oclc.org,TRUE
jpedsurg.org,TRUE
l0dup05.larc.nasa.gov,TRUE
afmc.af.mil,TRUE
search-nal-usda-gov.pbidi.unam.mx,TRUE
tes.com,TRUE
www-nationalmuseum-af-mil.translate.goog,TRUE
caninecommons-qa.cancer.gov,TRUE
ehss.energy.gov,TRUE
pmc-ncbi-nlm-nih-gov.glos.idm.oclc.org,TRUE
pmc-ncbi-nlm-nih-gov.proxy.unisanitas.edu.co,TRUE
pubmed-ncbi-nlm-nih-gov.libra.kdh.or.kr,TRUE
uat.nij.ojp.gov,TRUE
edges.nist.gov,TRUE
justiceadj.com,TRUE
pmc-ncbi-nlm-nih-gov.proxy.libraries.rutgers.edu,TRUE
srr.bie.edu,TRUE
technology-stage.nasawestprime.com,TRUE
ajconline.org,TRUE
authorarranger.nci.nih.gov,TRUE
biz.moneyforward.com,TRUE
dceg-cms.cancer.gov,TRUE
hrsauat2.amer.reisystems.com,TRUE
mnd-admin.jdc.ao.dcn,TRUE
officialbillstore.com,TRUE
pmc-ncbi-nlm-nih-gov.ez14.periodicos.capes.gov.br,TRUE
www-ncbi-nlm-nih-gov.ezproxy1.lib.asu.edu,TRUE
nab.usace.army.mil,TRUE
cesdataorigin1.bls.gov,TRUE
exascaleage.org,TRUE
fptshop.com.vn,TRUE
int-my.ttb.gov,TRUE
ncw.acf.gov,TRUE
tmp.ertcorp.com,TRUE
tropo.gsfc.nasa.gov,TRUE
www-hhs-gov.offcampus.lib.washington.edu,TRUE
www-ncbi-nlm-nih-gov.libproxy.berkeley.edu,TRUE
dfc.gov,TRUE
cfsanappsexternal.fda.gov,TRUE
pmc-ncbi-nlm-nih-gov.stanford.idm.oclc.org,TRUE
pubmed-ncbi-nlm-nih-gov.ezproxyemc.flo.org,TRUE
seasonal-nps.usajobs.gov,TRUE
staging.askearn.org,TRUE
ugm.hpc.mil,TRUE
saj.usace.army.mil,TRUE
face.nist.gov,TRUE
mrporter.com,TRUE
pmc-ncbi-nlm-nih-gov.wake.idm.oclc.org,TRUE
pubmed-ncbi-nlm-nih-gov.ezp1.villanova.edu,TRUE
wicworks.fns.usda.gov,TRUE
www-ncbi-nlm-nih-gov.ezproxy.lib.torontomu.ca,TRUE
misawa.af.mil,TRUE
food-safety.com,TRUE
mobile-d9.mapsandbox.net,TRUE
ncit.nci.nih.gov,TRUE
prmts.epa.gov,TRUE
pubmed-ncbi-nlm-nih-gov.uccs.idm.oclc.org,TRUE
www-ncbi-nlm-nih-gov.lib-ezproxy.concordia.ca,TRUE
cto-develop.go-vip.net,TRUE
foia.marines.mil,TRUE
jfklibrary-hxrpxfv8s8ybcwul75ttmfvjjmvj9dzc.tugboatqa.com,TRUE
pmc-ncbi-nlm-nih-gov.ezproxy-b.deakin.edu.au,TRUE
vn.mwp.usembassy.gov,TRUE
www-ncbi-nlm-nih-gov.libproxy.usouthal.edu,TRUE
chron.com,TRUE
b2b.foleja.com,TRUE
cbp-hrm--crsrcrtuat.sandbox.my.site.com,TRUE
csi.pnl.gov,TRUE
eic.ports.pppo.gov,TRUE
fagov-stg.state.gov,TRUE
fermireporting.fnal.gov,TRUE
ferris.edu,TRUE
foodsafetycareers.usajobs.gov,TRUE
photojournal.jpl.nasa.gov,TRUE
pink.aoml.noaa.gov,TRUE
pubmed-ncbi-nlm-nih-gov.akronchildrens.ohionet.org,TRUE
marcorsyscom.marines.mil,TRUE
vandenberg.spaceforce.mil,TRUE
www528-scan.imsweb.com,TRUE
ajph.aphapublications.org,TRUE
chromtech.com,TRUE
es.ubook.com,TRUE
pmc-ncbi-nlm-nih-gov.kims.kmu.ac.kr,TRUE
pubmed-ncbi-nlm-nih-gov.pcjic.basesdedatosezproxy.com,TRUE
pubmed-ncbi-nlm-nih-gov.stproxy.palni.edu,TRUE
vendorportal.fbijobs.gov,TRUE
www-ncbi-nlm-nih-gov.vghtpe.idm.oclc.org,TRUE
d16cua8kkz97mx.cloudfront.net,TRUE
data-beta.usgs.gov,TRUE
gdo-wintap.llnl.gov,TRUE
ru.mwp.usembassy.gov,TRUE
tviswrstd.digitalinfuzion.com,TRUE
navy.mil,TRUE
129.164.142.42,TRUE
ace-accounts-d6.cbp.gov,TRUE
akastage5-ion-hhs.gov,TRUE
dfcstudentsandrecentgrads.usajobs.gov,TRUE
nioshsciencepolicy.cdc.gov,TRUE
pmc-ncbi-nlm-nih-gov.dlsw.tzuchi-healthcare.org.tw,TRUE
pmc-ncbi-nlm-nih-gov.ermg.femh.org.tw,TRUE
pmc-ncbi-nlm-nih-gov.ez68.periodicos.capes.gov.br,TRUE
pmc-ncbi-nlm-nih-gov.ez78.periodicos.capes.gov.br,TRUE
pmc-ncbi-nlm-nih-gov.lhs.idm.oclc.org,TRUE
uat2egrants.cns.gov,TRUE
lejeune.marines.mil,TRUE
www205.dev02.imsweb.com,TRUE
asi.inl.gov,TRUE
ejscreen.ejanalysis.com,TRUE
history.nasa.gov,TRUE
poca-public.preprod.fda.gov,TRUE
seer-cancer.st.uat.imsweb.com,TRUE
www-ncbi-nlm-nih-gov-ssl.libproxy.snu.ac.kr,TRUE
osan.af.mil,TRUE
jbc.org,TRUE
llns-champ.llnl.gov,TRUE
pegasis.pad.pppo.gov,TRUE
pmc-ncbi-nlm-nih-gov.ez74.periodicos.capes.gov.br,TRUE
saulttribe.nsopw.gov,TRUE
stg-intranethhs.cloud.hhs.gov,TRUE
test4bhwnextgen.bhwenv.hrsa.gov,TRUE
vce.com.ua,TRUE
wgc.jpl.nasa.gov,TRUE
www-ncbi-nlm-nih-gov.ez.srv.meduniwien.ac.at,TRUE
jble.af.mil,TRUE
aurum.solutions,TRUE
cybersecurity-atwork.fnal.gov,TRUE
fix.com,TRUE
planetarymaps.usgs.gov,TRUE
pmc-ncbi-nlm-nih-gov.ep.bib.mdh.se,TRUE
pubmed-ncbi-nlm-nih-gov-ssl.ymlproxy.yonsei.ac.kr,TRUE
pubmed-ncbi-nlm-nih-gov.aecc.idm.oclc.org,TRUE
pubmed-ncbi-nlm-nih-gov.glos.idm.oclc.org,TRUE
firejobs.doi.gov,TRUE
nwrfc.noaa.gov,TRUE
cdcphsofficers.usajobs.gov,TRUE
d10.qa.bush41library.gov,TRUE
main.d2zsgmcacmp7qp.amplifyapp.com,TRUE
mtrac.nichd.nih.gov,TRUE
nessadmin.ntis.gov,TRUE
pmc-ncbi-nlm-nih-gov.vdic.idm.oclc.org,TRUE
profiles-nlm-nih-gov.translate.goog,TRUE
pubmed-ncbi-nlm-nih-gov.ccnm.idm.oclc.org,TRUE
pubmed-ncbi-nlm-nih-gov.ez416.periodicos.capes.gov.br,TRUE
stage-amc.syndromicsurveillance.org,TRUE
watchonista.com,TRUE
mims.doe.gov,TRUE
ndc-services-cdc-gov.translate.goog,TRUE
nsidc-local.nsidc.org,TRUE
pubmed-ncbi-nlm-nih-gov.ezproxy.hnu.de,TRUE
sfb.dodlive.mil,TRUE
techpubs.fnal.gov,TRUE
www-ncbi-nlm-nih-gov.shh.idm.oclc.org,TRUE
mcasiwakuni.marines.mil,TRUE
niwcatlantic.navy.mil,TRUE
coast-noaa-gov.translate.goog,TRUE
ctsu-unit.cancer.gov,TRUE
doecapasp.projectenhancement.com,TRUE
pubmed.r2.genedigtech.cloud,TRUE
stemgateway-nasa-gov.translate.goog,TRUE
www-ncbi-nlm-nih-gov.ezproxy.neu.edu,TRUE
eddataexpress.stage.ed.gov,TRUE
idcfarsorigin1.bls.gov,TRUE
net-a-porter.com,TRUE
prs-beta-testing.clinicaltrials.gov,TRUE
storms.sandia.gov,TRUE
tsaenrollmentbyidemia-tsa-dhs-gov.translate.goog,TRUE
www-ncbi-nlm-nih-gov.ccl.idm.oclc.org,TRUE
c3carecarcenter.com,TRUE
hinode.msfc.nasa.gov,TRUE
housing.llnl.gov,TRUE
pmc-ncbi-nlm-nih-gov.ez82.periodicos.capes.gov.br,TRUE
pmc-ncbi-nlm-nih-gov.ezproxy.uef.fi,TRUE
prod-esi-api.orr.noaa.gov,TRUE
pubmed-ncbi-nlm-nih-gov.carrollu.idm.oclc.org,TRUE
rrb.bie.edu,TRUE
usapuat.opm.gov,TRUE
wrairafrica.health.mil,TRUE
www-ncbi-nlm-nih-gov.srv-proxy2.library.tamu.edu,TRUE
timesunion.com,TRUE
collections.awsint.nlm.nih.gov,TRUE
pmc-ncbi-nlm-nih-gov.byu.idm.oclc.org,TRUE
pmc-ncbi-nlm-nih-gov.proxyiub.uits.iu.edu,TRUE
store.alpen-group.jp,TRUE
acquia-test-fra.dot.gov,TRUE
hmddirectory.nlm.nih.gov,TRUE
leevalley.com,TRUE
pediatricnursing.org,TRUE
pmc-ncbi-nlm-nih-gov.proxy.binghamton.edu,TRUE
pubmed-ncbi-nlm-nih-gov.ez280.periodicos.capes.gov.br,TRUE
pubmed-ncbi-nlm-nih-gov.ezproxy.lib.lehigh.edu,TRUE
urbania.ca,TRUE
www-tsunami-noaa-gov.translate.goog,TRUE
collab.lanl.gov,TRUE
gambyl.com,TRUE
gt.ubook.com,TRUE
nioshtcm.cdc.gov,TRUE
npic-sso.rightanswers.com,TRUE
pubmed-ncbi-nlm-nih-gov.ezproxy.tcu.edu,TRUE
www-energystar-gov.translate.goog,TRUE
xraise.sandia.gov,TRUE
800-63-4-implementation-resources-1ce0d8.ipages.nist.gov,TRUE
compare.iprice.my,TRUE
dev-cdp.ctas.dhs.gov,TRUE
lps3.pubmed.ncbi.nlm.nih.gov.proxy.dsmc.or.kr,TRUE
lyfta.com,TRUE
pubmed-ncbi-nlm-nih-gov.ncnm.idm.oclc.org,TRUE
soundhouse.co.jp,TRUE
stg2.treasury.gov,TRUE
suburfurniture.com,TRUE
blast-ncbi-nlm-nih-gov.virtual.anu.edu.au,TRUE
hothcd3.health.mil,TRUE
networx-agency-pricer.eos.gsa.gov,TRUE
newlook.com,TRUE
pmc-ncbi-nlm-nih-gov.ez88.periodicos.capes.gov.br,TRUE
pmc-ncbi-nlm-nih-gov.leidenuniv.idm.oclc.org,TRUE
preview.state.gov,TRUE
shoshonepaiute.nsopw.gov,TRUE
www-cpc-ncep-noaa-gov.translate.goog,TRUE
www-nrc-gov.translate.goog,TRUE
ccdi-qa.cancer.gov,TRUE
combomatch-uat.nci.nih.gov,TRUE
fsis-prod.fsis.usda.gov,TRUE
glamot.de,TRUE
pmc-ncbi-nlm-nih-gov.ezp.oamk.fi,TRUE
pubmed-ncbi-nlm-nih-gov.ezproxy.uca.fr,TRUE
pubmed-ncbi-nlm-nih-gov.spuh.idm.oclc.org,TRUE
pubmed-ncbi-nlm-nih-gov.thielcollege.idm.oclc.org,TRUE
treasurydirect.fiscal.treasury.gov,TRUE
www-trumanlibrary-gov.translate.goog,TRUE
aev.class.noaa.gov,TRUE
pia.army.mil,TRUE
pmc-ncbi-nlm-nih-gov.newproxy.downstate.edu,TRUE
pubmed-ncbi-nlm-nih-gov.cmedeastlibrary.idm.oclc.org,TRUE
pubmed-ncbi-nlm-nih-gov.onu.ohionet.org,TRUE
pubmed-ncbi-nlm-nih-gov.proxy-su.researchport.umd.edu,TRUE
uz.mwp.usembassy.gov,TRUE
edit.fema.gov,TRUE
ehpa2.dev2.cstreetsandbox.com,TRUE
ingidevec.pages.dev,TRUE
sclccelllines.cancer.gov,TRUE
phil.cdc.gov,TRUE
pubmed-ncbi-nlm-nih-gov.rambam.portium.org,TRUE
29palms.marines.mil,TRUE
bsee.gov,TRUE
imagine-gsfc-nasa-gov.translate.goog,TRUE
internal-gamut-review-21809222.us-gov-west-1.elb.amazonaws.com,TRUE
pmc-ncbi-nlm-nih-gov.ezproxy.icr.ac.uk,TRUE
pubmed-ncbi-nlm-nih-gov.libproxy.pknu.ac.kr,TRUE
pubmed-ncbi-nlm-nih-gov.liverpool.idm.oclc.org,TRUE
stage.api.data.gov,TRUE
uspp.usajobs.gov,TRUE
www-ncbi-nlm-nih-gov-ssl.libpro1.kku.ac.kr,TRUE
0-pmc-ncbi-nlm-nih-gov.innopac.wits.ac.za,TRUE
ajpmonline.org,TRUE
betacn-dnc.sns-beta.com,TRUE
metabolomics-sig.nih.gov,TRUE
pcimag.com,TRUE
pubmed-ncbi-nlm-nih-gov.ez75.periodicos.capes.gov.br,TRUE
pubmed-ncbi-nlm-nih-gov.meharry.idm.oclc.org,TRUE
stage-poboxes.usps.com,TRUE
www-ncbi-nlm-nih-gov.lecom.idm.oclc.org,TRUE
www-ncbi-nlm-nih-gov.proxy2.biblio.supsi.ch,TRUE
www-obamalibrary-gov.translate.goog,TRUE
wwwauthor.nichd.nih.gov,TRUE
140.172.244.60,TRUE
akatest5-ion-hhs.gov,TRUE
castore.com,TRUE
integration.glims.org,TRUE
ksa.motory.com,TRUE
pmc-ncbi-nlm-nih-gov.ezproxy.haifa.ac.il,TRUE
pmc-ncbi-nlm-nih-gov.libproxy.unl.edu,TRUE
pubmed-ncbi-nlm-nih-gov.ez168.periodicos.capes.gov.br,TRUE
pubmed-ncbi-nlm-nih-gov.sussex.idm.oclc.org,TRUE
roofingcontractor.com,TRUE
vpn-lib.tasmc.org.il,TRUE
robins.af.mil,TRUE
asmepublications.onlinelibrary.wiley.com,TRUE
biospecs.emjj.me,TRUE
data.nal.usda.gov,TRUE
eviworkshop.anl.gov,TRUE
pmc-ncbi-nlm-nih-gov.ezproxy.univ-orleans.fr,TRUE
pubmed-ncbi-nlm-nih-gov.sphproxy.sph.org.tw,TRUE
ro.mwp.usembassy.gov,TRUE
test-seafoodinspection.nmfs.noaa.gov,TRUE
vpm.org,TRUE
www-ncbi-nlm-nih-gov.e.bibl.liu.se,TRUE
yvo-valve.wr.usgs.gov,TRUE
cyberpuerta.mx,TRUE
fr.mwp.usembassy.gov,TRUE
otdefender.inl.gov,TRUE
pmc-ncbi-nlm-nih-gov.libproxy.hallym.or.kr,TRUE
pmc-ncbi-nlm-nih-gov.vghtpe.idm.oclc.org,TRUE
pubmed-ncbi-nlm-nih-gov.opsu.idm.oclc.org,TRUE
vbaoak.usajobs.gov,TRUE
eeadmin.cr.usgs.gov,TRUE
irpseminar.wip.nlm.nih.gov,TRUE
neh8stg.prod.acquia-sites.com,TRUE
pmc-ncbi-nlm-nih-gov.proxy.dsmc.or.kr,TRUE
rnajunction.cancer.gov,TRUE
stormscdn.ngs.noaa.gov,TRUE
toolcatalog.nist.gov,TRUE
www-ncbi-nlm-nih-gov.ezproxy.u-pec.fr,TRUE
www-ncbi-nlm-nih-gov.libproxy.nau.edu,TRUE
boem.gov,TRUE
nsw.navy.mil,TRUE
cdc.socrata.com,TRUE
ironmongeryexperts.co.uk,TRUE
physoc.onlinelibrary.wiley.com,TRUE
pubmed-ncbi-nlm-nih-gov.ez23.periodicos.capes.gov.br,TRUE
www-ncbi-nlm-nih-gov.ezproxy.ub.gu.se,TRUE
acqweb.staging.acqebiz.mil,TRUE
blast-ncbi-nlm-nih-gov.acces.bibl.ulaval.ca,TRUE
campd-perf.app.cloud.gov,TRUE
communitycountsdataviz.cdc.gov,TRUE
enforcedata.dol.gov,TRUE
nro-sandbox.dod.afpims.mil,TRUE
training-fema-gov.translate.goog,TRUE
trainingcred.com,TRUE
vawv-gis.usgs.gov,TRUE
205.254.131.189,TRUE
class.noaa.gov,TRUE
craftelier.com,TRUE
doe417.energy.gov,TRUE
go.nasa.gov,TRUE
mdcthcbsval.cms.gov,TRUE
nuc1.inl.gov,TRUE
pmc-ncbi-nlm-nih-gov.passerelle.univ-rennes.fr,TRUE
pmc-ncbi-nlm-nih-gov.sussex.idm.oclc.org,TRUE
pmc-ncbi-nlm-nih-gov.uhcl.idm.oclc.org,TRUE
pubmed-ncbi-nlm-nih-gov.berlioz.brandonu.ca,TRUE
respondentsd.bls.gov,TRUE
usembassy-sa.com,TRUE
bcrisktool-cancer-gov.translate.goog,TRUE
bec.sba.gov,TRUE
opmoig.usajobs.gov,TRUE
pubmed-ncbi-nlm-nih-gov.liblink.uncw.edu,TRUE
creoate.com,TRUE
doiu.doi-gov.docksal.site,TRUE
pmc-ncbi-nlm-nih-gov.ez86.periodicos.capes.gov.br,TRUE
pmc-ncbi-nlm-nih-gov.neomed.idm.oclc.org,TRUE
prx-keiser.lirn.net,TRUE
snackandbakery.com,TRUE
wampanoag.nsopw.gov,TRUE
iimef.marines.mil,TRUE
joltsdataorigin1.bls.gov,TRUE
ncif-staging.ncifcrf.gov,TRUE
pen.org,TRUE
retreat.nichd.nih.gov,TRUE
sbuv.gsfc.nasa.gov,TRUE
studentaid-gov.translate.goog,TRUE
www-ncbi-nlm-nih-gov.cuml1.md.chula.ac.th,TRUE
akadev-ion-hhs.gov,TRUE
clinicalcommons-stage.ccdi.cancer.gov,TRUE
etoffe.com,TRUE
healthkart.com,TRUE
kr.mwp.usembassy.gov,TRUE
pmc-ncbi-nlm-nih-gov.ez50.periodicos.capes.gov.br,TRUE
testdhssans.nvmc.uscg.gov,TRUE
app-eus2npbeamchemm.azurewebsites.net,TRUE
cytrics.inl.gov,TRUE
or.water.usgs.gov,TRUE
pubmed-ncbi-nlm-nih-gov-ssl.medlib.seoulmc.or.kr,TRUE
pubmed-ncbi-nlm-nih-gov.proxy-bu1.ube.fr,TRUE
pubmed-ncbi-nlm-nih-gov.regiscollege.idm.oclc.org,TRUE
pubmed-ncbi-nlm-nih-gov.uea.idm.oclc.org,TRUE
192.111.123.173,TRUE
crisisnextdoor.trumpwhitehouse.archives.gov,TRUE
eipconline.com,TRUE
grsp-dev-windows-eastus-as-cancer.azurewebsites.net,TRUE
ch.mwp.usembassy.gov,TRUE
desk-apex.nci.nih.gov,TRUE
java.epa.gov,TRUE
leb.emjj.me,TRUE
sbir-prod-acsf.cancer.gov,TRUE
trainingorigin1.bls.gov,TRUE
www-ncbi-nlm-nih-gov.ezproxy.unibo.it,TRUE
dyess.af.mil,TRUE
cbexpress.acf.hhs.gov,TRUE
draft.srivaishnavam.org.au,TRUE
pmc-ncbi-nlm-nih-gov.ezproxy.utica.edu,TRUE
pmc-ncbi-nlm-nih-gov.libproxy.boisestate.edu,TRUE
pubmed-ncbi-nlm-nih-gov.bibaccess.haw-landshut.de,TRUE
account-ncbi-nlm-nih-gov.ezproxy.cul.columbia.edu,TRUE
account-ncbi-nlm-nih-gov.offcampus.lib.washington.edu,TRUE
beta.sciencebase.gov,TRUE
californiayrtc.usajobs.gov,TRUE
cl.mwp.usembassy.gov,TRUE
dz.mwp.usembassy.gov,TRUE
stg.justice.gov,TRUE
www-ncbi-nlm-nih-gov.ezproxy.server.hv.se,TRUE
gsa.gov,TRUE
msed.nist.gov,TRUE
uspto.gov,TRUE
agsjournals.onlinelibrary.wiley.com,TRUE
clubpatrimoine.com,TRUE
exceptionalchildren.org,TRUE
in-usembassy-gov.translate.goog,TRUE
jetpens.com,TRUE
plumguide.com,TRUE
pmc-ncbi-nlm-nih-gov.ez34.periodicos.capes.gov.br,TRUE
pubmed-ncbi-nlm-nih-gov.ez86.periodicos.capes.gov.br,TRUE
pubmed-ncbi-nlm-nih-gov.libproxy.smith.edu,TRUE
pubmed-ncbi-nlm-nih-gov.proxy.uwec.edu,TRUE
simplybusiness.co.uk,TRUE
stage.dcp.psc.gov,TRUE
www-uspreventiveservicestaskforce-org.translate.goog,TRUE
kaonavi.jp,TRUE
minutes.frtib.gov,TRUE
pa.mwp.usembassy.gov,TRUE
pk.mwp.usembassy.gov,TRUE
pubmed-ncbi-nlm-nih-gov.lgproxy.unicoc.edu.co,TRUE
pubmed-ncbi-nlm-nih-gov.proxy-ub.rug.nl,TRUE
usadata.opm.gov,TRUE
arpc.afrc.af.mil,TRUE
cooptima.org,TRUE
deaecom.gov,TRUE
pmc-ncbi-nlm-nih-gov.ezproxy.cardiffmet.ac.uk,TRUE
pubmed-ncbi-nlm-nih-gov.bzpflege.swissconsortium.ch,TRUE
qa-drc-usadata.opm.gov,TRUE
test2.srp.fas.gsa.gov,TRUE
testenoad.nvmc.uscg.gov,TRUE
testint.cbp.gov,TRUE
www-ncbi-nlm-nih-gov.ezp3.lib.umn.edu,TRUE
www-ncbi-nlm-nih-gov.proxyone.lis.nsysu.edu.tw,TRUE
ad-controls.fnal.gov,TRUE
aquabid.com,TRUE
bpspubs.onlinelibrary.wiley.com,TRUE
d2tuw16ob3s747.cloudfront.net,TRUE
pfabankfindui-d.app.cloud.gov,TRUE
pmc-ncbi-nlm-nih-gov.gsk.idm.oclc.org,TRUE
pmc-ncbi-nlm-nih-gov.pugetsound.idm.oclc.org,TRUE
pmc-ncbi-nlm-nih-gov.ukzn.idm.oclc.org,TRUE
sweetcare.pt,TRUE
www-ncbi-nlm-nih-gov.proxy2.library.illinois.edu,TRUE
apguru.com,TRUE
deveros.cr.usgs.gov,TRUE
pmc-ncbi-nlm-nih-gov.meir.portium.org,TRUE
pmc-ncbi-nlm-nih-gov.mlprox.csmc.edu,TRUE
populationsciences.datacommons.cancer.gov,TRUE
pubmed-ncbi-nlm-nih-gov.eresourcesptsl.ukm.remotexs.co,TRUE
mccsss.marines.mil,TRUE
akatest4-ion-hhs.gov,TRUE
eric-ed-gov.ezproxy.uwa.edu,TRUE
help.uat.usajobs.gov,TRUE
nuc-hazard-zones-beta.llnl.gov,TRUE
pmc-ncbi-nlm-nih-gov.ez2.periodicos.capes.gov.br,TRUE
pmc-ncbi-nlm-nih-gov.usu01.idm.oclc.org,TRUE
pubmed-ncbi-nlm-nih-gov.proxy-bu2.ube.fr,TRUE
tamilbrahmins.com,TRUE
tortoisedti.nichd.nih.gov,TRUE
ahwmpt-staging.app.cloud.gov,TRUE
cebsp11.niehs.nih.gov,TRUE
h-mat.org,TRUE
pg.ubook.com,TRUE
pubmed-ncbi-nlm-nih-gov.ezproxy.lib.purdue.edu,TRUE
www-eeoc-gov.translate.goog,TRUE
www-ncbi-nlm-nih-gov.ezproxy.fh-muenster.de,TRUE
akatest-ion-hhs.gov,TRUE
partsdr.com,TRUE
pmc-ncbi-nlm-nih-gov.dbproxy.umfiasi.ro,TRUE
pmc-ncbi-nlm-nih-gov.nottingham.idm.oclc.org,TRUE
pubmed-1ncbi-1nlm-1nih-1gov-100001a2r0105.han3.wum.edu.pl,TRUE
pubmed-ncbi-nlm-nih-gov.ez80.periodicos.capes.gov.br,TRUE
pubmed-ncbi-nlm-nih-gov.libproxy.txstate.edu,TRUE
rocketreach.co,TRUE
sit.geoplatform.info,TRUE
us-cert.gov,TRUE
www-cdc-gov.ezproxy.bu.edu,TRUE
zehenspiel.de,TRUE
gowork.pl,TRUE
montepy.jpl.nasa.gov,TRUE
nauticalcharts.ocs-aws-prod.net,TRUE
pubmed-ncbi-nlm-nih-gov-ssl.libproxy.duksung.ac.kr,TRUE
pubmed.uamanizales.elogim.com,TRUE
140.90.54.38,TRUE
198.128.246.202,TRUE
classaction.org,TRUE
jampar.com.pe,TRUE
pmc-ncbi-nlm-nih-gov.molloy.idm.oclc.org,TRUE
148.129.75.180,TRUE
dev-site.scorecard.network,TRUE
edit-ita.osha.gov,TRUE
myplate-prd.kwaps.platform.usda.gov,TRUE
pmc-ncbi-nlm-nih-gov.leedsbeckett.idm.oclc.org,TRUE
pmc-ncbi-nlm-nih-gov.moffitt.idm.oclc.org,TRUE
armyhealthfacilities.amedd.army.mil,TRUE
eisavpn.cbp.gov,TRUE
iubmb.onlinelibrary.wiley.com,TRUE
pmc-ncbi-nlm-nih-gov.ezgc.ez.cwmars.org,TRUE
quzo.co.uk,TRUE
testing.navcen.uscg.gov,TRUE
train.cms.doe.gov,TRUE
uat.rocis.gov,TRUE
wids-idsse-1,TRUE
www-ncbi-nlm-nih-gov.umassmed.idm.oclc.org,TRUE
1stmlg.marines.mil,TRUE
account-ncbi-nlm-nih-gov.ezproxy.u-paris.fr,TRUE
amjmed.com,TRUE
ceroacero.es,TRUE
datacatalog-qa.ccdi.cancer.gov,TRUE
eric-ed-gov.proxy.lib.odu.edu,TRUE
pmc-ncbi-nlm-nih-gov.ezproxy.udes.edu.co,TRUE
pubmed-ncbi-nlm-nih-gov-ssl.webgate.khu.ac.kr,TRUE
pubmed-ncbi-nlm-nih-gov.ezproxy.cmcc.ca,TRUE
staging-meps.ahrq.gov,TRUE
www-ncbi-nlm-nih-gov.umiss.idm.oclc.org,TRUE
grandforks.af.mil,TRUE
wwwdev7.fiscal.treasury.gov,TRUE
autotrader.co.nz,TRUE
edinburgh-reviews.co.uk,TRUE
flowers.ua,TRUE
pmc-ncbi-nlm-nih-gov.ezproxy.brighton.ac.uk,TRUE
pmc-ncbi-nlm-nih-gov.ezproxy2.utwente.nl,TRUE
radnet.epa.gov,TRUE
spud-stage.usgs.gov,TRUE
www-aoml-noaa-gov.translate.goog,TRUE
eric-ed-gov.caiuipr.idm.oclc.org,TRUE
feedback.opm.gov,TRUE
go.drugbank.com,TRUE
pmc-ncbi-nlm-nih-gov.ez31.periodicos.capes.gov.br,TRUE
pmc-ncbi-nlm-nih-gov.ezproxy.mdx.ac.uk,TRUE
pubmed-ncbi-nlm-nih-gov.wcmq.idm.oclc.org,TRUE
topobuilder-stage.nationalmap.gov,TRUE
wjjq.com,TRUE
www-navy-mil.translate.goog,TRUE
acquia-test-marad.dot.gov,TRUE
fdicsbank.com,TRUE
homes.com,TRUE
pmc-ncbi-nlm-nih-gov.ejproxy.a-star.edu.sg,TRUE
pmc-ncbi-nlm-nih-gov.ezproxy.is.cuni.cz,TRUE
pmc-ncbi-nlm-nih-gov.ezproxy.normandie-univ.fr,TRUE
pubmed-ncbi-nlm-nih-gov.mutex.gmu.edu,TRUE
pubmed-ncbi-nlm-nih-gov.ndr.aub.aau.dk,TRUE
pubmed-ncbi-nlm-nih-gov.proxybib.miun.se,TRUE
stagelandfire.cr.usgs.gov,TRUE
wordans.com,TRUE
usafe.af.mil,TRUE
flsm-consumer-floodsmart-beta.apps.os4.production.gcp-pivot.fema.net,TRUE
gosource.us,TRUE
homary.com,TRUE
installations-militaryonesource-mil.translate.goog,TRUE
national-systematics-lab.fisheries.noaa.gov,TRUE
omaostg.omao.noaa.gov,TRUE
pb-test-drive.dso.mil,TRUE
rivers.gov,TRUE
suns.sandia.gov,TRUE
www-transportation-gov.translate.goog,TRUE
consularone--testperf.sandbox.my.site.com,TRUE
machines4u.com.au,TRUE
pmc-ncbi-nlm-nih-gov.dproxy.library.dc-uoit.ca,TRUE
pmc-ncbi-nlm-nih-gov.gate.lib.buffalo.edu,TRUE
pmc-ncbi-nlm-nih-gov.wilkes.idm.oclc.org,TRUE
pubmed-ncbi-nlm-nih-gov.ezproxy.cancer.gov.co,TRUE
pubmed-ncbi-nlm-nih-gov.pearl.stkate.edu,TRUE
pubmed-ncbi-nlm-nih-gov.proxy.lib.ltu.se,TRUE
pubmed-ncbi-nlm-nih-gov.wa.opal-libraries.org,TRUE
sdwisstg.epa.gov,TRUE
search.job-applications.com,TRUE
story.consumerfinance.gov,TRUE
www-justthinktwice-gov.translate.goog,TRUE
goodfellow.af.mil,TRUE
akadev2-ion-hhs.gov,TRUE
devpki.treas.gov,TRUE
etnodim.com,TRUE
idcfutil.psb.bls.gov,TRUE
jendodon.com,TRUE
pmc-ncbi-nlm-nih-gov.proxy.campbell.edu,TRUE
pubmed-ncbi-nlm-nih-gov.archer.luc.edu,TRUE
pubmed-ncbi-nlm-nih-gov.umw.idm.oclc.org,TRUE
videoarchive.usgs.gov,TRUE
acamh.onlinelibrary.wiley.com,TRUE
apps-nefsc.fisheries.noaa.gov,TRUE
edit.osha.gov,TRUE
mooreboeck.com,TRUE
pmc-ncbi-nlm-nih-gov.elib.tcd.ie,TRUE
pmc-ncbi-nlm-nih-gov.ezproxy.tntech.edu,TRUE
prsint.ncbi.nlm.nih.gov,TRUE
pubmed-ncbi-nlm-nih-gov.ezproxy.zefat.ac.il,TRUE
www-fdic-gov.translate.goog,TRUE
www-ncbi-nlm-nih-gov.proxyonelk.flysheet.com.tw,TRUE
www-ncbi-nlm-nih-gov.sabidi.urv.cat,TRUE
amc.af.mil,TRUE
andersen.af.mil,TRUE
205.156.4.138,TRUE
agencyportal.usajobs.local,TRUE
blast.r1.genedigtech.cloud,TRUE
g5.gov,TRUE
pmc-ncbi-nlm-nih-gov.proxy.unice.fr,TRUE
preview-spot.weather.gov,TRUE
progressreport.st.beta.imsweb.com,TRUE
pubmed-ncbi-nlm-nih-gov.ezproxy.lib.uts.edu.au,TRUE
soluat.opm.gov,TRUE
staging.together.gov,TRUE
wetsuitoutlet.es,TRUE
www-staging.consumerfinance.gov,TRUE
hiv.lanl.gov,TRUE
charlies.co.uk,TRUE
conbio.onlinelibrary.wiley.com,TRUE
dev-tolnet.larc.nasa.gov,TRUE
pmc-ncbi-nlm-nih-gov.libproxy.cha.ac.kr,TRUE
pubmed-ncbi-nlm-nih-gov.ezproxy.deltastate.edu,TRUE
sam-nlr-gov.translate.goog,TRUE
staging.ohrp.cit.nih.gov,TRUE
usnicweb2.espc.nesdis.noaa.gov,TRUE
www-ncbi-nlm-nih-gov.ezpum.scdi-montpellier.fr,TRUE
www-ncbi-nlm-nih-gov.turing.library.northwestern.edu,TRUE
transportation.gov,TRUE
6080b173-8e6e-4715-a46a-e6e8c6b7e856--pr-61.probo.itcon.dev,TRUE
acquia-test-phmsa.dot.gov,TRUE
blast-ncbi-nlm-nih-gov.lib-ezproxy.concordia.ca,TRUE
cosmetis.com,TRUE
data.re-explorer.org,TRUE
ecorr.stage.it.census.gov,TRUE
qualitymeasures.ahrq.gov,TRUE
tucson.ars.ag.gov,TRUE
www-ncbi-nlm-nih-gov.proxy-hs.researchport.umd.edu,TRUE
blueaz1.portalval.cms.gov,TRUE
crossweb.sat.mesh.cbp.dhs.gov,TRUE
eric-ed-gov.wilkes.idm.oclc.org,TRUE
eventbrite.ca,TRUE
integration.cms.intel.gov,TRUE
leepsummit.anl.gov,TRUE
origin-east-www-trainweather.woc.noaa.gov,TRUE
pe.mwp.usembassy.gov,TRUE
pmc-ncbi-nlm-nih-gov.fukuoka-u.idm.oclc.org,TRUE
pubmed-ncbi-nlm-nih-gov.crr.swissconsortium.ch,TRUE
www-ncbi-nlm-nih-gov.bvsp.idm.oclc.org,TRUE
dev-wwwhhsgov.cloud.hhs.gov,TRUE
federalist-23ea3847-e6cd-4c33-9763-c3b37ed8ca03.sites.pages.cloud.gov,TRUE
fpmarkets.com,TRUE
jan6attack.com,TRUE
mara.llnl.gov,TRUE
materials.nlr.gov,TRUE
mm.mwp.usembassy.gov,TRUE
ncbi.cesproxy.elogim.com,TRUE
nmssanctuarieseus2-uat.azurewebsites.net,TRUE
pmc-ncbi-nlm-nih-gov.ez41.periodicos.capes.gov.br,TRUE
pmc-ncbi-nlm-nih-gov.libproxy.jnu.ac.kr,TRUE
poter.com.au,TRUE
pubmed-ncbi-nlm-nih-gov.mbru.idm.oclc.org,TRUE
www-ncbi-nlm-nih-gov.wake.idm.oclc.org,TRUE
michelinman.com,TRUE
altex.ro,TRUE
ams2.stg.platform.usda.gov,TRUE
elvperfuat.ndc.nasa.gov,TRUE
erosstage.cr.usgs.gov,TRUE
m.ucenterdress.com,TRUE
pmc-ncbi-nlm-nih-gov.ezproxy.jamk.fi,TRUE
pmc-ncbi-nlm-nih-gov.proxy.ulib.uits.iu.edu,TRUE
pss.bie.edu,TRUE
resource.nlm.nih.gov,TRUE
soccer.nci.nih.gov,TRUE
ta.nicic.gov,TRUE
viajesfalabella.com.co,TRUE
www-ncbi-nlm-nih-gov.srv-proxy1.library.tamu.edu,TRUE
rarediseases.info.nih.gov,TRUE
2001--2009-state-gov.translate.goog,TRUE
acquia-test-bts.dot.gov,TRUE
app-usadata-d-001.azurewebsites.net,TRUE
blog.dol.gov,TRUE
dhs-vinelink.qa.appriss.com,TRUE
edit.testint.cbp.gov,TRUE
pmc-ncbi-nlm-nih-gov.proxy.mul.missouri.edu,TRUE
pubmed-ncbi-nlm-nih-gov.evms.idm.oclc.org,TRUE
pubmed-ncbi-nlm-nih-gov.oh.idm.oclc.org,TRUE
stage.bcda.cms.gov,TRUE
strap.nci.nih.gov,TRUE
thejpd.org,TRUE
training-stg.smartpay.gsa.gov,TRUE
account-ncbi-nlm-nih-gov.ezaccess.libraries.psu.edu,TRUE
eores-xprod.nesdis-hq.noaa.gov,TRUE
gdo163.llnl.gov,TRUE
hyperflow.pnnl.gov,TRUE
mmsvis.gsfc.nasa.gov,TRUE
nl.mwp.usembassy.gov,TRUE
pmc-ncbi-nlm-nih-gov.ezproxy.lib.uts.edu.au,TRUE
pmc-ncbi-nlm-nih-gov.utalca.idm.oclc.org,TRUE
pubs-usgs-gov.translate.goog,TRUE
spase-validator.heliocloud.org,TRUE
urldefense.proofpoint.com,TRUE
www-ncbi-nlm-nih-gov.ezproxy1.bath.ac.uk,TRUE
www-ncbi-nlm-nih-gov.ufpcanarias.idm.oclc.org,TRUE
eielson.af.mil,TRUE
xk.mwp.usembassy.gov,TRUE
analis.com,TRUE
ci.csdap-staging.ds.io,TRUE
dvagov-etva-portal.powerappsportals.us,TRUE
iwaste-staging.app.cloud.gov,TRUE
pubmed-ncbi-nlm-nih-gov.wne.idm.oclc.org,TRUE
www-ncbi-nlm-nih-gov.samuelmerritt.idm.oclc.org,TRUE
www-nrcs-usda-gov.translate.goog,TRUE
account-ncbi-nlm-nih-gov.uc.idm.oclc.org,TRUE
acquia-stage-dot.dot.gov,TRUE
artreportingdashboard.cdc.gov,TRUE
cgistaging.scriptbytes.co.in,TRUE
dp10aln87fs7p.cloudfront.net,TRUE
navalnuclearlab-energy-gov-mstsd-6428-v2.auth.cache.staging.ci.msts.network,TRUE
peakwine.id,TRUE
pmc-ncbi-nlm-nih-gov.ezproxy.rowan.edu,TRUE
pubmed-ncbi-nlm-nih-gov.ezproxy.princeton.edu,TRUE
pubmed-ncbi-nlm-nih-gov.uleth.idm.oclc.org,TRUE
pubmed.ams.genedigtech.cloud,TRUE
us-cert.cisa.gov,TRUE
myplainview.com,TRUE
navfac.navy.mil,TRUE
shaw.af.mil,TRUE
usfa.fema.gov,TRUE
apsjournals.apsnet.org,TRUE
data-stage.nlr.gov,TRUE
nhc-vm-nhcwebdev01.nhc.noaa.gov,TRUE
proteome.nih.gov,TRUE
pubmed-ncbi-nlm-nih-gov.scd1.univ-fcomte.fr,TRUE
trek-nasa-gov.translate.goog,TRUE
web-archive-2022.ait.org.tw,TRUE
blog-brigade.gcn.militaryonesource.mil,TRUE
fiscaldata-treasury-gov.translate.goog,TRUE
millifelearning.gcn.militaryonesource.mil,TRUE
pmc-ncbi-nlm-nih-gov.ezproxy.library.unlv.edu,TRUE
pmc-ncbi-nlm-nih-gov.juntendo.idm.oclc.org,TRUE
pubmed-ncbi-nlm-nih-gov-s-2309.libdb.hljucm.net,TRUE
share.google,TRUE
software.primre.org,TRUE
tiffany.com,TRUE
bbwheelsonline.com,TRUE
bsapubs.onlinelibrary.wiley.com,TRUE
ce2s2-staging.client.mooreboeck.com,TRUE
data.staging-ds1.ds1.appdat.jsc.nasa.gov,TRUE
development-earthquake.usgs.gov,TRUE
edscncs.custhelp.com,TRUE
pmc-ncbi-nlm-nih-gov.prox.lib.ncsu.edu,TRUE
pmc-ncbi-nlm-nih-gov.rosalindfranklin.idm.oclc.org,TRUE
stg-newborn.cloud.hhs.gov,TRUE
synergia.fnal.gov,TRUE
www-ncbi-nlm-nih-gov.univaq.idm.oclc.org,TRUE
atlasprod.fdc.inonde.io,TRUE
bd.mwp.usembassy.gov,TRUE
blast-ncbi-nlm-nih-gov.ezproxy1.bath.ac.uk,TRUE
devburnseverity.cr.usgs.gov,TRUE
fsisstudentjobs.usajobs.gov,TRUE
jandonline.org,TRUE
pmc-ncbi-nlm-nih-gov.iclibezp1.cc.ic.ac.uk,TRUE
pmc-ncbi-nlm-nih-gov.ncnm.idm.oclc.org,TRUE
pubmed-ncbi-nlm-nih-gov.scnmlib.idm.oclc.org,TRUE
reaction-dynamics.llnl.gov,TRUE
sam-gov.translate.goog,TRUE
state-tables-d.fdic.gov,TRUE
account-ncbi-nlm-nih-gov.sid2nomade-2.grenet.fr,TRUE
alreinamedia.com,TRUE
cfpb.usajobs.gov,TRUE
dev-health.mil,TRUE
grantee1.teams.simpler.grants.gov,TRUE
icite.od.nih.gov,TRUE
imagic.lhcaws-stage-pub.nlm.nih.gov,TRUE
landsat.gsfc.nasa.gov,TRUE
oasisstage.wtchp.cdc.gov,TRUE
pmc-ncbi-nlm-nih-gov.libproxy.albany.edu,TRUE
pmc-ncbi-nlm-nih-gov.libux.utmb.edu,TRUE
pubmed-ncbi-nlm-nih-gov.biblioteca.seram.es,TRUE
pubmed-ncbi-nlm-nih-gov.gardnerwebb.idm.oclc.org,TRUE
pubmed-ncbi-nlm-nih-gov.nwhealth.idm.oclc.org,TRUE
wlf-nps.usajobs.gov,TRUE
www-ncbi-nlm-nih-gov.proxy-um.researchport.umd.edu,TRUE
abmc.gov,TRUE
account-ncbi-nlm-nih-gov.proxy.lib.uiowa.edu,TRUE
clint13,TRUE
deve.npdb.hrsa.gov,TRUE
edit.testing.tsa.gov,TRUE
fas2.stg.platform.usda.gov,TRUE
ift.tt,TRUE
laist.com,TRUE
peacecorpsjobs.usajobs.gov,TRUE
pkikc.fiscal.treasury.gov,TRUE
plainlanguage.18f.org,TRUE
pmc-ncbi-nlm-nih-gov.ez52.periodicos.capes.gov.br,TRUE
proxied-cybershop-f5.lanl.gov,TRUE
pubmed-ncbi-nlm-nih-gov.ez58.periodicos.capes.gov.br,TRUE
pubmed-ncbi-nlm-nih-gov.libpdb.d.umn.edu,TRUE
pubmed-ncbi-nlm-nih-gov.spz1.swissconsortium.ch,TRUE
u7061146.ct.sendgrid.net,TRUE
consularone--dev001.sandbox.my.site.com,TRUE
pmc-ncbi-nlm-nih-gov.brown.idm.oclc.org,TRUE
pmc-ncbi-nlm-nih-gov.erm.vghks.gov.tw,TRUE
pmc-ncbi-nlm-nih-gov.proxy.lib.odu.edu,TRUE
stage-ems.gov,TRUE
workspace--wsdv21dvn.sandbox.my.site.com,TRUE
www-moeb.qa.uscourts.gov,TRUE
uat.usajobs.gov,TRUE
gdo-cislunar.llnl.gov,TRUE
mv-usembassy-gov.translate.goog,TRUE
pmc-ncbi-nlm-nih-gov.ezproxy.usc.edu.au,TRUE
pmc-ncbi-nlm-nih-gov.lecom.idm.oclc.org,TRUE
pmc-ncbi-nlm-nih-gov.libproxy.sdsu.edu,TRUE
pmc-ncbi-nlm-nih-gov.ludwig.lub.lu.se,TRUE
pubmed-ncbi-nlm-nih-gov.ez181.periodicos.capes.gov.br,TRUE
spectrumstage.prod.acquia-sites.com,TRUE
tosize.be,TRUE
bigamart.com,TRUE
climate.nlr.gov,TRUE
clinical-stage.datacommons.cancer.gov,TRUE
edg.epa.gov,TRUE
login.acquisition.gov,TRUE
me.mwp.usembassy.gov,TRUE
medicarerebates.helpdesk.cms.gov,TRUE
pmc-ncbi-nlm-nih-gov.ezproxy.uta.edu,TRUE
pmc-ncbi-nlm-nih-gov.qub.idm.oclc.org,TRUE
preprod-tsaprecheckbytelos.tsa.dhs.gov,TRUE
preview.fedramp.gov,TRUE
provisioneronline.com,TRUE
pubmed-ncbi-nlm-nih-gov.ezproxy.lib.vt.edu,TRUE
pubmed-ncbi-nlm-nih-gov.nmcsd.idm.oclc.org,TRUE
rcfl.emjj.me,TRUE
tots.epa.gov,TRUE
www-ncbi-nlm-nih-gov.ez.srv.pmu.ac.at,TRUE
hirevets.gov,TRUE
130.14.16.135,TRUE
consularone--dev013.sandbox.my.site.com,TRUE
cpa.mynavi.jp,TRUE
dev-tricare.mil,TRUE
gallery.ca,TRUE
inforgames.pt,TRUE
mx.mwp.usembassy.gov,TRUE
nci.llnl.gov,TRUE
thaiwatsadu.com,TRUE
dm.af.mil,TRUE
fordlibrarymuseum.gov,TRUE
air811.app.cloud.gov,TRUE
fairs.reporting.gov,TRUE
glamot.com,TRUE
internet-latest-version-stage.apps.nhlbi.nih.gov,TRUE
legacy.trials-staging.nci.nih.gov,TRUE
npic.rightanswers.com,TRUE
pmc-ncbi-nlm-nih-gov.colorado.idm.oclc.org,TRUE
pmc-ncbi-nlm-nih-gov.scd1.univ-fcomte.fr,TRUE
pubmed-ncbi-nlm-nih-gov.bibproxy.du.se,TRUE
pubmed-ncbi-nlm-nih-gov.ezproxy.indstate.edu,TRUE
zazzle.at,TRUE
140.172.200.41,TRUE
gdo168.llnl.gov,TRUE
pmc-ncbi-nlm-nih-gov.ezproxy.univ-catholille.fr,TRUE
powerapps.nhlbi.nih.gov,TRUE
www-ncbi-nlm-nih-gov.uri.idm.oclc.org,TRUE
allaboutcookies.org,TRUE
bahrain.yallamotor.com,TRUE
content.arcr.niaaa.nih.gov,TRUE
pmc-ncbi-nlm-nih-gov.ez182.periodicos.capes.gov.br,TRUE
pmc-ncbi-nlm-nih-gov.ez39.periodicos.capes.gov.br,TRUE
pmc-ncbi-nlm-nih-gov.webopac.lib.iwate-med.ac.jp,TRUE
puyalluptribe.nsopw.gov,TRUE
tvawcma.com,TRUE
www-ncbi-nlm-nih-gov.uab.idm.oclc.org,TRUE
nswcpd.usajobs.gov,TRUE
origin-gsa.gov,TRUE
paranaibamais.com.br,TRUE
pmc-ncbi-nlm-nih-gov.ccmain.ohionet.org,TRUE
pmc-ncbi-nlm-nih-gov.logan.idm.oclc.org,TRUE
pubmed.apinew.com,TRUE
azhrsautl3.amer.reisystems.com,TRUE
bpspsychub.onlinelibrary.wiley.com,TRUE
digirepo.wip.nlm.nih.gov,TRUE
hl7v2-ss-r2-testing.nist.gov,TRUE
integration.ucms.intel.gov,TRUE
pmc-ncbi-nlm-nih-gov.cedarcrestcollege.idm.oclc.org,TRUE
pubmed-ncbi-nlm-nih-gov.libproxy.washu.edu,TRUE
pubmed-ncbi-nlm-nih-gov.unisa.idm.oclc.org,TRUE
rarediseases-qa.ncats.nih.gov,TRUE
testa.npdb.hrsa.gov,TRUE
www-ncbi-nlm-nih-gov.jmul.idm.oclc.org,TRUE
www-ncbi-nlm-nih-gov.sidra.idm.oclc.org,TRUE
140.90.132.95,TRUE
admin.myhealth.va.gov,TRUE
cdf.fnal.gov,TRUE
eric-ed-gov.byu.idm.oclc.org,TRUE
icspcdwb.aws.epa.gov,TRUE
ksa.yallamotor.com,TRUE
pmc-ncbi-nlm-nih-gov.ezproxy.aut.ac.nz,TRUE
pubmed-ncbi-nlm-nih-gov.ezproxy.acadiau.ca,TRUE
s3c.sandia.gov,TRUE
whs.usajobs.gov,TRUE
www-ncbi-nlm-nih-gov.libdata.lib.ua.edu,TRUE
niaaa.nih.gov,TRUE
fleetredi.nlr.gov,TRUE
medrxiv.org,TRUE
phd-26.blm.gov,TRUE
pubmed-ncbi-nlm-nih-gov.ez373.periodicos.capes.gov.br,TRUE
pubmed-ncbi-nlm-nih-gov.ezproxy.aut.ac.nz,TRUE
test20.d2d.gsa.gov,TRUE
thesparkhouse.com,TRUE
uat.ashanti.bja.ojp.gov,TRUE
usda-military-spouses.usajobs.gov,TRUE
visibleearth.nasa.gov,TRUE
www-ncbi-nlm-nih-gov.ezproxy.dbazes.lsmuni.lt,TRUE
arm.gov,TRUE
140.172.38.101,TRUE
acquia-test-fmcsa.dot.gov,TRUE
chatelaine.com,TRUE
download.cnet.com,TRUE
mecs.llnl.gov,TRUE
nli.org.il,TRUE
pmc-ncbi-nlm-nih-gov.proxy.uchicago.edu,TRUE
power.smce.nasa.gov,TRUE
pubmed-ncbi-nlm-nih-gov.proxy.mau.se,TRUE
raft-model.pnnl.gov,TRUE
samiii-xyz.github.io,TRUE
sparc-arch.pnnl.gov,TRUE
www-ncbi-nlm-nih-gov.inee.bib.cnrs.fr,TRUE
www-omao-noaa-gov.translate.goog,TRUE
dol.gov,TRUE
kunsan.af.mil,TRUE
computing-staging.llnl.gov,TRUE
d16450h30z080t.cloudfront.net,TRUE
leballonrond.fr,TRUE
mmis.ndc.nasa.gov,TRUE
pmc-ncbi-nlm-nih-gov.ez151.periodicos.capes.gov.br,TRUE
pubmed-1ncbi-1nlm-1nih-1gov-1v67xgbow0010.mhh.hh-han.com,TRUE
temp-stg.fiscaldata.treasury.gov,TRUE
banyan.sandia.gov,TRUE
blast.genedigtech.cloud,TRUE
musicarts.com,TRUE
nuc-hazard-zones.llnl.gov,TRUE
pmc-ncbi-nlm-nih-gov.ez-salve.idm.oclc.org,TRUE
pmc-ncbi-nlm-nih-gov.ucfcomhsl.idm.oclc.org,TRUE
pubmed-ncbi-nlm-nih-gov.ezproxy4.library.arizona.edu,TRUE
pubmed-ncbi-nlm-nih-gov.moh.portium.org,TRUE
vpn-portal.hs-bochum.de,TRUE
www-apprenticeship-gov.translate.goog,TRUE
permitting.gov,TRUE
140.172.253.69,TRUE
account-ncbi-nlm-nih-gov.elib.tcd.ie,TRUE
davcenter.hpc.mil,TRUE
fireballs.ndc.nasa.gov,TRUE
guatapecolombia.co,TRUE
play-in.com,TRUE
pmc-ncbi-nlm-nih-gov.ust.idm.oclc.org,TRUE
qa-wwwhhsgov.cloud.hhs.gov,TRUE
site-bf31cb1c-ac53-4cc2-9ad4-db81f24f361d-gcv.azurewebsites.us,TRUE
tsapps-d.nist.gov,TRUE
waterservices.resolve.usgs.gov,TRUE
www-farmers-gov.translate.goog,TRUE
www-getsmartaboutdrugs-gov.translate.goog,TRUE
daacclassic.ornl.gov,TRUE
eji.cdc.gov,TRUE
imp.insurekidsnow.gov,TRUE
ncbi.nlm.nih.govhttps,TRUE
nccherokee.nsopw.gov,TRUE
pmc-ncbi-nlm-nih-gov.biblioproxy.uqtr.ca,TRUE
pmc-ncbi-nlm-nih-gov.ezproxy.universitetetioslo.no,TRUE
pmc-ncbi-nlm-nih-gov.proxy1-bib.sdu.dk,TRUE
pubmed-ncbi-nlm-nih-gov.ez2.periodicos.capes.gov.br,TRUE
uat.d1rkikwu4q8tg.amplifyapp.com,TRUE
www-ncbi-nlm-nih-gov.sid2nomade-1.grenet.fr,TRUE
marforpac.marines.mil,TRUE
netc.navy.mil,TRUE
semanticscholar.org,TRUE
425degree.com,TRUE
acquia-test-nhtsa.dot.gov,TRUE
cahpsdatabase.ahrq.gov,TRUE
epases.usajobs.gov,TRUE
iaea.llnl.gov,TRUE
oceanworldslab.jpl.nasa.gov,TRUE
pubmed-ncbi-nlm-nih-gov.libraryproxy.tulsacc.edu,TRUE
pubmed-ncbi-nlm-nih-gov.lopes.idm.oclc.org,TRUE
pubmed-ncbi-nlm-nih-gov.tjhmercy.ohionet.org,TRUE
terabyteshop.com.br,TRUE
www-ncbi-nlm-nih-gov.fontys.idm.oclc.org,TRUE
blast.r3.genedigtech.cloud,TRUE
bulk-cloud.usgs.gov,TRUE
cg-88d42ca6-59d7-47e0-9500-4dd9251360b9.sites.pages.cloud.gov,TRUE
dev-acis.aspe.hhs.gov,TRUE
emergency.cdc.gov,TRUE
ixp-beta.llnl.gov,TRUE
na.mwp.usembassy.gov,TRUE
pmc-ncbi-nlm-nih-gov.nmsu.idm.oclc.org,TRUE
pmc-ncbi-nlm-nih-gov.umiss.idm.oclc.org,TRUE
pubmed-ncbi-nlm-nih-gov.proxy.wexler.hunter.cuny.edu,TRUE
mcconnell.af.mil,TRUE
account-ncbi-nlm-nih-gov.laneproxy.stanford.edu,TRUE
carbon.nimh.nih.gov,TRUE
diagov.ru,TRUE
forum.expeditionportal.com,TRUE
gdo-microlensing.llnl.gov,TRUE
isfnt-16.ornl.gov,TRUE
oakland.edu,TRUE
patonlab-alfabet-bde.hf.space,TRUE
pmc-ncbi-nlm-nih-gov.libproxy.mit.edu,TRUE
pmc-ncbi-nlm-nih-gov.unh.idm.oclc.org,TRUE
prod-east-ospo.woc.noaa.gov,TRUE
pubmed-ncbi-nlm-nih-gov.ezproxy.maheclibrary.org,TRUE
thorns.com,TRUE
vanning.com,TRUE
www-ncbi-nlm-nih-gov.ezproxy.universite-paris-saclay.fr,TRUE
137.227.252.8,TRUE
aheadmusic.com.cy,TRUE
analytics-develop.app.cloud.gov,TRUE
byflou.com,TRUE
gh.ubook.com,TRUE
icdgenie.cancer.gov,TRUE
justinmichaelmoore.com,TRUE
lojamadeus.pt,TRUE
oculus.atdd.noaa.gov,TRUE
oese.ed.gov,TRUE
pmc-ncbi-nlm-nih-gov.beckerproxy.wustl.edu,TRUE
pmc-ncbi-nlm-nih-gov.galanga.hvl.no,TRUE
staging.nia.nih.gov,TRUE
tools.emac.gsfc.nasa.gov,TRUE
uatpstrainingtracker.fns.usda.gov,TRUE
architecturalrecord.com,TRUE
epa-eisdr.oaqpscloud.com,TRUE
gdo-datasci.llnl.gov,TRUE
ge.mwp.usembassy.gov,TRUE
keramaexpert.ua,TRUE
one.nhtsa.gov,TRUE
pmc-ncbi-nlm-nih-gov.kaiserpermanente.idm.oclc.org,TRUE
pmc-ncbi-nlm-nih-gov.proxy2.biblio.supsi.ch,TRUE
pmc-ncbi-nlm-nih-gov.rrh.idm.oclc.org,TRUE
pubmed-ncbi-nlm-nih-gov.ez77.periodicos.capes.gov.br,TRUE
sems-s.epa.gov,TRUE
staging.srp.fas.gsa.gov,TRUE
www-ncbi-nlm-nih-gov.ezproxy.univ-orleans.fr,TRUE
www-ncbi-nlm-nih-gov.proxy1.lib.uwo.ca,TRUE
cpsc.gov,TRUE
stamfordadvocate.com,TRUE
usff.navy.mil,TRUE
yokota.af.mil,TRUE
www25.dev04.imsweb.com,TRUE
arthroplastyjournal.org,TRUE
autingo.es,TRUE
dev-vhptools.usgs.gov,TRUE
irsreservegov.org,TRUE
jvoice.org,TRUE
nef-classic.uat.nasa.gov,TRUE
pmc-ncbi-nlm-nih-gov.libproxy.washu.edu,TRUE
pmc-ncbi-nlm-nih-gov.uws.idm.oclc.org,TRUE
pubmed-ncbi-nlm-nih-gov.biblioproxy.uqtr.ca,TRUE
pubmed-ncbi-nlm-nih-gov.evhn.idm.oclc.org,TRUE
stats.bls.gov,TRUE
acsess.onlinelibrary.wiley.com,TRUE
aries0112.blogspot.com,TRUE
bsppjournals.onlinelibrary.wiley.com,TRUE
es-usembassy-gov.translate.goog,TRUE
esh-atwork.fnal.gov,TRUE
pmc-ncbi-nlm-nih-gov.paloaltou.idm.oclc.org,TRUE
www-aaro-mil.translate.goog,TRUE
www-ncbi-nlm-nih-gov.proxy.bib.uottawa.ca,TRUE
www-ncbi-nlm-nih-gov.une.idm.oclc.org,TRUE
alamy.com,TRUE
luke.af.mil,TRUE
137.227.235.121,TRUE
ctm.co.za,TRUE
dev-nbdc-biobank.nida.nih.gov,TRUE
earth-gsfc-nasa-gov.translate.goog,TRUE
gasd-admin.jdc.ao.dcn,TRUE
idp.bleachbyte.identitysandbox.gov,TRUE
lwxslkkw7jy4l3wl7exjiwextzexwveuy4-s-a2360.r1.duohuijixie.com,TRUE
magpie.nlm.nih.gov,TRUE
newhudoigprod.prod.acquia-sites.com,TRUE
perbaccowijn.nl,TRUE
prologue-blogs-archives-gov.translate.goog,TRUE
pubmed-ncbi-nlm-nih-gov.hoshi.remotexs.co,TRUE
pubmed-ncbi-nlm-nih-gov.lproxy.cauhslib.or.kr,TRUE
sareesaga.com,TRUE
airnowfire-blue.app.cloud.gov,TRUE
ares-jsc-nasa-gov.translate.goog,TRUE
internal-audit.fnal.gov,TRUE
partswarehouse.com,TRUE
pmc-ncbi-nlm-nih-gov.access.library.miami.edu,TRUE
pubmed-ncbi-nlm-nih-gov.ez66.periodicos.capes.gov.br,TRUE
pubmed-ncbi-nlm-nih-gov.ezproxy.northeastcollege.edu,TRUE
rondo.my.id,TRUE
strategies.fr,TRUE
vltfusion.org,TRUE
wwwhvo.wr.usgs.gov,TRUE
192.101.104.128,TRUE
appel.nasa.gov,TRUE
cellsig.ccr.cancer.gov,TRUE
ci-open.ctsu.org,TRUE
essportal.tva.gov,TRUE
lowlaundry.com,TRUE
pmc-ncbi-nlm-nih-gov.casper.idm.oclc.org,TRUE
pubmed-ncbi-nlm-nih-gov.ezproxy-b.deakin.edu.au,TRUE
pubmed-ncbi-nlm-nih-gov.mohvl-p.myloft.xyz,TRUE
pubmed-ncbi-nlm-nih-gov.ycp.idm.oclc.org,TRUE
theunwrittenrecord.wpcomstaging.com,TRUE
www-ncbi-nlm-nih-gov.cyber.usask.ca,TRUE
account-ncbi-nlm-nih-gov.translate.goog,TRUE
acpjournals.org,TRUE
au.mwp.usembassy.gov,TRUE
bevindustry.com,TRUE
pki.dimc.dhs.gov,TRUE
pubmed-ncbi-nlm-nih-gov.ketteringhealth.idm.oclc.org,TRUE
www-ncbi-nlm-nih-gov.libproxy2.usc.edu,TRUE
swg.usace.army.mil,TRUE
usbr.gov,TRUE
account-ncbi-nlm-nih-gov.us1.proxy.openathens.net,TRUE
atherosclerosis-journal.com,TRUE
blast-blast-web--develop.ocpdev-be.p2gate.ncbi.nlm.nih.gov,TRUE
cmsflux.jpl.nasa.gov,TRUE
eric-ed-gov.berlioz.brandonu.ca,TRUE
hibase.noaa.gov,TRUE
internationaljournalofcardiology.com,TRUE
kasta.ua,TRUE
pete.edit.irs.gov,TRUE
pmc-ncbi-nlm-nih-gov.libproxy.uthscsa.edu,TRUE
pmc-ncbi-nlm-nih-gov.till.biblextern.sh.se,TRUE
pubmed-ncbi-nlm-nih-gov.fsuproxy.idm.oclc.org,TRUE
pubmed-ncbi-nlm-nih-gov.proxy.library.nd.edu,TRUE
pubmed-ncbi-nlm-nih-gov.proxy01.shawnee.edu,TRUE
pubmed-ncbi-nlm-nih-gov.rlib.pace.edu,TRUE
state-tables-q.fdic.gov,TRUE
www-ncbi-nlm-nih-gov.proxy.unibs.it,TRUE
mrlc.gov,TRUE
akastage4-ion-hhs.gov,TRUE
beta-ut.clinicaltrials.gov,TRUE
cobra.app.cloud.gov,TRUE
mywaterway-prod.app.cloud.gov,TRUE
oplanetatv.clickgratis.com.br,TRUE
pmc-ncbi-nlm-nih-gov.alliant.idm.oclc.org,TRUE
pmc-ncbi-nlm-nih-gov.carmelmc.portium.org,TRUE
3dhrs.epa.gov,TRUE
api.water.noaa.gov,TRUE
appdev4.erg.com,TRUE
femareservist.usajobs.gov,TRUE
hazmat.dot.gov,TRUE
legionathletics.com,TRUE
mets.bie.edu,TRUE
mx-usembassy-gov.translate.goog,TRUE
nz.mwp.usembassy.gov,TRUE
pmc-ncbi-nlm-nih-gov-s-17.lib-proxy.wmu.edu.cn,TRUE
pmc-ncbi-nlm-nih-gov.smatteo.idm.oclc.org,TRUE
sa-dcc-prd001-dp.studentaid.gov,TRUE
silvainjurylaw.com,TRUE
sites-ed-gov.translate.goog,TRUE
travelwith.jp,TRUE
usacestpaul.usajobs.gov,TRUE
www-ncbi-nlm-nih-gov.opbg.idm.oclc.org,TRUE
account-ncbi-nlm-nih-gov.humanitas.idm.oclc.org,TRUE
backerkit.com,TRUE
d194xvuqk2e0mj.cloudfront.net,TRUE
ffdocproxy.prod.factset.com,TRUE
fr.vecteezy.com,TRUE
gdo-meta2db.llnl.gov,TRUE
ieqnet.fnal.gov,TRUE
no.mwp.usembassy.gov,TRUE
pmc-ncbi-nlm-nih-gov.ezproxy.uakron.edu,TRUE
pmc-ncbi-nlm-nih-gov.ump.remotexs.co,TRUE
pmc-ncbi-nlm-nih-gov.uobezsecureaccess.idm.oclc.org,TRUE
portal.nprod.vetbiz.va.gov,TRUE
pubmed-ncbi-nlm-nih-gov.gshremote.senylrc.org,TRUE
pubmed-ncbi-nlm-nih-gov.proxy.pnwu.org,TRUE
swimswam.com,TRUE
sydneykings.com,TRUE
woodandbeyond.com,TRUE
www-ncbi-nlm-nih-gov.libproxy.boisestate.edu,TRUE
137.75.118.173,TRUE
climate.nasa.gov,TRUE
devaws.nosngs.noaa,TRUE
fsabcl-nonb02d.ncifcrf.gov,TRUE
ftp.cbrfc.noaa.gov,TRUE
imp.beta.medicare.gov,TRUE
styleguide.lanl.gov,TRUE
www-ncbi-nlm-nih-gov.ezp1.lib.umn.edu,TRUE
www-ncbi-nlm-nih-gov.osaka-u.idm.oclc.org,TRUE
msc.usff.navy.mil,TRUE
acquia-test-permits.dot.gov,TRUE
bg.mwp.usembassy.gov,TRUE
journalofsurgicalresearch.com,TRUE
pmc-ncbi-nlm-nih-gov.regiscollege.idm.oclc.org,TRUE
staging.pfda.dnanexus.com,TRUE
tillys.com,TRUE
afdc.energy.gov,TRUE
dfas.mil,TRUE
ncses.nsf.gov,TRUE
198.128.252.1,TRUE
beta.helioviewer.org,TRUE
co.ubook.com,TRUE
d328qbk3ci0f9t.cloudfront.net,TRUE
jfklibrary-jagjbsq5j02zt5hijgve4euzjaklmgl1.tugboatqa.com,TRUE
osc.niehs.nih.gov,TRUE
pmc-ncbi-nlm-nih-gov.proxy.library.kent.edu,TRUE
pmm-gv.gsfc.nasa.gov,TRUE
pubmed-ncbi-nlm-nih-gov.jrccn.idm.oclc.org,TRUE
pubmed-ncbi-nlm-nih-gov.libweb.ben.edu,TRUE
reliant.co.uk,TRUE
test-dsfa.nmfs.noaa.gov,TRUE
uk.mwp.usembassy.gov,TRUE
www-ada-gov.translate.goog,TRUE
climate-us.lndo.site,TRUE
collections-us-east-1.awsint.nlm.nih.gov,TRUE
eric-ed-gov.ezproxy.library.wisc.edu,TRUE
eric-ed-gov.proxy.bsu.edu,TRUE
huyett.com,TRUE
pmc-ncbi-nlm-nih-gov.ahs.idm.oclc.org,TRUE
pmc-ncbi-nlm-nih-gov.ezproxy.hofstra.edu,TRUE
pmc-ncbi-nlm-nih-gov.inc.bib.cnrs.fr,TRUE
poshmark.com,TRUE
pubmed-ncbi-nlm-nih-gov.uncfsu.idm.oclc.org,TRUE
r3.genedigtech.cloud,TRUE
www-ncbi-nlm-nih-gov.ep.bib.mdh.se,TRUE
6sense.com,TRUE
ace-accounts-sat.cbp.gov,TRUE
bayut.sa,TRUE
blueaz1.portal.cms.gov,TRUE
edit-testint.cisa.gov,TRUE
esi.orr.noaa.gov,TRUE
gis-beta.usgs.gov,TRUE
hts-usitc-gov.translate.goog,TRUE
humo.airnow.gov,TRUE
idp.ursulapato.identitysandbox.gov,TRUE
pmc-ncbi-nlm-nih-gov.lynchburg.idm.oclc.org,TRUE
pubmed-ncbi-nlm-nih-gov.ez419.periodicos.capes.gov.br,TRUE
pubmed-ncbi-nlm-nih-gov.prox.lib.ncsu.edu,TRUE
regionalbiomassresourcehub.inl.gov,TRUE
stagingwpecs.energyright.com,TRUE
talkingquality.ahrq.gov,TRUE
test-e-file.eeoc.gov,TRUE
tr-usembassy-gov.translate.goog,TRUE
wdc-usda--rfomdevd02.sandbox.my.site.com,TRUE
winparts.be,TRUE
www-ncbi-nlm-nih-gov.ezproxy.lau.edu.lb,TRUE
165.112.140.161,TRUE
198.128.246.49,TRUE
devcalval.cr.usgs.gov,TRUE
docline.awsint.nlm.nih.gov,TRUE
federation.fnal.gov,TRUE
phenology.cr.usgs.gov,TRUE
pmc-ncbi-nlm-nih-gov.childrensmercy.idm.oclc.org,TRUE
pmc-ncbi-nlm-nih-gov.ez318.periodicos.capes.gov.br,TRUE
pmc-ncbi-nlm-nih-gov.reddog.rmu.edu,TRUE
prescancerpanel-prod-acsf.cancer.gov,TRUE
pubmed-1ncbi-1nlm-1nih-1gov-10013b5bt1410.han.medunigraz.at,TRUE
pubmed-ncbi-nlm-nih-gov.hvs.swissconsortium.ch,TRUE
pubmed-ncbi-nlm-nih-gov.uai.idm.oclc.org,TRUE
srs.fs.usda.gov,TRUE
teti.inl.gov,TRUE
wolfswinkel.de,TRUE
woman-type.jp,TRUE
www-ncbi-nlm-nih-gov.proxy1.library.virginia.edu,TRUE
afcec.af.mil,TRUE
aboutface.pfs.us,TRUE
acquia-dev-dot.dot.gov,TRUE
atb.nrel.gov,TRUE
dante.sandia.gov,TRUE
dartslab.jpl.nasa.gov,TRUE
example.hhsops.gov,TRUE
hivrisk-cdc-gov.translate.goog,TRUE
permits.train.blm.doi.net,TRUE
pmc-ncbi-nlm-nih-gov.ezproxy.lau.edu.lb,TRUE
pty1egrants.cns.gov,TRUE
www-usap-gov.translate.goog,TRUE
www-va-gov.va.proxy.liblynxgateway.com,TRUE
accesstopwt.va.gov,TRUE
zuni4po.psb.bls.gov,TRUE
a-techno.com.ua,TRUE
blast-ncbi-nlm-nih-gov.myaccess.library.utoronto.ca,TRUE
cbrfc.l.noaa.gov,TRUE
d35x45vgf3bccs.cloudfront.net,TRUE
epabap--grants.sandbox.my.site.com,TRUE
eric-ed-gov.libproxy.jnu.ac.kr,TRUE
live-ornl-d10.pantheonsite.io,TRUE
marinedebris-cms.orr.noaa.gov,TRUE
origin-dev-garfoapps.fisheries.noaa.gov,TRUE
pmc-ncbi-nlm-nih-gov.ezproxyhhs.nihlibrary.nih.gov,TRUE
pubmed-ncbi-nlm-nih-gov-ssl.openlink.ssu.ac.kr,TRUE
pubmed-ncbi-nlm-nih-gov.ez21.periodicos.capes.gov.br,TRUE
ed.gov,TRUE
usda.gov,TRUE
xpendy.com,TRUE
akaqa5-ion-hhs.gov,TRUE
alltricks.es,TRUE
jumper.meiho.edu.tw,TRUE
pmc-ncbi-nlm-nih-gov.proxy-tu.researchport.umd.edu,TRUE
pubmed-ncbi-nlm-nih-gov.libproxy.scnu.ac.kr,TRUE
pubmed-ncbi-nlm-nih-gov.mu.opal-libraries.org,TRUE
pubmed-ncbi-nlm-nih-gov.proxy.library.carleton.ca,TRUE
safercar.gov,TRUE
thunderbirdhacks.sandia.gov,TRUE
whiskyshop.com,TRUE
www-ncbi-nlm-nih-gov.bibliosan.idm.oclc.org,TRUE
www-ncbi-nlm-nih-gov.eur.idm.oclc.org,TRUE
www-ncbi-nlm-nih-gov.uhsp.idm.oclc.org,TRUE
www-ustraveldocs-com.translate.goog,TRUE
ftc.gov,TRUE
hrsa.gov,TRUE
www1-beta.usgs.gov,TRUE
55samfrontendlogin.apps.prod-iae.bsp.gsa.gov,TRUE
acquia-test-fta.dot.gov,TRUE
clothingexporter.com,TRUE
d2j87lqnnvtwrf.cloudfront.net,TRUE
gdo-lc.llnl.gov,TRUE
inflearn.com,TRUE
pdrdf.ext.jpl.net,TRUE
pmc-ncbi-nlm-nih-gov.ez117.periodicos.capes.gov.br,TRUE
pmc-ncbi-nlm-nih-gov.ez372.periodicos.capes.gov.br,TRUE
pmc-ncbi-nlm-nih-gov.ezproxy.fh-muenster.de,TRUE
pmc-ncbi-nlm-nih-gov.ezproxy.rice.edu,TRUE
pmc-ncbi-nlm-nih-gov.librweb.laurentian.ca,TRUE
pmc-ncbi-nlm-nih-gov.proxy.library.stonybrook.edu,TRUE
pubmed-ncbi-nlm-nih-gov.flagship.luc.edu,TRUE
pubmed-ncbi-nlm-nih-gov.uoregon.idm.oclc.org,TRUE
resuscitationjournal.com,TRUE
sdms.blm.gov,TRUE
malmstrom.af.mil,TRUE
130.14.16.161,TRUE
137.227.241.74,TRUE
apps.gcn.militaryonesource.mil,TRUE
bosphorusleather.com,TRUE
dichtienghoa.com,TRUE
dq-zoom-ui.svcs.arm.gov,TRUE
drupal-prod.goesr.woc.noaa.gov,TRUE
epi-grants.st.uat.imsweb.com,TRUE
federalist-5bcea1d1-7907-4fea-821f-eb2e9554014a.sites.pages.cloud.gov,TRUE
gdo-hdp.llnl.gov,TRUE
master.portal.cms.cmsnet,TRUE
nono634.blog.fc2.com,TRUE
pmc-ncbi-nlm-nih-gov.amu.idm.oclc.org,TRUE
pmc-ncbi-nlm-nih-gov.ez37.periodicos.capes.gov.br,TRUE
pmc-ncbi-nlm-nih-gov.ez83.periodicos.capes.gov.br,TRUE
pubmed-ncbi-nlm-nih-gov.ecups.idm.oclc.org,TRUE
pubmed-ncbi-nlm-nih-gov.knowledge.idm.oclc.org,TRUE
pubmed-ncbi-nlm-nih-gov.proxy.longwood.edu,TRUE
tavolashop.com,TRUE
warcservices.usgs.gov,TRUE
account-ncbi-nlm-nih-gov.uri.idm.oclc.org,TRUE
auronia.de,TRUE
caprisuat.ncua.gov,TRUE
co.mwp.usembassy.gov,TRUE
damal.projectenhancement.com,TRUE
guinealandia.es,TRUE
pmc-ncbi-nlm-nih-gov.ezproxy.uqar.ca,TRUE
pubmed-ncbi-nlm-nih-gov.ezproxy.cnsu.edu,TRUE
pubmed-ncbi-nlm-nih-gov.proxy.bc.edu,TRUE
stem.health.mil,TRUE
terra-nasa-gov.translate.goog,TRUE
www-ncbi-nlm-nih-gov-ssl.medilib.gachon.ac.kr,TRUE
www-ncbi-nlm-nih-gov.ez45.periodicos.capes.gov.br,TRUE
12knots.com,TRUE
172.29.8.187,TRUE
awesomecuisine.com,TRUE
itb.nci.nih.gov,TRUE
minerva.com,TRUE
mysteries.jpl.nasa.gov,TRUE
natweb.resolve.usgs.gov,TRUE
patient.info,TRUE
pmc-ncbi-nlm-nih-gov.ezproxy.tcu.edu,TRUE
structurecenter.com,TRUE
trainingd.edit.irs.gov,TRUE
www-regulations-gov.translate.goog,TRUE
140.90.132.98,TRUE
edclxvs57.cr.usgs.gov,TRUE
pmc-ncbi-nlm-nih-gov.ez.srv.pmu.ac.at,TRUE
pmc-ncbi-nlm-nih-gov.jerome.stjohns.edu,TRUE
pmc-ncbi-nlm-nih-gov.mwu.idm.oclc.org,TRUE
pmc-ncbi-nlm-nih-gov.tum-eaccess.de,TRUE
readeat.com,TRUE
research-fs-usda-gov.translate.goog,TRUE
rrbstage.rrb.gov,TRUE
testdata.nist.gov,TRUE
uat.opm.gov,TRUE
www-ncbi-nlm-nih-gov.proxy.queensu.ca,TRUE
192.111.123.170,TRUE
akastage-therealcost.betobaccofree.hhs.gov,TRUE
cms-www-goesr.woc.noaa.gov,TRUE
cms.buildamerica.dot.gov,TRUE
communication.fnal.gov,TRUE
drupaldev-preview.bls.gov,TRUE
dsacms.github.io,TRUE
midse-staging.er.usgs.gov,TRUE
pmc-ncbi-nlm-nih-gov.ccnm.idm.oclc.org,TRUE
public.uat.era.nih.gov,TRUE
pubmed-ncbi-nlm-nih-gov.fanshawe.idm.oclc.org,TRUE
pubmed-ncbi-nlm-nih-gov.libproxy.highpoint.edu,TRUE
roswell.jobcorps.tools,TRUE
safis.accsp.org,TRUE
sandbox.science.gsfc.nasa.gov,TRUE
uat.vlm.cem.va.gov,TRUE
usnatarchives.tumblr.com,TRUE
windvalt.pnnl.gov,TRUE
altus.af.mil,TRUE
account-ncbi-nlm-nih-gov.ezproxy.lib.utexas.edu,TRUE
bioreport.genskey.com,TRUE
biowell.com.ua,TRUE
blueaz1.portalval.cms.cmsval,TRUE
demographics.gcn.militaryonesource.mil,TRUE
jfklibrary-wjssb9ggwu2ybo7mv7huwhsfsgmayjjh.tugboatqa.com,TRUE
kurage.nimh.nih.gov,TRUE
ncrmsstm.digitalinfuzion.com,TRUE
tpl.nlr.gov,TRUE
woodenstreet.com,TRUE
www62-scan.imsweb.com,TRUE
205.156.8.176,TRUE
admin.dea.gov,TRUE
alltricks.co.uk,TRUE
art.tst.gsa.gov,TRUE
emergency.lanl.gov,TRUE
fineartamerica.com,TRUE
invention-stage.nasawestprime.com,TRUE
phonenumberexpert.com,TRUE
spotdraft.com,TRUE
staging.seasonaljobs.dol.gov,TRUE
uat.justicegrants.usdoj.gov,TRUE
www-ncbi-nlm-nih-gov.husson.idm.oclc.org,TRUE
ssab.gov,TRUE
api.nlm.nih.gov,TRUE
besthomehacks.com,TRUE
cmsrr.orr.noaa.gov,TRUE
far-qu.sandia.gov,TRUE
healthcare411.ahrq.gov,TRUE
idp.ursula.identitysandbox.gov,TRUE
ocs-vs-nccint,TRUE
pmc-ncbi-nlm-nih-gov.surrey.idm.oclc.org,TRUE
pubmed-ncbi-nlm-nih-gov-ssl.library.nih.go.kr,TRUE
siteproxy-1.j7o.com,TRUE
trents.co.uk,TRUE
uat.ncirc.bja.ojp.gov,TRUE
www-esrl.boulder.noaa.gov,TRUE
zslpublications.onlinelibrary.wiley.com,TRUE
161.55.160.30,TRUE
beautyworks.com,TRUE
columbiaasia.com,TRUE
earthnow-usgs-gov.translate.goog,TRUE
export.grc.nasa.gov,TRUE
fbijobs.hrs.us-gov-west-1.aws.fbi,TRUE
federalist-35af9df5-a894-4ae9-aa3d-f6d95427c7bc.sites.pages.cloud.gov,TRUE
psss.jpl.nasa.gov,TRUE
pubmed-ncbi-nlm-nih-gov.ezproxy.lib.le.ac.uk,TRUE
pubmed-ncbi-nlm-nih-gov.silk.library.umass.edu,TRUE
rebunee.com,TRUE
roomstogo.com,TRUE
stats.star.nesdis.noaa.gov,TRUE
tanya-assets-homolog.getninjas.com.br,TRUE
techtransfer-prod-acsf.cancer.gov,TRUE
apps.usfa.fematdl.net,TRUE
c1-ctsu.org,TRUE
eric-ed-gov.libproxy.kongju.ac.kr,TRUE
justiceafms.org,TRUE
mhs,TRUE
nsr-chip.sandia.gov,TRUE
physics-nist-gov.translate.goog,TRUE
pmc-ncbi-nlm-nih-gov.ezproxy.uwc.ac.za,TRUE
pmc-ncbi-nlm-nih-gov.libra.eulji.ac.kr,TRUE
pubmed-ncbi-nlm-nih-gov.bw.opal-libraries.org,TRUE
pubmed-ncbi-nlm-nih-gov.libraryproxy.uwp.edu,TRUE
pubmed-ncbi-nlm-nih-gov.spw.swissconsortium.ch,TRUE
pubmed-ncbi-nlm-nih-gov.udca.elogim.com,TRUE
sat2.reginfo.gov,TRUE
www-26.ntc.blm.gov,TRUE
www-ncbi-nlm-nih-gov.virtual.anu.edu.au,TRUE
intelligencecareers.gov,TRUE
state.gov,TRUE
surfpac.navy.mil,TRUE
eric-ed-gov.libproxy.library.unt.edu,TRUE
impl.webpricer.mps.cms.gov,TRUE
pmc-ncbi-nlm-nih-gov.proxy.library.carleton.ca,TRUE
prod-02-alb-www-swpc.woc.noaa.gov,TRUE
pubmed-ncbi-nlm-nih-gov.ez-salve.idm.oclc.org,TRUE
staging.tsa.gov,TRUE
thriftytraveler.com,TRUE
tj.mwp.usembassy.gov,TRUE
us.elsevierhealth.com,TRUE
vlco.marines.mil,TRUE
www-ncbi-nlm-nih-gov.ezproxy.normandie-univ.fr,TRUE
www-ncbi-nlm-nih-gov.proxy1-bib.sdu.dk,TRUE
ajicjournal.org,TRUE
alz-journals.onlinelibrary.wiley.com,TRUE
apps-usgs-gov.translate.goog,TRUE
c3.ndc.nasa.gov,TRUE
chem.nlm.nih.gov,TRUE
cmspreprod01.cpsc.gov,TRUE
edit.treasury.gov,TRUE
iq.mwp.usembassy.gov,TRUE
keh.com,TRUE
lvoc.llnl.gov,TRUE
pubmed-ncbi-nlm-nih-gov.leedsbeckett.idm.oclc.org,TRUE
pubmed-ncbi-nlm-nih-gov.unm-ezproxy.idm.oclc.org,TRUE
rshughes.com,TRUE
search.trade.gov,TRUE
spinoff-nasa-gov.translate.goog,TRUE
www-ncbi-nlm-nih-gov.proxy2.library.ohio.edu,TRUE
account-ncbi-nlm-nih-gov.libproxy.temple.edu,TRUE
apps.hr.osu.edu,TRUE
blm--qa.sandbox.my.site.com,TRUE
eedition.timesunion.com,TRUE
eric-ed-gov.translate.goog,TRUE
eric-ed-gov.vlib.excelsior.edu,TRUE
evsexplore-qa.semantics.cancer.gov,TRUE
gdo156.llnl.gov,TRUE
idcforigin1.bls.gov,TRUE
kestral.pmel.noaa.gov,TRUE
nsrc.lanl.gov,TRUE
ph.mwp.usembassy.gov,TRUE
pls-drupal.llnl.gov,TRUE
pmc-ncbi-nlm-nih-gov.cuanschutz.idm.oclc.org,TRUE
pmc-ncbi-nlm-nih-gov.ez32.periodicos.capes.gov.br,TRUE
pmc-ncbi-nlm-nih-gov.neumann.idm.oclc.org,TRUE
pmc-ncbi-nlm-nih-gov.simsrad.net.ocs.mq.edu.au,TRUE
pubmed-ncbi-nlm-nih-gov.proxy.lib.odu.edu,TRUE
tsaprecheckbyclear-uat.tsa.dhs.gov,TRUE
www-va-gov.translate.goog,TRUE
americanenglish-state-gov.translate.goog,TRUE
ciencia-nasa-gov.translate.goog,TRUE
diplomacy-state-gov.translate.goog,TRUE
dr.ops-prod.internal.cms.gov,TRUE
engineering.fnal.gov,TRUE
gavel.io,TRUE
goldjournal.net,TRUE
inforprocess.com,TRUE
kniging.com.ua,TRUE
oaspub.epa.gov,TRUE
pmc-ncbi-nlm-nih-gov.gavilan.idm.oclc.org,TRUE
pubmed-ncbi-nlm-nih-gov.library.iau.edu.sa,TRUE
pubmed-ncbi-nlm-nih-gov.ucrproxy.mnpals.net,TRUE
tonyyyyy.pages.dev,TRUE
www-hiv-va-gov.translate.goog,TRUE
www-invasivespeciesinfo-gov.translate.goog,TRUE
www-ncbi-nlm-nih-gov.proxyiub.uits.iu.edu,TRUE
innovationcenter.cafc.uscourts.gov,TRUE
liveworksheets.com,TRUE
ceastudyabroad.com,TRUE
cg.mwp.usembassy.gov,TRUE
federalist-ead78f8d-8948-417c-a957-c21ec5617a57.sites.pages.cloud.gov,TRUE
jfklibrary-kciflcr8ezgphd8m3y5sejqc5amsyenp.tugboatqa.com,TRUE
partnerservices-development.nws.noaa.gov,TRUE
pubmed-ncbi-nlm-nih-gov.proxy.lnu.se,TRUE
trnbhwnextgen.bhwenv.hrsa.gov,TRUE
uc-ebook.org,TRUE
tecom.marines.mil,TRUE
ajgponline.org,TRUE
en.islcollective.com,TRUE
eworkhub.fnal.gov,TRUE
financeearlycareer.usajobs.gov,TRUE
ift.onlinelibrary.wiley.com,TRUE
intranet.staging.nindsweb.com,TRUE
mesadesignsystem.lanl.gov,TRUE
nova-exp.fnal.gov,TRUE
nyaspubs.onlinelibrary.wiley.com,TRUE
pmc-ncbi-nlm-nih-gov.ezproxy.lib.uconn.edu,TRUE
pmc-ncbi-nlm-nih-gov.ezproxy.muni.cz,TRUE
pmc-ncbi-nlm-nih-gov.proxy180.nclive.org,TRUE
populationsciences-qa.datacommons.cancer.gov,TRUE
pubmed-ncbi-nlm-nih-gov.msj.idm.oclc.org,TRUE
secure.training.weather.gov,TRUE
sicarius.wr.usgs.gov,TRUE
staging.dhs.gov,TRUE
uat.namus.nij.ojp.gov,TRUE
www-treasurydirect-gov.translate.goog,TRUE
blast-ncbi-nlm-nih-gov.proxy1-bib.sdu.dk,TRUE
dk-usembassy-gov.translate.goog,TRUE
inp2300irmadv03.nps.doi.net,TRUE
jlb.onlinelibrary.wiley.com,TRUE
justihome.com,TRUE
pfabankfindui.app.cloud.gov,TRUE
phase2srp_l13.dev,TRUE
pmc-ncbi-nlm-nih-gov.ez93.periodicos.capes.gov.br,TRUE
pmc-ncbi-nlm-nih-gov.libproxy.konyang.ac.kr,TRUE
pubmed-ncbi-nlm-nih-gov.lib-e2.lib.ttu.edu,TRUE
pubmed-ncbi-nlm-nih-gov.libproxy.boisestate.edu,TRUE
support.hp.com,TRUE
usptoteasfillingoffice104.org,TRUE
womeninscience.nih.gov,TRUE
11teamsports.com,TRUE
blast-ncbi-nlm-nih-gov.proxy.bib.uottawa.ca,TRUE
marklayer.app,TRUE
oreillyauto.com,TRUE
pmc-ncbi-nlm-nih-gov.pacificcollege.idm.oclc.org,TRUE
pubmed-ncbi-nlm-nih-gov.xund.swissconsortium.ch,TRUE
secnews.psb.bls.gov,TRUE
turbopascher.com,TRUE
www-ncbi-nlm-nih-gov.bvsspa.idm.oclc.org,TRUE
www-ncbi-nlm-nih-gov.stanford.idm.oclc.org,TRUE
aftc.af.mil,TRUE
akastage1-ion-hhs.gov,TRUE
askeagle-dev2.cancer.gov,TRUE
cahps.ahrq.gov,TRUE
churchclarity.org,TRUE
cloud.tencent.cn,TRUE
coveralls.io,TRUE
fdrlibrary.tumblr.com,TRUE
fsr5fire.usajobs.gov,TRUE
gulflink.fhpr.osd.mil,TRUE
hadassah.org,TRUE
markets.businessinsider.com,TRUE
mayoclinicproceedings.org,TRUE
natura.com.br,TRUE
pmc-ncbi-nlm-nih-gov.ez71.periodicos.capes.gov.br,TRUE
pmc-ncbi-nlm-nih-gov.ez87.periodicos.capes.gov.br,TRUE
pmc-ncbi-nlm-nih-gov.liverpool.idm.oclc.org,TRUE
pmc-ncbi-nlm-nih-gov.proxy-remote.galib.uga.edu,TRUE
prevention.usajobs.gov,TRUE
psi.nasa.gov,TRUE
pubmed-ncbi-nlm-nih-gov.medbibproxy.lnu.se,TRUE
reclaim.ai,TRUE
selecciones.com.mx,TRUE
staging-www.tricare.mil,TRUE
tempest.aoml.noaa.gov,TRUE
cbioportal-stage.ccdi.cancer.gov,TRUE
crgcm.health.mil,TRUE
curator.local,TRUE
d9stage.blhtech.com,TRUE
ers-cr-usgs-gov.translate.goog,TRUE
fhfa.usajobs.gov,TRUE
geodesy-noaa-gov.translate.goog,TRUE
list.nih.gov,TRUE
moialtushki.lol,TRUE
pmc-ncbi-nlm-nih-gov.dmu.idm.oclc.org,TRUE
pmc-ncbi-nlm-nih-gov.ez373.periodicos.capes.gov.br,TRUE
pmc-ncbi-nlm-nih-gov.ez79.periodicos.capes.gov.br,TRUE
pmc-ncbi-nlm-nih-gov.sheba.portium.org,TRUE
pubmed-ncbi-nlm-nih-gov.proxy-fs.researchport.umd.edu,TRUE
space-jpl-nasa-gov.translate.goog,TRUE
tor2web.activetk.jp,TRUE
watersportsoutlet.com,TRUE
www-pay-gov.translate.goog,TRUE
doctrine.af.mil,TRUE
appeears.sdbx-1.earthdatacloud.nasa.gov,TRUE
beta.boulder.noaa.gov,TRUE
cbwofs.nssl.noaa.gov,TRUE
ce2s2-cms.client.mooreboeck.com,TRUE
discoverpuertorico.com,TRUE
dj.mwp.usembassy.gov,TRUE
eo-web.jsc.nasa.gov,TRUE
gr.mwp.usembassy.gov,TRUE
idp.uirefresh.identitysandbox.gov,TRUE
kz-usembassy-gov.translate.goog,TRUE
metabolismjournal.com,TRUE
monahrq.ahrq.gov,TRUE
navigator.nps.gov,TRUE
pmc-ncbi-nlm-nih-gov.kean.idm.oclc.org,TRUE
pmc-ncbi-nlm-nih-gov.libproxy.dcmc.co.kr,TRUE
pmc-ncbi-nlm-nih-gov.michener.idm.oclc.org,TRUE
pmc-ncbi-nlm-nih-gov.proxy.ulib.csuohio.edu,TRUE
pubmed-ncbi-nlm-nih-gov.ez95.periodicos.capes.gov.br,TRUE
pubmed-ncbi-nlm-nih-gov.sanfordhealth.idm.oclc.org,TRUE
pubmed-ncbi-nlm-nih-gov.uniessexlib.idm.oclc.org,TRUE
sflthredds.er.usgs.gov,TRUE
webapp.ditd.census.gov,TRUE
www-ncbi-nlm-nih-gov.ez6.periodicos.capes.gov.br,TRUE
creech.af.mil,TRUE
jbmdl.jb.mil,TRUE
marforres.marines.mil,TRUE
apsvpt.portalval.cms.gov,TRUE
eric-ed-gov.ezproxy.cameron.edu,TRUE
iahr.tandfonline.com,TRUE
it-usembassy-gov.translate.goog,TRUE
pubmed-ncbi-nlm-nih-gov.ezproxy.umgc.edu,TRUE
pubmed-ncbi-nlm-nih-gov.www2.lib.ku.edu,TRUE
py.mwp.usembassy.gov,TRUE
www-ncbi-nlm-nih-gov.ump.remotexs.co,TRUE
ce.effectivehealthcare.ahrq.gov,TRUE
d7.qa.archives.gov,TRUE
dev20.d2d.gsa.gov,TRUE
forums.studentdoctor.net,TRUE
ins.llnl.gov,TRUE
jssa-sragmsremp.ndc.nasa.gov,TRUE
lsengineers.co.uk,TRUE
newcloud-cdc.msappproxy.net,TRUE
prodpgfprfe01.ncuapg.lan,TRUE
pubmed-ncbi-nlm-nih-gov.ez163.periodicos.capes.gov.br,TRUE
qbpgraphbook-d.fdic.gov,TRUE
sponomar.ncbi.nlm.nih.gov,TRUE
thedrillshed.com,TRUE
nidcd.nih.gov,TRUE
www2.lanl.gov,TRUE
apssit.portalval.cms.gov,TRUE
asdc.uat.larc.nasa.gov,TRUE
drupal9-ncats.scgcorp.com,TRUE
ehbtrn.hrsa.gov,TRUE
ely.nsopw.gov,TRUE
esrl-intranet.boulder.noaa.gov,TRUE
mwr.obssr.od.nih.gov,TRUE
nara.gov,TRUE
online-uat.fsi.elguardia.net,TRUE
portalsr.com.br,TRUE
pubmed-ncbi-nlm-nih-gov.proxy1.library.eiu.edu,TRUE
shopthemint.com,TRUE
161.55.85.42,TRUE
161.55.85.44,TRUE
apc.fnal.gov,TRUE
brilliance.com,TRUE
choosemyplate.gov,TRUE
cotuit.er.usgs.gov,TRUE
data-nasa-gov.translate.goog,TRUE
doctorsim.com,TRUE
effectivehealthcare-admin.ahrq.gov,TRUE
efp.ertcorp.com,TRUE
flexbooks.ck12.org,TRUE
gdo160.llnl.gov,TRUE
h.priceline.com,TRUE
mydeals365.com,TRUE
nationalcancerplan-prod-acsf.cancer.gov,TRUE
pmc-ncbi-nlm-nih-gov.gcsom.idm.oclc.org,TRUE
pmc-ncbi-nlm-nih-gov.libproxy.aum.edu,TRUE
stage.usphs.gov,TRUE
surveillance-video.com,TRUE
fmcsa.dot.gov,TRUE
atmospheredatahub.pnnl.gov,TRUE
cebs-stage.nci.nih.gov,TRUE
clinicaltrialsapi-staging.cancer.gov,TRUE
fragrancex.com,TRUE
leighbureau.com,TRUE
mn.mwp.usembassy.gov,TRUE
ninds.int.nindsweb.com,TRUE
pubmed-ncbi-nlm-nih-gov.ez345.periodicos.capes.gov.br,TRUE
pubmed-ncbi-nlm-nih-gov.links.franklin.edu,TRUE
purl.fdlp.gov,TRUE
uat.access.co-ops.nos.noaa.gov,TRUE
vaxvizapp-int.apps.ecpaas.cdc.gov,TRUE
seymourjohnson.af.mil,TRUE
132.172.55.87,TRUE
associationofanaesthetists-publications.onlinelibrary.wiley.com,TRUE
blog.ed.gov,TRUE
boostingfactory.com,TRUE
cebs-qa.nci.nih.gov,TRUE
dds.bie.edu,TRUE
director.jsc.nasa.gov,TRUE
dse.mil,TRUE
dsscareers.usajobs.gov,TRUE
eric-ed-gov.eserv.uum.edu.my,TRUE
extranetgp.pwc.com,TRUE
mk.mwp.usembassy.gov,TRUE
northwell.csod.com,TRUE
nts3monitor1ca.jpl.nasa.gov,TRUE
phiesta.niaid.nih.gov,TRUE
pmc-ncbi-nlm-nih-gov.ez475.periodicos.capes.gov.br,TRUE
pubmed-ncbi-nlm-nih-gov.burlo.idm.oclc.org,TRUE
sandbeta.hescore.labworks.org,TRUE
tmss.dev-acqit.helix.gsa.gov,TRUE
uat-e-file.eeoc.gov,TRUE
webeast.ngs.noaa.gov,TRUE
akastage-ion-hhs.gov,TRUE
biologicalpsychiatryjournal.com,TRUE
depositphotos.com,TRUE
domino.ua,TRUE
gdo-sphenix.llnl.gov,TRUE
geodata-prod.nal.usda.gov,TRUE
hpmsdev1.cms.gov,TRUE
hyperformance.llnl.gov,TRUE
nosc-prod.woc.noaa.gov,TRUE
op.gg,TRUE
pmc-ncbi-nlm-nih-gov.kansascity.idm.oclc.org,TRUE
pubmed-ncbi-nlm-nih-gov.ez314.periodicos.capes.gov.br,TRUE
test-storms.l.noaa.gov,TRUE
www-opsanta-stage.usps.mrm-client.com,TRUE
150.148.26.215,TRUE
albuquerque.jobcorps.tools,TRUE
altrios.nlr.gov,TRUE
beta.ada.gov,TRUE
cdc-earwig.datawheel.us,TRUE
digitalhistory.github.io,TRUE
escapistmagazine.com,TRUE
hiiraan.ca,TRUE
mpris.preprod.fda.gov,TRUE
ng.mwp.usembassy.gov,TRUE
nrd-dev-internal-portal.nhtsa.dot.gov,TRUE
nrrd.app.cloud.gov,TRUE
ohss-dhs-gov.translate.goog,TRUE
pages-nist-gov.translate.goog,TRUE
pmc-ncbi-nlm-nih-gov.access.semantak.com,TRUE
pubmed-1ncbi-1nlm-1nih-1gov-1v67xgb5100a1.mhh.hh-han.com,TRUE
pubmed-ncbi-nlm-nih-gov.bzion.portium.org,TRUE
pubmed-ncbi-nlm-nih-gov.ez128.periodicos.capes.gov.br,TRUE
sarsat.xyz,TRUE
spase-editor.heliocloud.org,TRUE
suitableshop.co.uk,TRUE
testwebadmin.fmshrc.gov,TRUE
www-atsdr-cdc-gov.translate.goog,TRUE
www-militaryonesource-mil.translate.goog,TRUE
www-nigms-nih-gov.translate.goog,TRUE
air769.app.cloud.gov,TRUE
app-americorps-gov-archive-a6a5hsa5fag9b2d6.eastus-01.azurewebsites.net,TRUE
applications.prevention.cancer.gov,TRUE
beta.huduser.gov,TRUE
bigredpowertools.co.uk,TRUE
blueaz1.portal.cms.cmsnet,TRUE
dev-app-02-sefsc.fisheries.noaa.gov,TRUE
eric-ed-gov.ezproxy.southtexascollege.edu,TRUE
gdo-dance.llnl.gov,TRUE
hehrstage.cdc.gov,TRUE
maemioficial.com,TRUE
master.portalval.cms.cmsval,TRUE
onlytrucks.com.au,TRUE
pidvms.irc.noaa.gov,TRUE
planetarynames-wr-usgs-gov.translate.goog,TRUE
pmc-ncbi-nlm-nih-gov.ez89.periodicos.capes.gov.br,TRUE
pmc-ncbi-nlm-nih-gov.libezproxy.open.ac.uk,TRUE
potakait.com,TRUE
pubmed-ncbi-nlm-nih-gov.ez109.periodicos.capes.gov.br,TRUE
pubmed-ncbi-nlm-nih-gov.ezproxy.oswego.edu,TRUE
setac.onlinelibrary.wiley.com,TRUE
storage.googleapis.com,TRUE
sys690.gsfc.nasa.gov,TRUE
uts.awsint.nlm.nih.gov,TRUE
surflant.usff.navy.mil,TRUE
ajp.psychiatryonline.org,TRUE
anlnscience.llnl.gov,TRUE
foochia.com,TRUE
hg-sandbox.communicatehealth.com,TRUE
hozdom.com,TRUE
icsd-i.nist.gov,TRUE
icsdtweb.aws.epa.gov,TRUE
ioa.cancer.gov,TRUE
pubmed-ncbi-nlm-nih-gov.ezproxy-f.deakin.edu.au,TRUE
r20.rs6.net,TRUE
renta.papy.co.jp,TRUE
sip.evs.cancer.gov,TRUE
translate.google.com,TRUE
www-cdc-gov.libproxy.lib.unc.edu,TRUE
www-dco-uscg-mil.translate.goog,TRUE
www-ncbi-nlm-nih-gov.colorado.idm.oclc.org,TRUE
www-ncbi-nlm-nih-gov.easyaccess2.lib.cuhk.edu.hk,TRUE
beta3-rf.sns-beta.com,TRUE
coastalcondition.epa.gov,TRUE
detroit.jobcorps.tools,TRUE
dev-americorps.gov,TRUE
dev-ndacc.larc.nasa.gov,TRUE
docline.awsqa.nlm.nih.gov,TRUE
eric-ed-gov.biblioteca.unimagdalena.edu.co,TRUE
mr.mwp.usembassy.gov,TRUE
pmc-ncbi-nlm-nih-gov.asmn-re.idm.oclc.org,TRUE
pmc-ncbi-nlm-nih-gov.ez121.periodicos.capes.gov.br,TRUE
pmc-ncbi-nlm-nih-gov.ezproxy.utlib.ut.ee,TRUE
pmc-ncbi-nlm-nih-gov.libproxy.umassd.edu,TRUE
pmc-ncbi-nlm-nih-gov.pklibresources.health.wa.gov.au,TRUE
pmc-ncbi-nlm-nih-gov.radford.idm.oclc.org,TRUE
pubmed-ncbi-nlm-nih-gov.ez36.periodicos.capes.gov.br,TRUE
pubmed-ncbi-nlm-nih-gov.saz.idm.oclc.org,TRUE
ricacorp.com,TRUE
skateshop.gr,TRUE
staging.pmel.noaa.gov,TRUE
staging.science.gsfc.nasa.gov,TRUE
tsm.lndo.site,TRUE
vetlexicon.com,TRUE
www-arts-gov.translate.goog,TRUE
38a17d74-1499-4584-993d-ecb80c0fec25--pr-267.probo.itcon.dev,TRUE
akchin.nsopw.gov,TRUE
at.mwp.usembassy.gov,TRUE
c00lkiddtech.myaddr.tools,TRUE
combomatch-int.nci.nih.gov,TRUE
drhorton.com,TRUE
dtp-stage.ahrq.gov,TRUE
hardfindelec.com,TRUE
ilmfc0apexdw01.nifcenet.lcl,TRUE
jobtoday.com,TRUE
preprod.odphp.health.gov,TRUE
prod-korea-8th-army.azurewebsites.us,TRUE
pubmed-ncbi-nlm-nih-gov.gcu.idm.oclc.org,TRUE
pubmed-ncbi-nlm-nih-gov.libra.kaist.ac.kr,TRUE
reproductivefreedomforall.org,TRUE
sfsuat.opm.gov,TRUE
usnationalarchives.github.io,TRUE
www-ncbi-nlm-nih-gov.ezproxy.unilim.fr,TRUE
www-usaspending-gov.translate.goog,TRUE
offutt.af.mil,TRUE
206.65.196.29,TRUE
devpki.dimc.dhs.gov,TRUE
eii.ornl.gov,TRUE
gkv-keyword.uat.earthdatacloud.nasa.gov,TRUE
lb.mwp.usembassy.gov,TRUE
ordsext.epa.gov,TRUE
pmc-ncbi-nlm-nih-gov.proxy.library.cpp.edu,TRUE
pubmed-ncbi-nlm-nih-gov.hu.idm.oclc.org,TRUE
pubmed-ncbi-nlm-nih-gov.zorac.aub.aau.dk,TRUE
roundupreads.jsc.nasa.gov,TRUE
trustees.udall.gov,TRUE
www-mynavyhr-navy-mil.translate.goog,TRUE
cmvista.pnnl.gov,TRUE
common.usembassy.gov,TRUE
drupal.tst.ginniemae.gov,TRUE
il.mwp.usembassy.gov,TRUE
jamda.com,TRUE
landfallnavigation.com,TRUE
pineknot.jobcorps.tools,TRUE
pmc-ncbi-nlm-nih-gov.utk.idm.oclc.org,TRUE
pubmed-1ncbi-1nlm-1nih-1gov-100001a2r015b.han3.wum.edu.pl,TRUE
pv.usajobs.gov,TRUE
wdc-usda--rfomqap02.sandbox.my.site.com,TRUE
www-eisenhowerlibrary-gov.translate.goog,TRUE
www-ncbi-nlm-nih-gov.ucfcomhsl.idm.oclc.org,TRUE
access.preprod.fda.gov,TRUE
joom.com,TRUE
academicpedsjnl.net,TRUE
account-ncbi-nlm-nih-gov.proxy.library.vanderbilt.edu,TRUE
adoptionusca.state.gov,TRUE
appshare.cancer.gov,TRUE
beta.nsf.gov,TRUE
dpcpsi-nihodmeoprod.prod.acquia-sites.com,TRUE
eapis.cbp.dhs.gov,TRUE
gsa.lndo.site,TRUE
kentfaith.ca,TRUE
kleynvans.com,TRUE
pmc-ncbi-nlm-nih-gov.meharry.idm.oclc.org,TRUE
positivepromotions.com,TRUE
pubmed-ncbi-nlm-nih-gov.kb-au.idm.oclc.org,TRUE
pubmed-ncbi-nlm-nih-gov.neumann.idm.oclc.org,TRUE
sbx.vlm.cem.va.gov,TRUE
sd-staging-cdn.ars.usda.gov,TRUE
smartpay-stg.gsa.gov,TRUE
step1.nlr.gov,TRUE
uat.amberalert.ojp.gov,TRUE
uat.vehiclehistory.bja.ojp.gov,TRUE
urldefense.com,TRUE
usdoj.gov,TRUE
wdob.qa.adsd.census.gov,TRUE
widget.thehunter.com,TRUE
www-ncbi-nlm-nih-gov.proxy.cc.uic.edu,TRUE
www2.pmel.noaa.gov,TRUE
192.111.123.246,TRUE
account-ncbi-nlm-nih-gov.libdata.lib.ua.edu,TRUE
aclprdep01.azureedge.net,TRUE
casai.com,TRUE
eric-ed-gov.libproxy.csudh.edu,TRUE
floathomes.com,TRUE
fsapps.nwcg.gov,TRUE
libertyinnorthkorea.org,TRUE
mdctsedsval.cms.gov,TRUE
ncrnwater.shinyapps.io,TRUE
npin-qa-npin-azure.cdc.gov,TRUE
pd--pdfl1dvp.sandbox.my.site.com,TRUE
pmc-ncbi-nlm-nih-gov.cscc.ohionet.org,TRUE
pmc-ncbi-nlm-nih-gov.ezproxy.lib.vt.edu,TRUE
pmc-ncbi-nlm-nih-gov.intermountain.proxy.liblynxgateway.com,TRUE
pmc-ncbi-nlm-nih-gov.rossuniversity.idm.oclc.org,TRUE
pubmed-1ncbi-1nlm-1nih-1gov-10013b5bt0592.han.medunigraz.at,TRUE
pubmed-ncbi-nlm-nih-gov.brad.idm.oclc.org,TRUE
pubmed-ncbi-nlm-nih-gov.collegeofidaho.idm.oclc.org,TRUE
pubmed-ncbi-nlm-nih-gov.proxy-ms.researchport.umd.edu,TRUE
signal.niaid.nih.gov,TRUE
ssd-jpl-nasa-gov.translate.goog,TRUE
widefitshoes.co.uk,TRUE
www-ncbi-nlm-nih-gov.ezproxy.lib.utah.edu,TRUE
www-ncbi-nlm-nih-gov.libweb.ben.edu,TRUE
cherrypoint.marines.mil,TRUE
last.fm,TRUE
tyndall.af.mil,TRUE
fda.report,TRUE
fmitservices.gsa.gov,TRUE
fpi.stage.omb.gov,TRUE
gupsweb.geo.census.gov,TRUE
intranet.int.nindsweb.com,TRUE
newbornscreening-hrsa-gov.translate.goog,TRUE
niagaraparks.com,TRUE
pmc-ncbi-nlm-nih-gov.bham-ezproxy.idm.oclc.org,TRUE
pmc-ncbi-nlm-nih-gov.ferris.idm.oclc.org,TRUE
pmc-ncbi-nlm-nih-gov.proxy.scd.univ-tours.fr,TRUE
pubmed-1ncbi-1nlm-1nih-1gov-1v67xgbh50038.mhh.hh-han.com,TRUE
www-ncbi-nlm-nih-gov-443.webvpn.bjmu.edu.cn,TRUE
www-ncbi-nlm-nih-gov.ezproxy.its.uu.se,TRUE
www-ncbi-nlm-nih-gov.ru.idm.oclc.org,TRUE
www-ncbi-nlm-nih-gov.sw.lib.csmu.edu.tw,TRUE
dataportal.dol.gov,TRUE
acfc.com.vn,TRUE
acquia-stage-nhtsa.dot.gov,TRUE
airforce.uat.usajobs.gov,TRUE
idp.vcholkar.identitysandbox.gov,TRUE
surgjournal.com,TRUE
trmm-fc.gsfc.nasa.gov,TRUE
uat-msc.msc.fema.gov,TRUE
artsgovd8.prod.acquia-sites.com,TRUE
author.nagb.org,TRUE
bioenergykdf.wpenginepowered.com,TRUE
dhs-hq.usajobs.gov,TRUE
eloboost24.eu,TRUE
foxterciaimobiliaria.com.br,TRUE
gtm.wapa.gov,TRUE
guidesfinder.com,TRUE
hothcd2.tricare.mil,TRUE
hothcoopcd3.dha.mil,TRUE
in.mwp.usembassy.gov,TRUE
iris-delta.vercel.app,TRUE
jsams.org,TRUE
ma.mwp.usembassy.gov,TRUE
nexus.od.nih.gov,TRUE
nia-iadrp-stage.iqsolutions.com,TRUE
pccomponentes.pt,TRUE
pmc-ncbi-nlm-nih-gov.adelphi.idm.oclc.org,TRUE
pmc-ncbi-nlm-nih-gov.ezproxy.inn.no,TRUE
pmc-ncbi-nlm-nih-gov.ummc.idm.oclc.org,TRUE
shared.semantics.cancer.gov,TRUE
spinoff-stage.nasawestprime.com,TRUE
technology-nasa-gov.translate.goog,TRUE
www-nano-gov.translate.goog,TRUE
www-ncbi-nlm-nih-gov.bris.idm.oclc.org,TRUE
nwp.usace.army.mil,TRUE
137.75.64.133,TRUE
account-ncbi-nlm-nih-gov.kumc.idm.oclc.org,TRUE
attic.gsfc.nasa.gov,TRUE
carzone.ie,TRUE
logitravel.pt,TRUE
planetary-nomenclature.prod-asc.chs.usgs.gov,TRUE
synergysurgical.com,TRUE
thequietus.com,TRUE
treasurydirect-blue.vercel.app,TRUE
tscaguidemeintstg.epa.gov,TRUE
akr-internal.alaskafisheries.noaa.gov,TRUE
blast-ncbi-nlm-nih-gov.ezproxy1.lib.asu.edu,TRUE
bramka.proxy.net.pl,TRUE
chiqa.nlm.nih.gov,TRUE
department-va-develop.go-vip.net,TRUE
ehc-stage-admin.ahrq.gov,TRUE
en.ubook.com,TRUE
pmc-ncbi-nlm-nih-gov.bmv.idm.oclc.org,TRUE
proof.sandia.gov,TRUE
pt.mwp.usembassy.gov,TRUE
pubmed-1ncbi-1nlm-1nih-1gov-1nb5yeimn0250.hanproxy.cm-uj.krakow.pl,TRUE
pubmed-ncbi-nlm-nih-gov.ezproxy.rice.edu,TRUE
pubmed-ncbi-nlm-nih-gov.ezproxy.rush.edu,TRUE
pubmed-ncbi-nlm-nih-gov.vastman.idm.oclc.org,TRUE
wetsuitoutlet.co.uk,TRUE
www-c.star.nesdis.noaa.gov,TRUE
www-kyeb.qa.uscourts.gov,TRUE
www-ncbi-nlm-nih-gov.ejproxy.a-star.edu.sg,TRUE
yourconroenews.com,TRUE
app-eus2npbeamremm.azurewebsites.net,TRUE
armuserreg-ui.svcs.arm.gov,TRUE
ccdi-stage.cancer.gov,TRUE
costway.ca,TRUE
go.heepsy.com,TRUE
isomir.ccr.cancer.gov,TRUE
jornalempauta.com.br,TRUE
journeybyheart.com,TRUE
mjrp.osd.mil,TRUE
nejm.org,TRUE
pages.cloud.gov,TRUE
pmc-ncbi-nlm-nih-gov.nelli.laurea.fi,TRUE
pubmed-1ncbi-1nlm-1nih-1gov-10013b5i00053.han.medunigraz.at,TRUE
pubmed-1ncbi-1nlm-1nih-1gov-1v67xgbrw0007.mhh.hh-han.com,TRUE
pubmed-ncbi-nlm-nih-gov.via.regionorebrolan.se,TRUE
skyalert.mx,TRUE
stage-ofccp-intranet.dol.gov,TRUE
suitable.ie,TRUE
suitable.nz,TRUE
weaad.acl.gov,TRUE
worldanvil.com,TRUE
www-ncbi-nlm-nih-gov.proxy.binghamton.edu,TRUE
acquia-test-volpe.dot.gov,TRUE
ads.ubook.com,TRUE
ae.trip.com,TRUE
audiocityusa.com,TRUE
b151d261525caba499e7105a46a9e7576082513d.vetisonline.com,TRUE
blast-ncbi-nlm-nih-gov.ezp3.lib.umn.edu,TRUE
bucket.slashnext.systems,TRUE
cbptrade--iprp2.sandbox.my.site.com,TRUE
dev-apps-st.fisheries.noaa.gov,TRUE
ehc-blue.ahrq.gov,TRUE
hawks.com.au,TRUE
jsatjournal.com,TRUE
lforms-fhir.nlm.nih.gov,TRUE
origin.thecommunityguide.org,TRUE
popo.jpl.nasa.gov,TRUE
pubmed-1ncbi-1nlm-1nih-1gov-1v67xgbrj006a.mhh.hh-han.com,TRUE
pubmed-ncbi-nlm-nih-gov.acp.idm.oclc.org,TRUE
realcombatmedia.com,TRUE
st-staging.llnl.gov,TRUE
wutoolkit-qa.mesh.wma.chs.usgs.gov,TRUE
www-ncbi-nlm-nih-gov.proxy.mul.missouri.edu,TRUE
nlr.gov,TRUE
peacecorps.gov,TRUE
124.70.29.248,TRUE
coursera.org,TRUE
czpages.llnl.gov,TRUE
dot.gov,TRUE
foodengineeringmag.com,TRUE
gs674-ccmcftp.ccmc.gsfc.nasa.gov,TRUE
hepb.org,TRUE
hud-oig-live.lndo.site,TRUE
kr.trip.com,TRUE
pubmed-1ncbi-1nlm-1nih-1gov-1nb5yeidg07cb.hanproxy.cm-uj.krakow.pl,TRUE
pubmed-ncbi-nlm-nih-gov.ccny-proxy1.libr.ccny.cuny.edu,TRUE
pubmed-ncbi-nlm-nih-gov.ezproxy.jyu.fi,TRUE
pubmed-ncbi-nlm-nih-gov.ezproxy.usc.edu.au,TRUE
sa.mwp.usembassy.gov,TRUE
storm.pps.eosdis.nasa.gov,TRUE
testa-iqrs.npdb.hrsa.gov,TRUE
www-armyupress-army-mil.translate.goog,TRUE
jber.jb.mil,TRUE
account-ncbi-nlm-nih-gov.insb.bib.cnrs.fr,TRUE
account-ncbi-nlm-nih-gov.pc124152.oulu.fi,TRUE
asc.dev,TRUE
berislibrary.ornl.gov,TRUE
boltpharmacy.co.uk,TRUE
campcreek.atdd.noaa.gov,TRUE
datasearchstaging.globe.gov,TRUE
dma.mil,TRUE
forums.escapistmagazine.com,TRUE
fullsource.com,TRUE
gbpperformance.ca,TRUE
ijidonline.com,TRUE
nisar.jpl.nasa.gov,TRUE
pmc-ncbi-nlm-nih-gov.libproxy.knu.ac.kr,TRUE
pmc-ncbi-nlm-nih-gov.libproxy.stfx.ca,TRUE
prod-docrep.cloud.hhs.gov,TRUE
pubmed-1ncbi-1nlm-1nih-1gov-1nb5yeidg0cf1.hanproxy.cm-uj.krakow.pl,TRUE
pubmed-ncbi-nlm-nih-gov.argo.library.okstate.edu,TRUE
s3.amazonaws.com,TRUE
sandbox.fpacbc.usda.gov,TRUE
sbom.inl.gov,TRUE
www-bep-gov.translate.goog,TRUE
www-ncbi-nlm-nih-gov.ezproxy-prd.bodleian.ox.ac.uk,TRUE
www-ncbi-nlm-nih-gov.proxy.unice.fr,TRUE
1stmaw.marines.mil,TRUE
health.wa.gov.au,TRUE
weichert.com,TRUE
d2zlgm7fod51p5.cloudfront.net,TRUE
do.mwp.usembassy.gov,TRUE
ejcancer.com,TRUE
eric-ed-gov.acces.bibl.ulaval.ca,TRUE
eric-ed-gov.proxyiub.uits.iu.edu,TRUE
gdo170.llnl.gov,TRUE
local.hia.opm.gov,TRUE
movementdisorders.onlinelibrary.wiley.com,TRUE
pmc-ncbi-nlm-nih-gov.autorpa.tpech.gov.tw,TRUE
pmc-ncbi-nlm-nih-gov.beaumont1.proxy.liblynxgateway.com,TRUE
pmc-ncbi-nlm-nih-gov.emek.portium.org,TRUE
quantitativecodesignsc.org,TRUE
smart.nci.nih.gov,TRUE
software.llnl.gov,TRUE
ugv.cbp.dhs.gov,TRUE
www-ncbi-nlm-nih-gov.libaccess.lib.mcmaster.ca,TRUE
www-ncbi-nlm-nih-gov.neomed.idm.oclc.org,TRUE
sewp.nasa.gov,TRUE
archiveseducationupdates.wpcomstaging.com,TRUE
blast-ncbi-nlm-nih-gov.ucc.idm.oclc.org,TRUE
ctsu-uat.cancer.gov,TRUE
d1a1au5k04wnop.cloudfront.net,TRUE
federalist-cf03235f-a054-4178-aafb-4e1e61e0d42c.sites.pages.cloud.gov,TRUE
jobs-origin.cdc.gov,TRUE
lions-byte.com,TRUE
pmc-ncbi-nlm-nih-gov.fontys.idm.oclc.org,TRUE
pmc-ncbi-nlm-nih-gov.ptchproxy.flysheet.com.tw,TRUE
pubmed-ncbi-nlm-nih-gov.ez7.periodicos.capes.gov.br,TRUE
uscarcover.com,TRUE
vwo.nasa.gov,TRUE
bjs-ojp-gov.translate.goog,TRUE
blast-ncbi-nlm-nih-gov.ccl.idm.oclc.org,TRUE
cdn.aseeralkotb.com,TRUE
doncolombia.com,TRUE
guideline.gov,TRUE
ifst.onlinelibrary.wiley.com,TRUE
inilah.com,TRUE
journalofhospitalinfection.com,TRUE
littlepeoplescove.com,TRUE
nationalmap.gov,TRUE
nimh-sfim.github.io,TRUE
nsddsvfgapp.pnnl.gov,TRUE
ordersuit.info,TRUE
pmc-ncbi-nlm-nih-gov.ez101.periodicos.capes.gov.br,TRUE
staging-or.water.usgs.gov,TRUE
stalmex.cz,TRUE
wolfswinkel.fr,TRUE
www-ncbi-nlm-nih-gov.oregonstate.idm.oclc.org,TRUE
accessdata.preprod.fda.gov,TRUE
acquia-test-usmma.dot.gov,TRUE
akaprod-therealcost.betobaccofree.hhs.gov,TRUE
akauat-ion-hhs.gov,TRUE
bata.com,TRUE
biosecurity.llnl.gov,TRUE
cms-drupal-goesr.woc.noaa.gov,TRUE
eric-ed-gov-ssl.libproxy.snu.ac.kr,TRUE
fac-preview.app.cloud.gov,TRUE
henryharvin.com,TRUE
highriskcountries.nih.gov,TRUE
jneb.org,TRUE
nationalblueribbonschools.ed.gov,TRUE
ourpresidents.tumblr.com,TRUE
permitstraining.blm.gov,TRUE
pmc-ncbi-nlm-nih-gov.bcc.idm.oclc.org,TRUE
pmc-ncbi-nlm-nih-gov.brad.idm.oclc.org,TRUE
pmc-ncbi-nlm-nih-gov.lpclibrary.idm.oclc.org,TRUE
pubmed-1ncbi-1nlm-1nih-1gov-1nb5yeidg001b.hanproxy.cm-uj.krakow.pl,TRUE
pubmed-ncbi-nlm-nih-gov.ezproxy.herts.ac.uk,TRUE
pubmed-ncbi-nlm-nih-gov.nazareth.portium.org,TRUE
pw.mwp.usembassy.gov,TRUE
staging-apps.usgs.gov,TRUE
support-nlm-nih-gov.translate.goog,TRUE
tt-usembassy-gov.translate.goog,TRUE
tvaregulatory.tva.gov,TRUE
wwonder.azurewebsites.net,TRUE
www-fema-gov.translate.goog,TRUE
www-ncbi-nlm-nih-gov.library.ezproxy.wur.nl,TRUE
etap.nsf.gov,TRUE
anc.ua,TRUE
aspe-hhs-gov.translate.goog,TRUE
chqa.nlm.nih.gov,TRUE
currentprotocols.onlinelibrary.wiley.com,TRUE
dentalplans.com,TRUE
eutils.ncbi.nlm.nih.gov,TRUE
federalist-d60d8b74-d223-4c59-affb-a587f84d58aa.sites.pages.cloud.gov,TRUE
gdo165.llnl.gov,TRUE
gdo169.llnl.gov,TRUE
kz.mwp.usembassy.gov,TRUE
marine-deals.com.au,TRUE
np.mwp.usembassy.gov,TRUE
phytocat.igib.res.in,TRUE
pmc-ncbi-nlm-nih-gov.cyrano.ucmo.edu,TRUE
solarsystem-nasa-gov.translate.goog,TRUE
www-s.nist.gov,TRUE
usace.army.mil,TRUE
www3-nasa-gov.translate.goog,TRUE
www55.dev03.imsweb.com,TRUE
account-ncbi-nlm-nih-gov.uab.idm.oclc.org,TRUE
eric-ed-gov.pointloma.idm.oclc.org,TRUE
finotrato.com.uy,TRUE
hmdahelp.consumerfinance.gov,TRUE
hothcd6.dha.mil,TRUE
myttb.portmm.net,TRUE
ourdocuments.gov,TRUE
pmc-ncbi-nlm-nih-gov.uwyo.idm.oclc.org,TRUE
pubmed-1ncbi-1nlm-1nih-1gov-1v67xgbsu004e.mhh.hh-han.com,TRUE
techtogov.usajobs.gov,TRUE
www-fmcsa-dot-gov.translate.goog,TRUE
army.usajobs.local,TRUE
comptroller.defense.gov,TRUE
dg-uat.kwaps.platform.usda.gov,TRUE
dsmes-portal.cdc.gov,TRUE
gbm-biodp.nci.nih.gov,TRUE
gdo-nfsdm.llnl.gov,TRUE
gdo167.llnl.gov,TRUE
pmc-ncbi-nlm-nih-gov.ezproxy.herts.ac.uk,TRUE
ps.psychiatryonline.org,TRUE
pubmed-ncbi-nlm-nih-gov.ez189.periodicos.capes.gov.br,TRUE
rs.mwp.usembassy.gov,TRUE
sales.fdic.gov,TRUE
spud.usgs.gov,TRUE
hurlburt.af.mil,TRUE
162.99.45.64,TRUE
aem-p-beta.lanl.gov,TRUE
am.mwp.usembassy.gov,TRUE
data.er.ditd.census.gov,TRUE
dev-hrsagov.cloud.hhs.gov,TRUE
doifws.prod.acquia-sites.com,TRUE
guidelines.gov,TRUE
my.trip.com,TRUE
pmc-ncbi-nlm-nih-gov.proxy.ub.uni-frankfurt.de,TRUE
pmc-ncbi-nlm-nih-gov.wv-o-ursus-proxy01.ursus.maine.edu,TRUE
pmc.com,TRUE
rdaf.nist.gov,TRUE
sites.gsl.noaa.gov,TRUE
stg.aff.gov,TRUE
tidesandcurrents-noaa-gov.translate.goog,TRUE
www-sss-gov.translate.goog,TRUE
www10.jsc.nasa.gov,TRUE
acquia-dev-fta.dot.gov,TRUE
aero-fp.larc.nasa.gov,TRUE
assemblymag.com,TRUE
clinprst12.be-md.ncbi.nlm.nih.gov,TRUE
despegar.com.uy,TRUE
dev-ash.wr.usgs.gov,TRUE
drupal10.app.cloud.gov,TRUE
ifcj.org,TRUE
jhandsurg.org,TRUE
pmc-ncbi-nlm-nih-gov.cue.idm.oclc.org,TRUE
pmc-ncbi-nlm-nih-gov.ez428.periodicos.capes.gov.br,TRUE
pmc-ncbi-nlm-nih-gov.nthulib-oc.nthu.edu.tw,TRUE
pmc-ncbi-nlm-nih-gov.redeemer.idm.oclc.org,TRUE
pubmed-ncbi-nlm-nih-gov.ezpv7-web-p-u01.wpi.edu,TRUE
rediscoveringblackhistory.wpcomstaging.com,TRUE
repuestosmarinos.es,TRUE
sscweb-v4.sci.gsfc.nasa.gov,TRUE
statecancerprofiles.st.uat.imsweb.com,TRUE
tech.ed.gov,TRUE
watersportsoutlet.nl,TRUE
www-ncbi-nlm-nih-gov.proxy.library.carleton.ca,TRUE
www-ncbi-nlm-nih-gov.webproxy2.ouhsc.edu,TRUE
zuni4opubss.psb.bls.gov,TRUE
0-pmc-ncbi-nlm-nih-gov.liucat.lib.liu.edu,TRUE
blast-ncbi-nlm-nih-gov.webproxy2.ouhsc.edu,TRUE
d19nqo2wnoa42o.cloudfront.net,TRUE
enjoei.com.br,TRUE
eric-ed-gov.tamuv.idm.oclc.org,TRUE
gsa.github.io,TRUE
komdaame.com,TRUE
pmc-ncbi-nlm-nih-gov.ezproxy.baylor.edu,TRUE
pmc-ncbi-nlm-nih-gov.proxybib.miun.se,TRUE
pubmed-ncbi-nlm-nih-gov.ez208.periodicos.capes.gov.br,TRUE
pubmed-ncbi-nlm-nih-gov.ez428.periodicos.capes.gov.br,TRUE
pubmed-ncbi-nlm-nih-gov.ezproxy.bowdoin.edu,TRUE
reporters-collective.in,TRUE
stg-geoplatform.dev-gpgov.chs.usgs.gov,TRUE
suitableshop.ca,TRUE
sv.mwp.usembassy.gov,TRUE
nimh.nih.gov,TRUE
blast-ncbi-nlm-nih-gov.login.ezproxy.library.ualberta.ca,TRUE
discountramps.com,TRUE
dqpe5x6eow3ny.cloudfront.net,TRUE
ejog.org,TRUE
gdo-maltte.llnl.gov,TRUE
gdo164.llnl.gov,TRUE
hn.mwp.usembassy.gov,TRUE
hsreplay.net,TRUE
jettly.com,TRUE
justice.lat,TRUE
ldcm-cal.gsfc.nasa.gov,TRUE
m.kkday.com,TRUE
osdr.nasa.gov,TRUE
pmc-ncbi-nlm-nih-gov.ez189.periodicos.capes.gov.br,TRUE
pmc-ncbi-nlm-nih-gov.ezproxy.library.qmul.ac.uk,TRUE
usao-dnm.usajobs.gov,TRUE
winmd.ird.nmc.luna.nasa.gov,TRUE
www-ncbi-nlm-nih-gov.albanymed.idm.oclc.org,TRUE
army.mil,TRUE
tigta.gov,TRUE
yesstyle.com,TRUE
140.90.78.252,TRUE
akastage2-ion-hhs.gov,TRUE
brisbanebullets.com.au,TRUE
emmasdiary.co.uk,TRUE
gdc-mvs.nci.nih.gov,TRUE
globaldossier-external-sit.etc.uspto.gov,TRUE
pmc-ncbi-nlm-nih-gov.inee.bib.cnrs.fr,TRUE
pmc-ncbi-nlm-nih-gov.mylibrary.wilmu.edu,TRUE
prod-hrsagov.cloud.hhs.gov,TRUE
pubmed-1ncbi-1nlm-1nih-1gov-1wpmwpx9p00dd.fresenius.hh-han.com,TRUE
pubmed-ncbi-nlm-nih-gov.summa.ohionet.org,TRUE
sarcomacelllines.cancer.gov,TRUE
stage-ext-oui.dol.gov,TRUE
th-usembassy-gov.translate.goog,TRUE
tigernet.com,TRUE
usda-rd.usajobs.gov,TRUE
ushik.ahrq.gov,TRUE
webapps.usgs.gov,TRUE
wwsrv1.cr.usgs.gov,TRUE
www-ncbi-nlm-nih-gov.dlsw.tzuchi-healthcare.org.tw,TRUE
www-ncbi-nlm-nih-gov.nottingham.idm.oclc.org,TRUE
yescosplay.com,TRUE
account-ncbi-nlm-nih-gov.e.bibl.liu.se,TRUE
data.dissdev3.census.gov,TRUE
davcenter.w.dren.mil,TRUE
eric-ed-gov.ezproxy.lib.utexas.edu,TRUE
ew.com,TRUE
portugalgetaways.com,TRUE
prod-01-alb-archive-oceanexplorer.woc.noaa.gov,TRUE
pubmed-ncbi-nlm-nih-gov.ezproxy.uqar.ca,TRUE
reside.pnnl.gov,TRUE
secureenergy.inl.gov,TRUE
transcom-np.transport.mil,TRUE
www-ncbi-nlm-nih-gov-ssl.proxy.konkuk.ac.kr,TRUE
d1tutmj6pdb1tv.cloudfront.net,TRUE
ec.mwp.usembassy.gov,TRUE
eric-ed-gov.csula.idm.oclc.org,TRUE
eric-ed-gov.ezproxy.usherbrooke.ca,TRUE
federalist-9dc074d2-9bb0-4720-8e37-036899ae1463.sites.pages.cloud.gov,TRUE
green-uts-us-east-1.awsint.nlm.nih.gov,TRUE
hedgesdirect.co.uk,TRUE
justgoutside.com,TRUE
kg.mwp.usembassy.gov,TRUE
lightus-shihou.co.jp,TRUE
neh8.prod.acquia-sites.com,TRUE
pilc.bie.edu,TRUE
pubmed-ncbi-nlm-nih-gov.bucm.idm.oclc.org,TRUE
pubmed-ncbi-nlm-nih-gov.ez30.periodicos.capes.gov.br,TRUE
pubmed-ncbi-nlm-nih-gov.mricd.idm.oclc.org,TRUE
pubmed-ncbi-nlm-nih-gov.proxy18.noblenet.org,TRUE
pubmed-ncbi-nlm-nih-gov.sts.netbib.ch,TRUE
sofi.com,TRUE
ssai.uat.usajobs.gov,TRUE
wdc-usda--rfrcdevs35.sandbox.my.site.com,TRUE
www-ncbi-nlm-nih-gov.ez16.periodicos.capes.gov.br,TRUE
www-ncbi-nlm-nih-gov.ez67.periodicos.capes.gov.br,TRUE
137.227.233.144,TRUE
161.55.85.72,TRUE
auth-fleets-fleetredi-stage.its.nlr.gov,TRUE
cde-us-east-1.awsprod.nlm.nih.gov,TRUE
cidr-webpub.train.econ.census.gov,TRUE
cnap-latest-version-stage.apps.nhlbi.nih.gov,TRUE
code-usgs-gov.unh.idm.oclc.org,TRUE
consularone--cmesandbox.sandbox.my.site.com,TRUE
cpsi.ahrq.gov,TRUE
dabdsearch.irp.nia.nih.gov,TRUE
harveynorman.co.uk,TRUE
hothcms.health.mil,TRUE
icedepartment.org,TRUE
pmc-ncbi-nlm-nih-gov.cedarville.ohionet.org,TRUE
pmc-ncbi-nlm-nih-gov.lp.hscl.ufl.edu,TRUE
pubmed-ncbi-nlm-nih-gov.dmu.idm.oclc.org,TRUE
pubmed-ncbi-nlm-nih-gov.sacredheart.idm.oclc.org,TRUE
service.com.au,TRUE
users-affiliates.fnal.gov,TRUE
visura.pro,TRUE
volantinolidl.it,TRUE
woolandthegang.com,TRUE
aasldpubs.onlinelibrary.wiley.com,TRUE
acquia-dev-fra.dot.gov,TRUE
beta.clinicaltrials.gov,TRUE
c212.net,TRUE
ee.mwp.usembassy.gov,TRUE
financialaidtoolkit.fsa.mrd,TRUE
gs674-sep.ccmc.gsfc.nasa.gov,TRUE
links-2.govdelivery.com,TRUE
midc.nlr.gov,TRUE
pave.niaidawsqa.net,TRUE
pmc-ncbi-nlm-nih-gov.ez261.periodicos.capes.gov.br,TRUE
pmc-ncbi-nlm-nih-gov.libezproxy2.syr.edu,TRUE
pmc-ncbi-nlm-nih-gov.libroxy.yonsei.ac.kr,TRUE
pubmed-1ncbi-1nlm-1nih-1gov-1nb5yeidg044b.hanproxy.cm-uj.krakow.pl,TRUE
pubmed-1ncbi-1nlm-1nih-1gov-1nb5yeimn024b.hanproxy.cm-uj.krakow.pl,TRUE
pubmed-ncbi-nlm-nih-gov.ezproxy.lib.ou.edu,TRUE
pubmed-ncbi-nlm-nih-gov.shsu.idm.oclc.org,TRUE
pubmed-ncbi-nlm-nih-gov.yuanhosp.flysheet.com.tw,TRUE
uat.juvenilecouncil.ojp.gov,TRUE
users.lc.llnl.gov,TRUE
www-ncbi-nlm-nih-gov.byu.idm.oclc.org,TRUE
ellsworth.af.mil,TRUE
www570.imsweb.com,TRUE
account-ncbi-nlm-nih-gov.libproxy.lib.unc.edu,TRUE
account-ncbi-nlm-nih-gov.turing.library.northwestern.edu,TRUE
akadev4-ion-hhs.gov,TRUE
cms.csrc.test-e1a.nist.gov,TRUE
energyicorps.inl.gov,TRUE
filehippo.jp,TRUE
hothcd4.health.mil,TRUE
jrpass.com,TRUE
noaa.primo.exlibrisgroup.com,TRUE
origin-oceanview.pfeg.noaa.gov,TRUE
pmc-ncbi-nlm-nih-gov.courseinfo.wssu.edu,TRUE
pmc-ncbi-nlm-nih-gov.ezproxy.cad.univpm.it,TRUE
pmc-ncbi-nlm-nih-gov.kaplanmc.portium.org,TRUE
pubmed-1ncbi-1nlm-1nih-1gov-196v2rmzs027e.erproxy.cvtisr.sk,TRUE
pubmed-1ncbi-1nlm-1nih-1gov-1nb5yeidg0165.hanproxy.cm-uj.krakow.pl,TRUE
pubmed-ncbi-nlm-nih-gov-ssl.access.iccu.ac.kr,TRUE
pubmed-ncbi-nlm-nih-gov-ssl.access.yonsei.ac.kr,TRUE
pubmed-ncbi-nlm-nih-gov.ezproxy.csu.edu.au,TRUE
pubmed-ncbi-nlm-nih-gov.lehighcarboncc.idm.oclc.org,TRUE
ua.mwp.usembassy.gov,TRUE
www-ncbi-nlm-nih-gov.emedien.ub.uni-muenchen.de,TRUE
www-ncbi-nlm-nih-gov.ezproxy.umng.edu.co,TRUE
www-spc-noaa-gov.translate.goog,TRUE
yallamotor.com,TRUE
137.75.64.165,TRUE
account-ncbi-nlm-nih-gov.libproxy1.nus.edu.sg,TRUE
amser.org,TRUE
batdongsan.com.vn,TRUE
beva.onlinelibrary.wiley.com,TRUE
blm--sit.sandbox.my.site.com,TRUE
btsdev1.dev-ent.dev-dir.labor.gov,TRUE
c1-open.ctsu.org,TRUE
cliaconnect.opm.gov,TRUE
deva-iqrs.npdb.hrsa.gov,TRUE
fitaxsion.xyz,TRUE
ietresearch.onlinelibrary.wiley.com,TRUE
nevada.usgs.gov,TRUE
pmc-ncbi-nlm-nih-gov.ezproxy3.library.arizona.edu,TRUE
pmc-ncbi-nlm-nih-gov.libproxy.kbsmclib.co.kr,TRUE
pmc-ncbi-nlm-nih-gov.libproxy.uams.edu,TRUE
pmc-ncbi-nlm-nih-gov.online.uchc.edu,TRUE
pubmed-1ncbi-1nlm-1nih-1gov-12stghi2g629a.hanhosting.vakliteratuur.info,TRUE
pubmed-1ncbi-1nlm-1nih-1gov-1nb5yeidg0f31.hanproxy.cm-uj.krakow.pl,TRUE
pubmed-ncbi-nlm-nih-gov.ezproxysuf.flo.org,TRUE
pubmed-ncbi-nlm-nih-gov.sandiego.idm.oclc.org,TRUE
pubmed-ncbi-nlm-nih-gov.yorksj.idm.oclc.org,TRUE
testint.ice.gov,TRUE
thesydneyartstore.com.au,TRUE
128.150.221.92,TRUE
161.55.85.40,TRUE
account-ncbi-nlm-nih-gov.treadwell.idm.oclc.org,TRUE
bh.mwp.usembassy.gov,TRUE
biokdfprd02.ornl.gov,TRUE
data.fr.ditd.census.gov,TRUE
dev-forum.earthdata.nasa.gov,TRUE
eacoig-ec.secureocp.com,TRUE
eric-ed-gov.ezproxy.deltastate.edu,TRUE
jclinepi.com,TRUE
lpdaac-ops.cr.usgs.gov,TRUE
mcs.jobcorps.tools,TRUE
mercedesbenzstadium.com,TRUE
octrials.ha.nci.nih.gov,TRUE
om.wingie.com,TRUE
pds.lc.llnl.gov,TRUE
pickletrip.com,TRUE
pmc-ncbi-nlm-nih-gov.ez152.periodicos.capes.gov.br,TRUE
pmc-ncbi-nlm-nih-gov.ez75.periodicos.capes.gov.br,TRUE
pmc-ncbi-nlm-nih-gov.isnb.idm.oclc.org,TRUE
pmc-ncbi-nlm-nih-gov.proxy.lib.miamioh.edu,TRUE
postfiredebrisflow.usgs.gov,TRUE
pubmed-1ncbi-1nlm-1nih-1gov-1v67xgbpp001b.mhh.hh-han.com,TRUE
pubmed-ncbi-nlm-nih-gov.ez12.periodicos.capes.gov.br,TRUE
pubmed-ncbi-nlm-nih-gov.kb.ezproxy2.sg.ch,TRUE
pubmed-ncbi-nlm-nih-gov.proxyone.cth.org.tw,TRUE
pubmed.urp.elogim.com,TRUE
re-pre.dev2.cstreetsandbox.com,TRUE
shop.duke.edu,TRUE
singulart.com,TRUE
water.code-pages.usgs.gov,TRUE
wf.nicic.gov,TRUE
bmtflightphotos.af.mil,TRUE
0-www-ncbi-nlm-nih-gov.innopac.wits.ac.za,TRUE
161.55.85.43,TRUE
account-ncbi-nlm-nih-gov.bibliopass.unito.it,TRUE
account-ncbi-nlm-nih-gov.eres.library.manoa.hawaii.edu,TRUE
asett--asettuat.sandbox.my.site.com,TRUE
bltstg.epa.gov,TRUE
earth-gov.translate.goog,TRUE
jeanscene.co.uk,TRUE
mc-e4a871f7-bfac-4eb5-bed1-0883-cd.azurewebsites.net,TRUE
online-qa.fsi.state.gov,TRUE
pmc-ncbi-nlm-nih-gov.ez163.periodicos.capes.gov.br,TRUE
pmc-ncbi-nlm-nih-gov.ez370.periodicos.capes.gov.br,TRUE
pmc-ncbi-nlm-nih-gov.ezproxy.weizmann.ac.il,TRUE
pmc-ncbi-nlm-nih-gov.www2.lib.ku.edu,TRUE
preview-tsunami8.ncep.noaa.gov,TRUE
pubmed-ncbi-nlm-nih-gov.wv-o-ursus-proxy04.ursus.maine.edu,TRUE
sa-dcc-prd002-dp.studentaid.gov,TRUE
sc-srv.emsl.pnnl.gov,TRUE
tiendamia.cr,TRUE
tn.mwp.usembassy.gov,TRUE
varus.ua,TRUE
www-ed-gov.translate.goog,TRUE
www-gsa-gov.translate.goog,TRUE
www-ncbi-nlm-nih-gov.tudelft.idm.oclc.org,TRUE
www-trumplibrary-gov.translate.goog,TRUE
floathomes.com,TRUE
161.55.85.64,TRUE
abbottdiabetes.firstlight.am,TRUE
access8.qa.ginniemae.gov,TRUE
account-ncbi-nlm-nih-gov.myaccess.library.utoronto.ca,TRUE
ae.mwp.usembassy.gov,TRUE
agn.gt,TRUE
aldiwan.net,TRUE
d2viv8j1yllkc5.cloudfront.net,TRUE
federalist-6c4f707b-2c00-4cb1-9830-7e257dc44d03.sites.pages.cloud.gov,TRUE
gdo172.llnl.gov,TRUE
gh.mwp.usembassy.gov,TRUE
goes-noaa-gov.translate.goog,TRUE
images.stage.nasawestprime.com,TRUE
kz.wingie.com,TRUE
micronware.co.th,TRUE
pmc-ncbi-nlm-nih-gov.ez66.periodicos.capes.gov.br,TRUE
pmc-ncbi-nlm-nih-gov.ezproxy2.library.arizona.edu,TRUE
pmc-ncbi-nlm-nih-gov.suproxy.idm.oclc.org,TRUE
pranaair.com,TRUE
pubmed-ncbi-nlm-nih-gov.ccny.ezproxy.cuny.edu,TRUE
pubmed-ncbi-nlm-nih-gov.ez360.periodicos.capes.gov.br,TRUE
pubmed-ncbi-nlm-nih-gov.proxy.jbnu.ac.kr,TRUE
remoteassist.epa.gov,TRUE
srtr-stage.hdw.hrsa.gov,TRUE
stage.sss.gov,TRUE
wipo.int,TRUE
www-ncbi-nlm-nih-gov.libproxy.samsunghospital.com,TRUE
www-nsa-gov.translate.goog,TRUE
nrc.gov,TRUE
161.55.85.45,TRUE
akatest1-ion-hhs.gov,TRUE
capabilites-ornl-d10.pantheonsite.io,TRUE
coinsquare.com,TRUE
content.lc.llnl.gov,TRUE
d3ea5vh1r62xog.cloudfront.net,TRUE
fotokart.shop,TRUE
ge.qa.eisenhowerlibrary.gov,TRUE
maturitas.org,TRUE
nih3d-app-v2.threed.niaidprod.net,TRUE
pmc-ncbi-nlm-nih-gov.ez314.periodicos.capes.gov.br,TRUE
pmc-ncbi-nlm-nih-gov.manowar.tamucc.edu,TRUE
pmc-ncbi-nlm-nih-gov.pallas2.tcl.sc.edu,TRUE
pubmed-ncbi-nlm-nih-gov.sladenlibrary.hfhs.org,TRUE
qualitymag.com,TRUE
sklep.foteks.pl,TRUE
thrombosisresearch.com,TRUE
worldview.rurtech.ai,TRUE
wormhole.lc.llnl.gov,TRUE
wrh.noaa.gov,TRUE
www-26.firejobs.doi.gov,TRUE
www-ncbi-nlm-nih-gov-ssl.libproxy.amc.seoul.kr,TRUE
www-ncbi-nlm-nih-gov.bases-doc.univ-lorraine.fr,TRUE
www-ncbi-nlm-nih-gov.libraryproxy.quinnipiac.edu,TRUE
www-ncbi-nlm-nih-gov.usj-ezproxy.usj.edu,TRUE
laughlin.af.mil,TRUE
account-ncbi-nlm-nih-gov.ezproxy.utas.edu.au,TRUE
akatest2-ion-hhs.gov,TRUE
app.lc.llnl.gov,TRUE
bcsrj.com,TRUE
cfext.epa.gov,TRUE
elements.envato.com,TRUE
gdo-ai-agent-challenge.llnl.gov,TRUE
lpdaacaster.cr.usgs.gov,TRUE
mbpi.nsopw.gov,TRUE
mz.mwp.usembassy.gov,TRUE
nci60.cancer.gov,TRUE
ne.mwp.usembassy.gov,TRUE
pmc-ncbi-nlm-nih-gov.biblioteca.unimagdalena.edu.co,TRUE
pmc-ncbi-nlm-nih-gov.libproxy.vassar.edu,TRUE
pmc-ncbi-nlm-nih-gov.sccmedlib.remotexs.co,TRUE
pubmed-ncbi-nlm-nih-gov.erm.kfsyscc.org,TRUE
pubmed-ncbi-nlm-nih-gov.ez154.periodicos.capes.gov.br,TRUE
pubmed-ncbi-nlm-nih-gov.ezproxy.nord.no,TRUE
pubmed-ncbi-nlm-nih-gov.sri.idm.oclc.org,TRUE
qbpgraphbook-q.fdic.gov,TRUE
sams.grc.nasa.gov,TRUE
searchvertex-400990605.auto.earthdatacloud.nasa.gov,TRUE
studycatalog-qa.cancer.gov,TRUE
vinrcl.safercar.gov,TRUE
www-ncbi-nlm-nih-gov.ezproxy.uniandes.edu.co,TRUE
www-ttb-gov.translate.goog,TRUE
ndbc.noaa.gov,TRUE
www55.dev04.imsweb.com,TRUE
161.55.85.70,TRUE
184.32.123.204,TRUE
account-ncbi-nlm-nih-gov.autorpa.ntunhs.edu.tw,TRUE
akadev3-ion-hhs.gov,TRUE
akatest3-ion-hhs.gov,TRUE
at.npdb.hrsa.gov,TRUE
cosdna.com,TRUE
dodsandmcnair.com,TRUE
flightplanning.jpl.nasa.gov,TRUE
floats.staging.pmel.noaa.gov,TRUE
hothcoopcd1.tricare.mil,TRUE
kb.nicic.gov,TRUE
konyadogaltasevi.com,TRUE
lk.mwp.usembassy.gov,TRUE
nato-usmission-gov.translate.goog,TRUE
office1.bg,TRUE
pmc-ncbi-nlm-nih-gov.ezproxy4.library.arizona.edu,TRUE
pmc-ncbi-nlm-nih-gov.lib-e2.lib.ttu.edu,TRUE
pmc-ncbi-nlm-nih-gov.nwulib.idm.oclc.org,TRUE
polarwatch.star.nesdis.noaa.gov,TRUE
preprod.usphs.gov,TRUE
pubmed-ncbi-nlm-nih-gov.dickinson.idm.oclc.org,TRUE
pubmed-ncbi-nlm-nih-gov.ezp.sub.su.se,TRUE
pubs.rsna.org,TRUE
suitableshop.fi,TRUE
th.mwp.usembassy.gov,TRUE
uscis.my.site.com,TRUE
www-ncbi-nlm-nih-gov.libproxy.cha.ac.kr,TRUE
130.14.65.58,TRUE
161.55.85.35,TRUE
165.112.228.235,TRUE
adidas.kz,TRUE
airparts.aero,TRUE
ancadminstg.army.mil,TRUE
apps.lc.llnl.gov,TRUE
atlys.com,TRUE
buyacar.weelee.co.za,TRUE
energyicsstandards.inl.gov,TRUE
entrustadmin10.energy.gov,TRUE
eric-ed-gov.avoserv2.library.fordham.edu,TRUE
gapwebdev01.be-md.ncbi.nlm.nih.gov,TRUE
hivinfo-nih-gov.translate.goog,TRUE
hockerty.com,TRUE
logitravel.fr,TRUE
motocard.com,TRUE
nciadvocates.cancer.gov,TRUE
osha.prod.pace.dol.gov,TRUE
pmc-ncbi-nlm-nih-gov.eps.cc.ysu.edu,TRUE
pmc-ncbi-nlm-nih-gov.libproxy.troy.edu,TRUE
pmc-ncbi-nlm-nih-gov.ufpcanarias.idm.oclc.org,TRUE
pneus.be,TRUE
portal.epa.gov,TRUE
proxymule.com,TRUE
psychiatricnursing.org,TRUE
pubmed-ncbi-nlm-nih-gov.arclosrios.idm.oclc.org,TRUE
pubmed-ncbi-nlm-nih-gov.ez224.periodicos.capes.gov.br,TRUE
pubmed-ncbi-nlm-nih-gov.ezproxy.siena.edu,TRUE
qa.coralreef.noaa.gov,TRUE
querobrasil.com.br,TRUE
r0.genedigtech.cloud,TRUE
srcd.onlinelibrary.wiley.com,TRUE
thredup.com,TRUE
www-cacb-uscourts-gov.translate.goog,TRUE
www-ncbi-nlm-nih-gov.ezproxy.utlib.ut.ee,TRUE
jbcharleston.jb.mil,TRUE
zoro.com,TRUE
161.55.85.37,TRUE
161.55.85.98,TRUE
1997--2001-state-gov.translate.goog,TRUE
appdev4.ergcloud.com,TRUE
appeears.uat.earthdatacloud.nasa.gov,TRUE
blast-ncbi-nlm-nih-gov.colorado.idm.oclc.org,TRUE
blog.codere.mx,TRUE
dev2.cloud.benefeds.com,TRUE
dom-pubs.onlinelibrary.wiley.com,TRUE
genedigtech.cloud,TRUE
hmda-beta-eks.staging-regtech.aws.cfpb.gov,TRUE
ht.mwp.usembassy.gov,TRUE
izumi.jp,TRUE
jobs.lc.llnl.gov,TRUE
noaa.libapps.com,TRUE
nodis-dms.gsfc.nasa.gov,TRUE
office-com.jp,TRUE
ofmext.epa.gov,TRUE
pmc-ncbi-nlm-nih-gov.cmich.idm.oclc.org,TRUE
pmc-ncbi-nlm-nih-gov.ez6.periodicos.capes.gov.br,TRUE
pmc-ncbi-nlm-nih-gov.ezp.lib.cwu.edu,TRUE
pmc-ncbi-nlm-nih-gov.libra.cnu.ac.kr,TRUE
pmc-ncbi-nlm-nih-gov.proxy.tamuc.edu,TRUE
roguefitness.com,TRUE
test-hotline.aws.hhsoig.gov,TRUE
usi365.ro,TRUE
webfiddle.net,TRUE
ww1.voirserie.org,TRUE
www-ncbi-nlm-nih-gov.ez11.periodicos.capes.gov.br,TRUE
www-ncbi-nlm-nih-gov.lynchburg.idm.oclc.org,TRUE
incirlik.af.mil,TRUE
oig.usda.gov,TRUE
agcensus.usda.gov,TRUE
canvasfactory.com,TRUE
clinprst11.be-md.ncbi.nlm.nih.gov,TRUE
d21nys0bea94vv.cloudfront.net,TRUE
dis-waiver.cit.nih.gov,TRUE
edit-ohss.dhs.gov,TRUE
eric-ed-gov.ezai.ez.cwmars.org,TRUE
federalist-135262cb-bcd8-44b1-91fb-2a4b4e7a9a2f.sites.pages.cloud.gov,TRUE
gasb-admin.jdc.ao.dcn,TRUE
gate.ahram.org.eg,TRUE
pmc-ncbi-nlm-nih-gov.proxyonekel.flysheet.com.tw,TRUE
rms-staging.nas.nasa.gov,TRUE
tdcwpwwcwei01.ms.ca.npe,TRUE
wchh.onlinelibrary.wiley.com,TRUE
wdc-usda--rfcie2ef01.sandbox.my.site.com,TRUE
www-cdc-gov.offcampus.lib.washington.edu,TRUE
www-ncbi-nlm-nih-gov.bibproxy.kau.se,TRUE
www-ncbi-nlm-nih-gov.ez51.periodicos.capes.gov.br,TRUE
www-ncbi-nlm-nih-gov.proxy.dsmc.or.kr,TRUE
www-ncbi-nlm-nih-gov.proxy.unisanitas.edu.co,TRUE
dea.gov,TRUE
account-ncbi-nlm-nih-gov.recursosbiblioteca.unab.cl,TRUE
aeronauticsprojects.arc.nasa.gov,TRUE
airbnb.jp,TRUE
alexfactory.it,TRUE
api22.meetcarrot.com,TRUE
aslopubs.onlinelibrary.wiley.com,TRUE
buildsecurityin.us-cert.gov,TRUE
ceres-subset-dev-2.larc.nasa.gov,TRUE
clinicaltherapeutics.com,TRUE
leatherdatabase.la.psu.edu,TRUE
merkandi.us,TRUE
moeb-admin.jdc.ao.dcn,TRUE
mriqc.nimh.nih.gov,TRUE
nursingoutlook.org,TRUE
octrials-rpt.nci.nih.gov,TRUE
origin-alaskafisheries.noaa.gov,TRUE
pmc-ncbi-nlm-nih-gov.csub.idm.oclc.org,TRUE
pmc-ncbi-nlm-nih-gov.ezproxy.augsburg.edu,TRUE
pubmed-1ncbi-1nlm-1nih-1gov-1nb5yeidg0a70.hanproxy.cm-uj.krakow.pl,TRUE
pubmed-ncbi-nlm-nih-gov.mcejku.idm.oclc.org,TRUE
search.foia.gov,TRUE
sl-biodp.nci.nih.gov,TRUE
studycatalog-stage.cancer.gov,TRUE
technostock.com.ua,TRUE
usedcars.com,TRUE
vn-usembassy-gov.translate.goog,TRUE
weship.com,TRUE
www-medlineplus-gov.pbcls.idm.oclc.org,TRUE
www-nagb-gov.translate.goog,TRUE
huduser.gov,TRUE
mynavyhr.navy.mil,TRUE
140.90.107.16,TRUE
155.206.241.151,TRUE
account-ncbi-nlm-nih-gov.ezp1.lib.umn.edu,TRUE
account-ncbi-nlm-nih-gov.ezp2.lib.umn.edu,TRUE
alphanlrb.gov,TRUE
blog.router-switch.com,TRUE
cancertrialsfinder.cancer.gov,TRUE
clmapper.epa.gov,TRUE
do-usembassy-gov.translate.goog,TRUE
edit-staging-oig.dhs.gov,TRUE
globalcxca.cancer.gov,TRUE
ir.mwp.usembassy.gov,TRUE
itamarajunoticias.com.br,TRUE
pmc-ncbi-nlm-nih-gov.ez416.periodicos.capes.gov.br,TRUE
pmc-ncbi-nlm-nih-gov.ez44.periodicos.capes.gov.br,TRUE
pmc-ncbi-nlm-nih-gov.ezproxy.library.ubc.ca,TRUE
pmc-ncbi-nlm-nih-gov.proxy.westernu.edu,TRUE
pubmed-ncbi-nlm-nih-gov.gaelnomade-2.grenet.fr,TRUE
pubmed-ncbi-nlm-nih-gov.simsrad.net.ocs.mq.edu.au,TRUE
pubmed-ncbi-nlm-nih-gov.www.bibproxy.du.se,TRUE
researchoptimizer-qa.cancer.gov,TRUE
robin.hood-support.com,TRUE
seawifs.gsfc.nasa.gov,TRUE
talkingleaves.jobcorps.tools,TRUE
tosize.cz,TRUE
woodshole.er.usgs.gov,TRUE
www-reaganlibrary-gov.translate.goog,TRUE
casai.com,TRUE
165.112.140.110,TRUE
account-ncbi-nlm-nih-gov.library.capella.edu,TRUE
account-ncbi-nlm-nih-gov.shh.idm.oclc.org,TRUE
akastage-moms.gov,TRUE
bankeradvisor.com,TRUE
beta-econ.sns-beta.com,TRUE
blowoutmedical.com,TRUE
clicksign.com,TRUE
d3rid2x2f339fo.cloudfront.net,TRUE
endurancegroup.icu,TRUE
eric-ed-gov.ezproxy.csusm.edu,TRUE
eric-ed-gov.libweb.lib.utsa.edu,TRUE
estta.uspto.gov,TRUE
feedly.com,TRUE
healthcaredelivery.st.uat.imsweb.com,TRUE
my.mwp.usembassy.gov,TRUE
ncbiinsights-ncbi-nlm-nih-gov.translate.goog,TRUE
pmc-ncbi-nlm-nih-gov.accesdistant.sorbonne-universite.fr,TRUE
pmc-ncbi-nlm-nih-gov.ajinomoto.remotexs.co,TRUE
pmc-ncbi-nlm-nih-gov.bvsp2.idm.oclc.org,TRUE
pmc-ncbi-nlm-nih-gov.libproxy.cgh.org.tw,TRUE
pmc-ncbi-nlm-nih-gov.mutex.gmu.edu,TRUE
pubmed-ncbi-nlm-nih-gov.cookman.idm.oclc.org,TRUE
pubmed-ncbi-nlm-nih-gov.lib.bismarckstate.edu,TRUE
pubmed-ncbi-nlm-nih-gov.msm.idm.oclc.org,TRUE
pubmed-ncbi-nlm-nih-gov.naharia.portium.org,TRUE
reportfraud-ftc-gov.translate.goog,TRUE
search.lxi.edu.vn,TRUE
www-ncbi-nlm-nih-gov.libproxy.tuni.fi,TRUE
getninjas.com.br,TRUE
070411fe-1dce-42c5-9d9c-770cca735608.probo.itcon.dev,TRUE
account-ncbi-nlm-nih-gov.autorpa.cmu.edu.tw,TRUE
acis-eoir-justice-gov.translate.goog,TRUE
activo.jp,TRUE
c00l.keshabkafle.com.np,TRUE
d1glmld68st397.cloudfront.net,TRUE
devphenology.cr.usgs.gov,TRUE
espanol.cdc.gov,TRUE
findingaids.awsqa.nlm.nih.gov,TRUE
fr-usembassy-gov.translate.goog,TRUE
gaystore.fr,TRUE
hmda.vigi.digital,TRUE
id.nicic.gov,TRUE
jp.mercari.com,TRUE
knownpredators.com.au,TRUE
magsstore.com,TRUE
oceanwatch.aoml.noaa.gov,TRUE
otsdaq.fnal.gov,TRUE
pmc-ncbi-nlm-nih-gov.nsula.idm.oclc.org,TRUE
pubmed-ncbi-nlm-nih-gov.ac.idm.oclc.org,TRUE
pubmed-ncbi-nlm-nih-gov.khalifa.idm.oclc.org,TRUE
pubmed-ncbi-nlm-nih-gov.proxy.library.georgetown.edu,TRUE
qonto.com,TRUE
sgsu-vhptools1.usgs.gov,TRUE
sites-e.larc.nasa.gov,TRUE
surveillance-cancer.st.uat.imsweb.com,TRUE
www-01.eftps.com,TRUE
www-ncbi-nlm-nih-gov.rrh.idm.oclc.org,TRUE
31stmeu.marines.mil,TRUE
holloman.af.mil,TRUE
account-ncbi-nlm-nih-gov.proxy.unibs.it,TRUE
azhrsautl9.amer.reisystems.com,TRUE
battery-size-classes-reopt-stage.its.nlr.gov,TRUE
boticario.com.br,TRUE
ctprs-prs-web--om-refactor.ocpdev-be.p2gate.ncbi.nlm.nih.gov,TRUE
dtf.market,TRUE
femadisasterworkforce.usajobs.gov,TRUE
intrac.wma.chs.usgs.gov,TRUE
labels.preprod.fda.gov,TRUE
miansai.com,TRUE
motoshopitalia.com,TRUE
msepjobs.pre.militaryonesource.mil,TRUE
mycarforum.com,TRUE
nlm.proxyusc.elogim.com,TRUE
pedneur.com,TRUE
pmc-ncbi-nlm-nih-gov.chapman.idm.oclc.org,TRUE
pmc-ncbi-nlm-nih-gov.libezproxy.must.edu.mo,TRUE
pmc-ncbi-nlm-nih-gov.libraryresources.columbiasouthern.edu,TRUE
pmc-ncbi-nlm-nih-gov.proxy.kennesaw.edu,TRUE
pmc-ncbi-nlm-nih-gov.proxy.library.upei.ca,TRUE
propertyupdate.com.au,TRUE
pubmed-ncbi-nlm-nih-gov.bbibliograficas.ucc.edu.co,TRUE
pubmed-ncbi-nlm-nih-gov.may.idm.oclc.org,TRUE
themoviespace.com,TRUE
training.mwp.usembassy.gov,TRUE
uat.facjj.ojp.gov,TRUE
uavdb.jpl.nasa.gov,TRUE
waterqualitydata.epa.gov,TRUE
www-nal-usda-gov.pbidi.unam.mx,TRUE
www-ncbi-nlm-nih-gov.access.semantak.com,TRUE
www-rd-usda-gov.translate.goog,TRUE
www-warren-af-mil.translate.goog,TRUE
newriver.marines.mil,TRUE
7810hl8om-mp03-y-https-pubmed-ncbi-nlm-nih-gov.proxy.lirn.net,TRUE
bps.fnal.gov,TRUE
chiqa-vip.nlm.nih.gov,TRUE
cmsprod03.int.cpsc,TRUE
coalition.dso.mil,TRUE
compareaprice.co.uk,TRUE
crexi.com,TRUE
cv.mwp.usembassy.gov,TRUE
demo-home.grantsolutions.gov,TRUE
eresources.utaipei.edu.tw,TRUE
greatbigcanvas.com,TRUE
hocho-knife.com,TRUE
id.mwp.usembassy.gov,TRUE
justice-us.cc,TRUE
marinedebris-noaa-gov.translate.goog,TRUE
militarka.com.ua,TRUE
mixbook.com,TRUE
mydeals365-au.com,TRUE
nmwa-development.dev-wma.chs.usgs.gov,TRUE
nwdc-development.dev-wma.chs.usgs.gov,TRUE
parisbasketball.com,TRUE
sibyltarot.com,TRUE
silwebsphered5.dev-ent.dev-dir.labor.gov,TRUE
www-ncbi-nlm-nih-gov.docelec.univ-lyon1.fr,TRUE
www-ncbi-nlm-nih-gov.uplib.idm.oclc.org,TRUE
marineband.marines.mil,TRUE
account-ncbi-nlm-nih-gov.ejournal.mahidol.ac.th,TRUE
advocacy.gospringboard.io,TRUE
aiche.onlinelibrary.wiley.com,TRUE
ajmadison.com,TRUE
angell.jobcorps.tools,TRUE
bm-consulate.mwp.usembassy.gov,TRUE
csrc.test-e1a.nist.gov,TRUE
doorvel.com,TRUE
education.despla.in,TRUE
fordlibrarymuseum.tumblr.com,TRUE
itdashboard.gov,TRUE
neighbor.com,TRUE
pmc-ncbi-nlm-nih-gov.ez127.periodicos.capes.gov.br,TRUE
pmc-ncbi-nlm-nih-gov.ezproxy.elib11.ub.unimaas.nl,TRUE
pmc-ncbi-nlm-nih-gov.ezproxy.hnu.de,TRUE
pmc-ncbi-nlm-nih-gov.hksyu.idm.oclc.org,TRUE
pmc-ncbi-nlm-nih-gov.kpsom.idm.oclc.org,TRUE
priceline.com,TRUE
pubmed-1ncbi-1nlm-1nih-1gov-1v67xgbzd0023.mhh.hh-han.com,TRUE
pubmed-ncbi-nlm-nih-gov.biblioiucpq.idm.oclc.org,TRUE
pubmed-ncbi-nlm-nih-gov.libproxy.uww.edu,TRUE
test-childwelfare.cwigng.com,TRUE
trade-sat.cbp.dhs.gov,TRUE
vip-vems-qa.powerappsportals.us,TRUE
waveapps.com,TRUE
wol-prod-cdn.literatumonline.com,TRUE
www-clintonlibrary-gov.translate.goog,TRUE
www-ncbi-nlm-nih-gov.cedarcrestcollege.idm.oclc.org,TRUE
ytjobs.co,TRUE
ziptoss.com,TRUE
38a17d74-1499-4584-993d-ecb80c0fec25--pr-275.probo.itcon.dev,TRUE
account-ncbi-nlm-nih-gov.gorgone.univ-toulouse.fr,TRUE
account-ncbi-nlm-nih-gov.proxy3.library.mcgill.ca,TRUE
aglab-staging.arsnet.usda.gov,TRUE
careers-cbp-gov.translate.goog,TRUE
cbp-hrm--crsrcrtuat.sandbox.live-preview.salesforce-experience.com,TRUE
egypt.yallamotor.com,TRUE
eric-ed-gov-ssl.access.yonsei.ac.kr,TRUE
fam-state-gov.translate.goog,TRUE
hothcd7.health.mil,TRUE
internal-camera-dev-alb-69648128.us-east-1.elb.amazonaws.com,TRUE
legacy-dash-uat.cit.nih.gov,TRUE
minerals.usgs.gov,TRUE
monsternotebook.com.tr,TRUE
nccoe-ai-identity-58128f.ipages.nist.gov,TRUE
pmc-ncbi-nlm-nih-gov.hpu.idm.oclc.org,TRUE
prodsqlfoia.ncua.lan,TRUE
pubmed-ncbi-nlm-nih-gov.pire.idm.oclc.org,TRUE
pubmed-ncbi-nlm-nih-gov.shal.idm.oclc.org,TRUE
pubmed-ncbi-nlm-nih-gov.toyaku.idm.oclc.org,TRUE
pubmed-ncbi-nlm-nih-gov.wvclibrary.idm.oclc.org,TRUE
sbtjapan.com,TRUE
services.occ.treas.gov,TRUE
smart-ojp-gov.translate.goog,TRUE
staging-drupal-habsos.woc.noaa.gov,TRUE
tribute.gcn.militaryonesource.mil,TRUE
tyres.net,TRUE
webprodadmin.fmshrc.gov,TRUE
www-ornl-gov.translate.goog,TRUE